ano,mes,data,regiao,uf,cidade,temperatura_media,temperatura_maxima,temperatura_minima,chuva_mm,umidade,velocidade_vento,eventos_extremos,nivel_alerta
2015,1,2015-01-01,Norte,AM,Manaus,27.9,34.7,22.5,16.3,42.8,31.5,1,Alto
2015,1,2015-01-01,Norte,PA,Belém,24.4,28.1,17.9,96.5,74.9,33.6,2,Médio
2015,1,2015-01-01,Norte,PA,Santarém,21.1,24.9,17.5,155.3,86.6,3.5,0,Crítico
2015,1,2015-01-01,Norte,RO,Porto Velho,25.5,29.7,21.3,137.5,89.3,16.7,1,Baixo
2015,1,2015-01-01,Norte,TO,Palmas,23.2,30.2,17.6,202.1,46.4,16.4,2,Médio
2015,1,2015-01-01,Nordeste,BA,Salvador,24.2,31.7,21.0,74.4,58.2,34.3,3,Crítico
2015,1,2015-01-01,Nordeste,BA,Feira de Santana,22.9,27.9,19.5,97.3,68.3,26.6,2,Alto
2015,1,2015-01-01,Nordeste,PE,Recife,34.5,40.0,29.6,44.6,69.1,2.1,3,Baixo
2015,1,2015-01-01,Nordeste,PE,Jaboatão dos Guararapes,29.0,35.2,22.2,127.3,51.9,34.6,4,Alto
2015,1,2015-01-01,Nordeste,CE,Fortaleza,25.0,32.0,19.7,142.2,71.0,33.7,3,Baixo
2015,1,2015-01-01,Nordeste,CE,Juazeiro do Norte,27.3,31.3,22.1,94.0,53.1,3.8,0,Alto
2015,1,2015-01-01,Nordeste,MA,São Luís,30.5,37.8,26.8,116.2,36.0,27.6,0,Alto
2015,1,2015-01-01,Nordeste,PB,João Pessoa,24.7,31.6,21.1,101.2,50.6,11.7,2,Médio
2015,1,2015-01-01,Centro-Oeste,DF,Brasília,30.0,36.9,24.9,169.6,58.2,2.2,0,Médio
2015,1,2015-01-01,Centro-Oeste,GO,Goiânia,24.5,27.8,18.7,122.4,79.7,12.3,0,Médio
2015,1,2015-01-01,Centro-Oeste,GO,Aparecida de Goiânia,29.1,35.8,24.5,104.5,74.9,21.4,3,Médio
2015,1,2015-01-01,Centro-Oeste,MT,Cuiabá,15.5,19.2,10.5,34.9,57.2,17.4,2,Alto
2015,1,2015-01-01,Centro-Oeste,MS,Campo Grande,19.4,26.3,13.8,80.3,42.9,23.7,3,Médio
2015,1,2015-01-01,Sudeste,SP,São Paulo,28.8,36.5,22.1,35.8,89.2,33.8,4,Alto
2015,1,2015-01-01,Sudeste,SP,Campinas,26.2,30.2,23.0,97.5,39.8,17.4,0,Alto
2015,1,2015-01-01,Sudeste,SP,Ribeirão Preto,21.6,24.7,18.5,25.4,38.8,5.2,0,Baixo
2015,1,2015-01-01,Sudeste,RJ,Rio de Janeiro,23.7,27.0,19.0,170.6,75.3,27.8,0,Crítico
2015,1,2015-01-01,Sudeste,RJ,Niterói,31.4,36.8,26.4,143.1,80.1,15.5,1,Crítico
2015,1,2015-01-01,Sudeste,RJ,Nova Iguaçu,29.1,32.8,22.8,145.1,89.3,9.0,3,Baixo
2015,1,2015-01-01,Sudeste,RJ,Petrópolis,31.4,34.5,26.0,63.1,42.2,2.1,2,Alto
2015,1,2015-01-01,Sudeste,MG,Belo Horizonte,23.4,29.2,17.5,50.5,89.9,17.6,2,Baixo
2015,1,2015-01-01,Sudeste,MG,Uberlândia,25.2,32.1,21.8,44.7,90.2,32.8,1,Médio
2015,1,2015-01-01,Sudeste,MG,Juiz de Fora,31.1,38.0,25.0,175.5,49.7,4.9,3,Baixo
2015,1,2015-01-01,Sudeste,ES,Vitória,28.1,33.2,23.9,92.9,36.3,13.4,3,Alto
2015,1,2015-01-01,Sudeste,ES,Vila Velha,27.5,32.6,21.7,105.9,41.6,15.4,2,Alto
2015,1,2015-01-01,Sudeste,ES,Serra,27.9,31.9,24.6,62.2,82.9,25.9,0,Crítico
2015,1,2015-01-01,Sul,PR,Curitiba,27.8,34.7,23.8,64.4,52.0,22.9,1,Médio
2015,1,2015-01-01,Sul,PR,Londrina,22.4,29.9,18.5,57.3,86.8,23.4,0,Crítico
2015,1,2015-01-01,Sul,SC,Florianópolis,29.7,37.0,24.8,77.3,73.7,16.6,2,Baixo
2015,1,2015-01-01,Sul,SC,Joinville,30.2,34.1,26.4,118.7,65.7,27.2,1,Baixo
2015,1,2015-01-01,Sul,RS,Porto Alegre,29.6,37.1,24.8,76.3,48.6,4.0,4,Crítico
2015,1,2015-01-01,Sul,RS,Caxias do Sul,18.7,25.4,13.6,53.0,72.0,16.6,1,Crítico
2015,2,2015-02-01,Norte,AM,Manaus,22.1,27.3,18.3,45.6,83.1,19.4,1,Médio
2015,2,2015-02-01,Norte,PA,Belém,20.1,27.8,15.6,188.7,85.5,31.9,0,Baixo
2015,2,2015-02-01,Norte,PA,Santarém,26.1,33.6,19.4,97.7,78.0,34.9,5,Médio
2015,2,2015-02-01,Norte,RO,Porto Velho,23.5,26.9,17.9,90.0,37.7,8.2,0,Crítico
2015,2,2015-02-01,Norte,TO,Palmas,22.6,30.1,18.9,79.4,60.9,17.6,2,Baixo
2015,2,2015-02-01,Nordeste,BA,Salvador,26.2,32.7,21.1,172.9,66.0,20.3,3,Crítico
2015,2,2015-02-01,Nordeste,BA,Feira de Santana,27.9,31.4,23.4,230.9,51.0,10.5,1,Médio
2015,2,2015-02-01,Nordeste,PE,Recife,25.7,31.2,21.3,54.9,62.0,8.3,3,Alto
2015,2,2015-02-01,Nordeste,PE,Jaboatão dos Guararapes,20.1,26.2,16.1,252.6,35.7,21.9,2,Baixo
2015,2,2015-02-01,Nordeste,CE,Fortaleza,29.5,34.4,25.2,77.2,58.3,8.1,1,Baixo
2015,2,2015-02-01,Nordeste,CE,Juazeiro do Norte,24.0,28.2,18.5,183.5,46.1,10.1,2,Crítico
2015,2,2015-02-01,Nordeste,MA,São Luís,26.7,33.0,21.3,83.2,78.4,34.0,0,Baixo
2015,2,2015-02-01,Nordeste,PB,João Pessoa,20.0,27.2,15.1,28.2,96.4,6.6,3,Médio
2015,2,2015-02-01,Centro-Oeste,DF,Brasília,34.0,40.7,27.1,96.1,75.5,12.2,0,Baixo
2015,2,2015-02-01,Centro-Oeste,GO,Goiânia,26.1,32.1,22.7,83.1,56.3,32.2,2,Baixo
2015,2,2015-02-01,Centro-Oeste,GO,Aparecida de Goiânia,31.6,37.4,28.4,314.4,87.6,31.9,1,Crítico
2015,2,2015-02-01,Centro-Oeste,MT,Cuiabá,21.6,27.9,17.4,37.7,58.8,15.3,4,Baixo
2015,2,2015-02-01,Centro-Oeste,MS,Campo Grande,28.8,33.0,25.6,37.5,40.3,12.1,4,Alto
2015,2,2015-02-01,Sudeste,SP,São Paulo,24.1,29.1,17.5,123.7,69.9,31.9,3,Baixo
2015,2,2015-02-01,Sudeste,SP,Campinas,31.0,34.0,26.4,154.1,96.0,17.5,1,Alto
2015,2,2015-02-01,Sudeste,SP,Ribeirão Preto,22.7,28.9,17.0,37.9,56.6,34.3,3,Alto
2015,2,2015-02-01,Sudeste,RJ,Rio de Janeiro,22.8,29.5,16.1,124.5,35.2,32.2,1,Crítico
2015,2,2015-02-01,Sudeste,RJ,Niterói,39.3,45.4,33.4,46.9,38.4,21.1,4,Crítico
2015,2,2015-02-01,Sudeste,RJ,Nova Iguaçu,28.5,33.6,23.4,54.0,52.8,21.0,2,Médio
2015,2,2015-02-01,Sudeste,RJ,Petrópolis,25.0,30.6,19.5,77.1,88.3,19.4,4,Alto
2015,2,2015-02-01,Sudeste,MG,Belo Horizonte,31.0,34.4,24.1,122.1,88.1,31.0,4,Crítico
2015,2,2015-02-01,Sudeste,MG,Uberlândia,25.7,29.3,22.2,40.3,44.2,17.4,1,Alto
2015,2,2015-02-01,Sudeste,MG,Juiz de Fora,31.2,34.2,24.5,80.0,53.2,2.2,1,Médio
2015,2,2015-02-01,Sudeste,ES,Vitória,22.3,26.3,16.7,77.9,42.1,2.2,4,Crítico
2015,2,2015-02-01,Sudeste,ES,Vila Velha,28.8,34.4,25.4,44.9,74.1,29.1,0,Médio
2015,2,2015-02-01,Sudeste,ES,Serra,26.3,30.4,19.5,149.2,80.0,24.7,1,Alto
2015,2,2015-02-01,Sul,PR,Curitiba,18.3,22.5,12.1,84.4,41.3,20.1,1,Baixo
2015,2,2015-02-01,Sul,PR,Londrina,26.0,32.8,21.5,215.0,82.9,10.4,0,Médio
2015,2,2015-02-01,Sul,SC,Florianópolis,19.2,23.9,14.3,108.5,37.0,8.2,1,Baixo
2015,2,2015-02-01,Sul,SC,Joinville,22.1,28.1,18.3,84.3,59.0,17.7,2,Crítico
2015,2,2015-02-01,Sul,RS,Porto Alegre,19.6,26.9,16.3,23.8,84.2,34.5,1,Crítico
2015,2,2015-02-01,Sul,RS,Caxias do Sul,30.5,38.4,23.7,96.3,80.4,31.6,1,Alto
2015,3,2015-03-01,Norte,AM,Manaus,19.4,23.8,14.7,194.2,53.6,15.0,1,Crítico
2015,3,2015-03-01,Norte,PA,Belém,22.4,26.6,17.1,104.8,78.0,17.5,6,Médio
2015,3,2015-03-01,Norte,PA,Santarém,28.2,32.5,22.7,90.7,67.9,32.7,0,Baixo
2015,3,2015-03-01,Norte,RO,Porto Velho,25.2,32.4,18.3,30.9,52.0,11.6,0,Médio
2015,3,2015-03-01,Norte,TO,Palmas,27.2,30.4,23.9,74.2,83.5,10.4,2,Baixo
2015,3,2015-03-01,Nordeste,BA,Salvador,26.1,31.3,20.0,247.0,75.0,6.5,5,Baixo
2015,3,2015-03-01,Nordeste,BA,Feira de Santana,30.1,36.2,24.2,209.2,52.1,16.7,4,Baixo
2015,3,2015-03-01,Nordeste,PE,Recife,28.0,34.3,23.7,37.0,95.8,17.1,2,Baixo
2015,3,2015-03-01,Nordeste,PE,Jaboatão dos Guararapes,17.5,21.5,10.7,66.2,38.8,4.0,5,Baixo
2015,3,2015-03-01,Nordeste,CE,Fortaleza,32.6,40.4,28.4,177.7,87.4,29.3,1,Crítico
2015,3,2015-03-01,Nordeste,CE,Juazeiro do Norte,23.9,27.4,20.3,239.6,71.1,28.9,2,Baixo
2015,3,2015-03-01,Nordeste,MA,São Luís,25.4,30.6,21.1,50.6,44.0,29.5,2,Baixo
2015,3,2015-03-01,Nordeste,PB,João Pessoa,26.0,32.6,20.3,142.6,64.9,24.5,2,Baixo
2015,3,2015-03-01,Centro-Oeste,DF,Brasília,23.7,31.7,18.4,91.5,40.7,13.8,1,Crítico
2015,3,2015-03-01,Centro-Oeste,GO,Goiânia,30.2,36.7,24.5,44.4,41.8,13.7,1,Crítico
2015,3,2015-03-01,Centro-Oeste,GO,Aparecida de Goiânia,25.3,31.0,19.3,153.2,78.5,11.6,1,Crítico
2015,3,2015-03-01,Centro-Oeste,MT,Cuiabá,24.4,31.2,20.4,29.2,62.3,18.1,1,Alto
2015,3,2015-03-01,Centro-Oeste,MS,Campo Grande,28.5,32.5,23.6,208.2,66.6,26.2,4,Baixo
2015,3,2015-03-01,Sudeste,SP,São Paulo,27.2,30.6,21.4,122.4,79.5,26.7,1,Baixo
2015,3,2015-03-01,Sudeste,SP,Campinas,23.8,30.2,18.0,155.2,57.5,17.0,2,Médio
2015,3,2015-03-01,Sudeste,SP,Ribeirão Preto,31.7,37.4,25.2,137.3,76.3,27.4,2,Baixo
2015,3,2015-03-01,Sudeste,RJ,Rio de Janeiro,22.9,28.4,19.1,107.3,44.3,8.7,2,Médio
2015,3,2015-03-01,Sudeste,RJ,Niterói,30.4,37.8,26.8,119.7,35.2,16.7,4,Médio
2015,3,2015-03-01,Sudeste,RJ,Nova Iguaçu,30.0,35.0,25.2,59.5,35.0,19.9,0,Alto
2015,3,2015-03-01,Sudeste,RJ,Petrópolis,23.1,26.7,19.1,135.1,80.3,9.2,0,Baixo
2015,3,2015-03-01,Sudeste,MG,Belo Horizonte,22.5,26.0,16.0,147.6,62.0,34.4,5,Médio
2015,3,2015-03-01,Sudeste,MG,Uberlândia,30.4,37.8,24.3,21.7,79.4,17.4,0,Médio
2015,3,2015-03-01,Sudeste,MG,Juiz de Fora,22.9,29.2,17.3,127.8,65.2,30.8,1,Médio
2015,3,2015-03-01,Sudeste,ES,Vitória,22.3,28.7,18.2,89.5,49.7,3.5,2,Baixo
2015,3,2015-03-01,Sudeste,ES,Vila Velha,28.0,33.8,22.8,68.5,60.5,26.7,1,Médio
2015,3,2015-03-01,Sudeste,ES,Serra,23.1,28.4,17.8,122.7,55.7,14.0,2,Alto
2015,3,2015-03-01,Sul,PR,Curitiba,27.4,34.5,21.8,325.6,76.2,21.2,3,Baixo
2015,3,2015-03-01,Sul,PR,Londrina,27.6,30.7,23.5,70.5,94.9,7.8,0,Alto
2015,3,2015-03-01,Sul,SC,Florianópolis,22.5,27.2,19.0,38.6,68.1,13.3,1,Alto
2015,3,2015-03-01,Sul,SC,Joinville,23.4,28.2,20.3,173.4,81.3,16.8,3,Médio
2015,3,2015-03-01,Sul,RS,Porto Alegre,33.5,36.9,26.6,304.9,60.4,4.6,0,Baixo
2015,3,2015-03-01,Sul,RS,Caxias do Sul,17.3,23.1,10.3,156.1,90.9,10.6,3,Médio
2015,4,2015-04-01,Norte,AM,Manaus,26.7,31.1,21.9,36.6,78.3,9.8,4,Médio
2015,4,2015-04-01,Norte,PA,Belém,28.9,35.5,23.5,102.9,74.1,32.6,2,Alto
2015,4,2015-04-01,Norte,PA,Santarém,22.1,29.0,17.1,92.5,35.6,26.8,0,Baixo
2015,4,2015-04-01,Norte,RO,Porto Velho,22.8,27.1,17.5,75.3,76.3,32.6,3,Médio
2015,4,2015-04-01,Norte,TO,Palmas,22.8,29.6,18.2,250.3,53.2,19.1,1,Baixo
2015,4,2015-04-01,Nordeste,BA,Salvador,21.9,28.3,17.8,86.4,90.4,4.5,0,Médio
2015,4,2015-04-01,Nordeste,BA,Feira de Santana,20.6,24.3,15.4,124.7,95.5,4.2,2,Crítico
2015,4,2015-04-01,Nordeste,PE,Recife,20.4,26.9,13.5,226.1,48.1,8.7,2,Baixo
2015,4,2015-04-01,Nordeste,PE,Jaboatão dos Guararapes,23.2,26.2,18.1,79.3,86.0,21.0,1,Alto
2015,4,2015-04-01,Nordeste,CE,Fortaleza,25.3,30.4,19.6,42.0,66.6,34.1,0,Baixo
2015,4,2015-04-01,Nordeste,CE,Juazeiro do Norte,26.5,34.1,23.2,126.5,92.9,29.7,1,Crítico
2015,4,2015-04-01,Nordeste,MA,São Luís,28.2,33.5,25.0,80.0,35.5,2.7,4,Crítico
2015,4,2015-04-01,Nordeste,PB,João Pessoa,34.4,41.4,28.7,119.9,40.3,25.1,5,Médio
2015,4,2015-04-01,Centro-Oeste,DF,Brasília,16.5,22.4,10.5,115.3,66.9,19.5,2,Crítico
2015,4,2015-04-01,Centro-Oeste,GO,Goiânia,23.1,29.2,17.1,105.3,64.5,21.8,1,Baixo
2015,4,2015-04-01,Centro-Oeste,GO,Aparecida de Goiânia,24.2,28.5,20.1,107.5,62.9,11.4,2,Baixo
2015,4,2015-04-01,Centro-Oeste,MT,Cuiabá,24.5,32.1,21.2,41.2,71.7,24.1,2,Alto
2015,4,2015-04-01,Centro-Oeste,MS,Campo Grande,31.3,34.7,26.7,24.9,49.8,2.8,2,Crítico
2015,4,2015-04-01,Sudeste,SP,São Paulo,32.3,36.0,29.0,88.9,37.3,13.1,2,Baixo
2015,4,2015-04-01,Sudeste,SP,Campinas,20.2,25.6,16.6,14.1,74.0,28.5,2,Baixo
2015,4,2015-04-01,Sudeste,SP,Ribeirão Preto,17.5,21.4,11.6,214.6,81.0,11.1,1,Baixo
2015,4,2015-04-01,Sudeste,RJ,Rio de Janeiro,28.5,34.0,23.7,118.0,43.9,28.9,4,Baixo
2015,4,2015-04-01,Sudeste,RJ,Niterói,25.7,29.0,19.7,35.9,57.0,8.8,4,Médio
2015,4,2015-04-01,Sudeste,RJ,Nova Iguaçu,27.1,34.3,21.3,73.0,69.2,18.1,2,Alto
2015,4,2015-04-01,Sudeste,RJ,Petrópolis,17.3,23.5,10.6,129.6,43.8,17.7,1,Alto
2015,4,2015-04-01,Sudeste,MG,Belo Horizonte,15.2,18.3,9.0,42.9,60.5,30.0,2,Crítico
2015,4,2015-04-01,Sudeste,MG,Uberlândia,27.4,35.1,21.9,109.3,63.0,3.2,2,Crítico
2015,4,2015-04-01,Sudeste,MG,Juiz de Fora,26.0,29.8,20.7,97.1,81.2,16.7,1,Médio
2015,4,2015-04-01,Sudeste,ES,Vitória,13.7,21.0,10.6,109.7,49.4,18.5,3,Crítico
2015,4,2015-04-01,Sudeste,ES,Vila Velha,24.7,30.8,18.9,63.6,93.1,26.9,3,Crítico
2015,4,2015-04-01,Sudeste,ES,Serra,24.4,29.6,20.5,102.1,72.6,33.6,3,Crítico
2015,4,2015-04-01,Sul,PR,Curitiba,27.2,30.9,21.1,117.9,92.3,19.0,1,Baixo
2015,4,2015-04-01,Sul,PR,Londrina,20.2,27.2,16.2,37.9,36.8,19.3,4,Alto
2015,4,2015-04-01,Sul,SC,Florianópolis,29.1,33.1,22.8,137.5,78.1,10.4,2,Baixo
2015,4,2015-04-01,Sul,SC,Joinville,21.5,27.8,15.1,28.8,50.4,28.3,0,Baixo
2015,4,2015-04-01,Sul,RS,Porto Alegre,26.6,30.2,21.3,157.8,65.7,31.6,1,Baixo
2015,4,2015-04-01,Sul,RS,Caxias do Sul,28.4,34.0,21.9,76.5,63.9,30.2,2,Crítico
2015,5,2015-05-01,Norte,AM,Manaus,22.7,25.9,17.2,72.1,51.2,2.8,6,Médio
2015,5,2015-05-01,Norte,PA,Belém,28.0,31.8,21.9,31.9,58.3,18.5,4,Baixo
2015,5,2015-05-01,Norte,PA,Santarém,24.4,28.5,19.5,164.8,74.9,24.0,2,Alto
2015,5,2015-05-01,Norte,RO,Porto Velho,22.0,26.7,15.5,89.7,94.5,24.9,2,Baixo
2015,5,2015-05-01,Norte,TO,Palmas,29.8,33.5,24.4,112.2,60.5,27.8,5,Alto
2015,5,2015-05-01,Nordeste,BA,Salvador,30.8,35.1,26.3,152.4,88.5,6.5,2,Alto
2015,5,2015-05-01,Nordeste,BA,Feira de Santana,23.8,29.4,19.8,49.8,51.2,18.4,2,Baixo
2015,5,2015-05-01,Nordeste,PE,Recife,26.0,31.6,22.9,136.2,57.1,11.8,6,Alto
2015,5,2015-05-01,Nordeste,PE,Jaboatão dos Guararapes,25.8,29.9,18.9,62.4,46.5,28.9,1,Crítico
2015,5,2015-05-01,Nordeste,CE,Fortaleza,35.7,41.1,31.6,192.7,86.3,16.9,3,Baixo
2015,5,2015-05-01,Nordeste,CE,Juazeiro do Norte,21.4,26.8,16.2,63.1,39.1,27.3,3,Alto
2015,5,2015-05-01,Nordeste,MA,São Luís,19.5,22.8,14.7,340.1,84.4,19.3,5,Médio
2015,5,2015-05-01,Nordeste,PB,João Pessoa,25.6,33.1,20.5,128.1,74.1,8.2,5,Crítico
2015,5,2015-05-01,Centro-Oeste,DF,Brasília,27.2,31.2,20.9,195.8,91.9,6.7,1,Médio
2015,5,2015-05-01,Centro-Oeste,GO,Goiânia,24.1,29.2,20.6,32.6,59.3,33.1,2,Crítico
2015,5,2015-05-01,Centro-Oeste,GO,Aparecida de Goiânia,18.7,24.1,13.7,69.6,60.3,32.2,1,Baixo
2015,5,2015-05-01,Centro-Oeste,MT,Cuiabá,25.4,31.3,19.2,59.9,51.0,31.6,2,Baixo
2015,5,2015-05-01,Centro-Oeste,MS,Campo Grande,26.8,30.8,22.0,68.4,76.4,25.8,2,Alto
2015,5,2015-05-01,Sudeste,SP,São Paulo,27.5,31.3,23.2,296.8,50.3,33.5,2,Alto
2015,5,2015-05-01,Sudeste,SP,Campinas,23.1,29.9,19.4,84.6,52.3,3.3,0,Alto
2015,5,2015-05-01,Sudeste,SP,Ribeirão Preto,26.8,32.9,23.4,79.6,50.9,9.3,2,Alto
2015,5,2015-05-01,Sudeste,RJ,Rio de Janeiro,29.1,33.9,25.7,105.8,63.1,18.7,0,Médio
2015,5,2015-05-01,Sudeste,RJ,Niterói,27.4,33.2,23.7,76.2,94.4,24.2,1,Baixo
2015,5,2015-05-01,Sudeste,RJ,Nova Iguaçu,21.9,27.9,16.5,62.0,36.3,28.6,3,Alto
2015,5,2015-05-01,Sudeste,RJ,Petrópolis,26.1,29.7,21.0,113.9,72.6,11.9,1,Alto
2015,5,2015-05-01,Sudeste,MG,Belo Horizonte,29.6,35.1,25.6,89.7,67.6,12.2,1,Crítico
2015,5,2015-05-01,Sudeste,MG,Uberlândia,16.5,20.6,12.8,97.5,96.4,6.5,3,Baixo
2015,5,2015-05-01,Sudeste,MG,Juiz de Fora,23.0,28.5,18.1,98.7,56.1,10.7,1,Médio
2015,5,2015-05-01,Sudeste,ES,Vitória,23.4,28.8,19.4,59.9,43.4,29.0,1,Baixo
2015,5,2015-05-01,Sudeste,ES,Vila Velha,29.3,36.1,25.7,167.8,57.0,9.2,2,Crítico
2015,5,2015-05-01,Sudeste,ES,Serra,20.5,25.4,15.2,105.3,40.2,18.3,3,Médio
2015,5,2015-05-01,Sul,PR,Curitiba,21.0,26.2,15.6,237.4,81.5,30.1,2,Médio
2015,5,2015-05-01,Sul,PR,Londrina,29.9,37.3,25.5,93.0,53.6,28.6,0,Alto
2015,5,2015-05-01,Sul,SC,Florianópolis,24.3,30.9,18.3,106.4,66.3,18.0,0,Médio
2015,5,2015-05-01,Sul,SC,Joinville,28.3,34.6,23.4,52.6,70.1,29.2,3,Médio
2015,5,2015-05-01,Sul,RS,Porto Alegre,27.3,31.3,23.5,80.7,90.5,25.0,3,Médio
2015,5,2015-05-01,Sul,RS,Caxias do Sul,24.5,28.3,19.2,77.2,56.9,11.0,3,Crítico
2015,6,2015-06-01,Norte,AM,Manaus,24.1,28.3,19.3,52.4,81.1,32.8,2,Médio
2015,6,2015-06-01,Norte,PA,Belém,28.8,35.0,22.7,34.4,92.7,10.1,2,Alto
2015,6,2015-06-01,Norte,PA,Santarém,11.5,15.7,6.8,73.4,72.0,21.8,4,Baixo
2015,6,2015-06-01,Norte,RO,Porto Velho,30.4,34.1,25.7,60.6,83.3,7.9,2,Baixo
2015,6,2015-06-01,Norte,TO,Palmas,28.9,31.9,22.5,84.5,35.0,10.6,2,Baixo
2015,6,2015-06-01,Nordeste,BA,Salvador,22.6,29.9,18.4,256.6,59.9,26.8,2,Alto
2015,6,2015-06-01,Nordeste,BA,Feira de Santana,25.3,32.2,20.3,117.2,82.4,10.5,0,Alto
2015,6,2015-06-01,Nordeste,PE,Recife,30.1,36.4,26.0,140.6,65.2,9.4,1,Baixo
2015,6,2015-06-01,Nordeste,PE,Jaboatão dos Guararapes,21.9,26.4,18.4,54.0,69.1,32.0,1,Alto
2015,6,2015-06-01,Nordeste,CE,Fortaleza,20.8,28.0,16.4,81.4,43.8,6.2,3,Médio
2015,6,2015-06-01,Nordeste,CE,Juazeiro do Norte,29.3,33.9,23.1,89.4,84.4,17.0,1,Médio
2015,6,2015-06-01,Nordeste,MA,São Luís,25.5,31.1,19.4,214.8,70.0,29.7,2,Médio
2015,6,2015-06-01,Nordeste,PB,João Pessoa,26.1,32.4,22.0,57.5,83.1,20.0,3,Crítico
2015,6,2015-06-01,Centro-Oeste,DF,Brasília,28.7,36.4,22.3,150.2,79.4,10.1,4,Médio
2015,6,2015-06-01,Centro-Oeste,GO,Goiânia,23.6,28.4,19.2,174.3,67.7,16.5,1,Médio
2015,6,2015-06-01,Centro-Oeste,GO,Aparecida de Goiânia,24.5,32.1,19.3,59.9,79.4,17.9,2,Médio
2015,6,2015-06-01,Centro-Oeste,MT,Cuiabá,24.0,31.3,20.9,91.9,51.9,5.0,2,Crítico
2015,6,2015-06-01,Centro-Oeste,MS,Campo Grande,25.2,30.3,21.9,15.9,63.6,7.8,1,Baixo
2015,6,2015-06-01,Sudeste,SP,São Paulo,21.1,28.7,15.0,111.0,74.7,22.5,1,Médio
2015,6,2015-06-01,Sudeste,SP,Campinas,25.8,32.3,20.2,280.0,41.7,10.3,4,Alto
2015,6,2015-06-01,Sudeste,SP,Ribeirão Preto,25.0,28.3,21.0,114.8,40.2,4.2,2,Médio
2015,6,2015-06-01,Sudeste,RJ,Rio de Janeiro,24.9,28.6,19.3,123.7,41.0,2.8,1,Alto
2015,6,2015-06-01,Sudeste,RJ,Niterói,27.4,34.2,20.9,162.7,84.2,33.2,3,Alto
2015,6,2015-06-01,Sudeste,RJ,Nova Iguaçu,33.4,39.6,29.4,50.3,96.7,7.5,2,Baixo
2015,6,2015-06-01,Sudeste,RJ,Petrópolis,28.3,32.8,23.1,28.6,65.3,14.9,0,Alto
2015,6,2015-06-01,Sudeste,MG,Belo Horizonte,25.0,32.0,18.8,22.7,65.1,8.9,5,Médio
2015,6,2015-06-01,Sudeste,MG,Uberlândia,24.9,29.2,21.4,52.5,94.4,24.5,1,Crítico
2015,6,2015-06-01,Sudeste,MG,Juiz de Fora,22.6,28.6,19.2,288.2,77.4,13.7,2,Baixo
2015,6,2015-06-01,Sudeste,ES,Vitória,23.0,26.5,18.2,91.7,84.6,26.8,4,Alto
2015,6,2015-06-01,Sudeste,ES,Vila Velha,28.6,31.8,25.3,44.8,70.7,32.6,1,Crítico
2015,6,2015-06-01,Sudeste,ES,Serra,27.0,33.3,21.1,126.4,55.3,25.4,3,Alto
2015,6,2015-06-01,Sul,PR,Curitiba,28.8,33.0,23.1,61.4,62.8,16.5,2,Baixo
2015,6,2015-06-01,Sul,PR,Londrina,21.1,25.8,15.2,138.1,44.7,25.0,3,Crítico
2015,6,2015-06-01,Sul,SC,Florianópolis,16.8,24.4,9.9,73.7,44.0,4.5,0,Crítico
2015,6,2015-06-01,Sul,SC,Joinville,21.9,28.3,16.2,165.6,68.2,7.0,2,Crítico
2015,6,2015-06-01,Sul,RS,Porto Alegre,28.2,34.2,21.9,58.0,74.3,16.9,1,Crítico
2015,6,2015-06-01,Sul,RS,Caxias do Sul,22.2,27.4,17.8,73.6,94.9,22.2,5,Baixo
2015,7,2015-07-01,Norte,AM,Manaus,17.2,22.9,10.7,52.6,62.5,31.9,2,Médio
2015,7,2015-07-01,Norte,PA,Belém,22.0,28.1,16.5,157.6,84.2,33.1,1,Baixo
2015,7,2015-07-01,Norte,PA,Santarém,20.7,25.1,17.2,137.6,53.8,9.2,3,Crítico
2015,7,2015-07-01,Norte,RO,Porto Velho,24.1,29.7,20.0,46.1,76.8,2.5,3,Crítico
2015,7,2015-07-01,Norte,TO,Palmas,26.1,30.1,22.2,144.7,59.3,18.9,0,Baixo
2015,7,2015-07-01,Nordeste,BA,Salvador,28.9,35.5,22.4,107.2,78.8,12.8,1,Baixo
2015,7,2015-07-01,Nordeste,BA,Feira de Santana,23.9,30.0,19.0,131.8,70.4,15.6,2,Alto
2015,7,2015-07-01,Nordeste,PE,Recife,24.6,29.1,20.8,19.1,83.7,3.7,3,Médio
2015,7,2015-07-01,Nordeste,PE,Jaboatão dos Guararapes,20.5,27.0,15.3,129.5,89.7,29.2,1,Crítico
2015,7,2015-07-01,Nordeste,CE,Fortaleza,27.7,31.6,21.7,221.6,57.4,6.3,3,Médio
2015,7,2015-07-01,Nordeste,CE,Juazeiro do Norte,30.0,35.0,26.6,245.7,68.8,16.1,2,Baixo
2015,7,2015-07-01,Nordeste,MA,São Luís,23.9,31.6,19.7,281.5,67.3,5.2,0,Alto
2015,7,2015-07-01,Nordeste,PB,João Pessoa,21.9,29.1,18.0,207.3,47.6,4.6,0,Baixo
2015,7,2015-07-01,Centro-Oeste,DF,Brasília,23.0,29.4,16.9,83.1,74.4,16.5,1,Baixo
2015,7,2015-07-01,Centro-Oeste,GO,Goiânia,24.1,27.1,18.6,89.0,85.4,34.5,1,Baixo
2015,7,2015-07-01,Centro-Oeste,GO,Aparecida de Goiânia,27.4,35.0,23.6,106.1,60.8,20.5,4,Crítico
2015,7,2015-07-01,Centro-Oeste,MT,Cuiabá,16.8,20.3,11.2,196.9,51.4,32.8,3,Médio
2015,7,2015-07-01,Centro-Oeste,MS,Campo Grande,17.5,24.5,12.5,193.9,46.1,28.3,2,Médio
2015,7,2015-07-01,Sudeste,SP,São Paulo,29.3,36.7,22.8,75.2,74.1,10.7,1,Crítico
2015,7,2015-07-01,Sudeste,SP,Campinas,23.6,29.0,17.8,81.9,36.5,23.5,3,Baixo
2015,7,2015-07-01,Sudeste,SP,Ribeirão Preto,27.2,32.2,20.4,57.3,46.6,34.0,5,Alto
2015,7,2015-07-01,Sudeste,RJ,Rio de Janeiro,21.9,26.3,17.8,40.7,90.6,17.3,1,Baixo
2015,7,2015-07-01,Sudeste,RJ,Niterói,21.1,28.9,15.3,88.3,48.3,33.4,2,Baixo
2015,7,2015-07-01,Sudeste,RJ,Nova Iguaçu,21.2,28.2,14.7,48.2,97.2,13.9,9,Crítico
2015,7,2015-07-01,Sudeste,RJ,Petrópolis,20.7,24.9,16.0,30.9,58.4,33.0,1,Alto
2015,7,2015-07-01,Sudeste,MG,Belo Horizonte,32.1,39.1,28.6,54.6,70.1,13.7,2,Baixo
2015,7,2015-07-01,Sudeste,MG,Uberlândia,22.0,28.5,15.6,77.5,65.5,5.5,7,Crítico
2015,7,2015-07-01,Sudeste,MG,Juiz de Fora,20.5,26.9,14.5,177.4,89.2,4.6,3,Crítico
2015,7,2015-07-01,Sudeste,ES,Vitória,31.8,38.2,26.1,112.6,38.7,19.1,2,Alto
2015,7,2015-07-01,Sudeste,ES,Vila Velha,25.9,29.6,19.5,161.6,63.8,4.6,3,Baixo
2015,7,2015-07-01,Sudeste,ES,Serra,19.6,22.8,16.2,162.6,40.0,13.2,1,Médio
2015,7,2015-07-01,Sul,PR,Curitiba,27.0,31.3,23.4,160.2,62.5,21.5,2,Crítico
2015,7,2015-07-01,Sul,PR,Londrina,23.6,27.0,17.8,67.1,39.2,17.2,3,Médio
2015,7,2015-07-01,Sul,SC,Florianópolis,20.9,28.8,15.3,30.5,50.3,6.3,0,Alto
2015,7,2015-07-01,Sul,SC,Joinville,23.2,30.9,17.5,61.9,89.8,16.7,1,Baixo
2015,7,2015-07-01,Sul,RS,Porto Alegre,23.8,26.9,17.5,127.4,56.4,29.0,1,Médio
2015,7,2015-07-01,Sul,RS,Caxias do Sul,26.2,32.3,23.1,72.4,38.8,8.1,2,Crítico
2015,8,2015-08-01,Norte,AM,Manaus,19.3,26.7,16.0,118.3,85.6,4.1,3,Médio
2015,8,2015-08-01,Norte,PA,Belém,28.8,36.5,25.7,174.5,81.6,17.8,4,Médio
2015,8,2015-08-01,Norte,PA,Santarém,21.0,27.7,14.6,70.7,91.6,11.0,1,Baixo
2015,8,2015-08-01,Norte,RO,Porto Velho,16.5,23.7,12.9,33.4,57.6,28.0,0,Alto
2015,8,2015-08-01,Norte,TO,Palmas,24.5,30.2,20.1,131.2,88.6,2.8,2,Alto
2015,8,2015-08-01,Nordeste,BA,Salvador,25.2,32.5,18.2,29.5,69.6,28.2,0,Médio
2015,8,2015-08-01,Nordeste,BA,Feira de Santana,29.3,32.8,26.3,29.7,95.1,32.3,4,Médio
2015,8,2015-08-01,Nordeste,PE,Recife,22.8,30.0,16.2,92.9,68.2,14.2,2,Crítico
2015,8,2015-08-01,Nordeste,PE,Jaboatão dos Guararapes,30.8,38.5,25.8,41.0,80.9,27.3,2,Alto
2015,8,2015-08-01,Nordeste,CE,Fortaleza,18.4,26.2,11.6,92.4,40.0,10.1,1,Crítico
2015,8,2015-08-01,Nordeste,CE,Juazeiro do Norte,23.3,30.8,17.4,138.8,76.1,13.6,4,Baixo
2015,8,2015-08-01,Nordeste,MA,São Luís,19.2,24.0,16.0,163.7,72.1,16.3,3,Crítico
2015,8,2015-08-01,Nordeste,PB,João Pessoa,23.0,30.0,19.4,34.5,67.6,26.0,1,Baixo
2015,8,2015-08-01,Centro-Oeste,DF,Brasília,19.2,25.1,16.2,66.1,37.9,15.8,4,Alto
2015,8,2015-08-01,Centro-Oeste,GO,Goiânia,31.5,36.4,26.8,99.7,55.7,3.7,2,Médio
2015,8,2015-08-01,Centro-Oeste,GO,Aparecida de Goiânia,32.5,37.1,29.4,56.3,59.7,8.2,6,Alto
2015,8,2015-08-01,Centro-Oeste,MT,Cuiabá,23.0,29.7,18.3,136.9,71.3,24.8,7,Alto
2015,8,2015-08-01,Centro-Oeste,MS,Campo Grande,21.3,28.3,17.3,164.8,73.8,33.8,2,Crítico
2015,8,2015-08-01,Sudeste,SP,São Paulo,29.7,37.3,23.8,117.3,52.4,28.4,1,Médio
2015,8,2015-08-01,Sudeste,SP,Campinas,24.2,29.1,19.3,199.4,64.5,28.3,1,Médio
2015,8,2015-08-01,Sudeste,SP,Ribeirão Preto,25.1,28.6,20.2,167.6,50.6,21.9,0,Alto
2015,8,2015-08-01,Sudeste,RJ,Rio de Janeiro,22.9,30.4,16.0,156.5,79.6,26.5,3,Baixo
2015,8,2015-08-01,Sudeste,RJ,Niterói,27.3,31.5,23.6,145.7,66.8,17.3,2,Baixo
2015,8,2015-08-01,Sudeste,RJ,Nova Iguaçu,14.5,18.1,8.1,123.7,61.6,32.2,0,Médio
2015,8,2015-08-01,Sudeste,RJ,Petrópolis,24.6,31.3,19.1,112.3,38.6,4.1,4,Baixo
2015,8,2015-08-01,Sudeste,MG,Belo Horizonte,25.9,29.5,20.0,141.1,38.5,10.0,2,Médio
2015,8,2015-08-01,Sudeste,MG,Uberlândia,21.6,26.3,16.0,78.5,65.9,21.6,6,Crítico
2015,8,2015-08-01,Sudeste,MG,Juiz de Fora,27.6,33.7,22.3,106.0,92.8,12.0,0,Médio
2015,8,2015-08-01,Sudeste,ES,Vitória,23.5,28.0,19.9,42.2,54.3,30.0,1,Médio
2015,8,2015-08-01,Sudeste,ES,Vila Velha,23.3,30.5,18.3,180.5,48.2,12.0,2,Crítico
2015,8,2015-08-01,Sudeste,ES,Serra,30.6,36.9,27.5,180.4,56.3,21.3,2,Médio
2015,8,2015-08-01,Sul,PR,Curitiba,23.7,30.9,17.6,58.5,50.0,6.4,3,Alto
2015,8,2015-08-01,Sul,PR,Londrina,30.8,36.9,24.9,78.7,55.2,15.3,5,Médio
2015,8,2015-08-01,Sul,SC,Florianópolis,25.1,32.9,20.2,133.4,51.0,34.8,1,Médio
2015,8,2015-08-01,Sul,SC,Joinville,12.8,19.7,9.0,132.0,75.5,16.5,3,Alto
2015,8,2015-08-01,Sul,RS,Porto Alegre,19.8,24.0,13.5,109.6,50.3,10.4,3,Baixo
2015,8,2015-08-01,Sul,RS,Caxias do Sul,20.5,24.6,16.5,140.2,40.4,12.6,5,Alto
2015,9,2015-09-01,Norte,AM,Manaus,20.4,27.5,14.1,49.1,91.1,15.9,3,Médio
2015,9,2015-09-01,Norte,PA,Belém,21.8,27.4,15.6,73.1,88.2,14.7,0,Alto
2015,9,2015-09-01,Norte,PA,Santarém,24.6,29.6,21.5,51.0,56.6,21.2,2,Baixo
2015,9,2015-09-01,Norte,RO,Porto Velho,18.8,22.8,13.8,102.7,96.0,21.0,2,Crítico
2015,9,2015-09-01,Norte,TO,Palmas,26.1,31.2,21.9,222.7,42.8,2.1,4,Baixo
2015,9,2015-09-01,Nordeste,BA,Salvador,23.7,27.8,18.2,34.6,58.6,26.7,1,Baixo
2015,9,2015-09-01,Nordeste,BA,Feira de Santana,25.3,28.7,20.4,45.2,57.1,6.3,0,Baixo
2015,9,2015-09-01,Nordeste,PE,Recife,25.5,29.3,22.5,65.6,85.0,12.5,0,Baixo
2015,9,2015-09-01,Nordeste,PE,Jaboatão dos Guararapes,32.5,36.3,27.5,150.8,44.2,18.2,2,Baixo
2015,9,2015-09-01,Nordeste,CE,Fortaleza,18.4,22.7,15.2,167.8,72.3,29.7,5,Baixo
2015,9,2015-09-01,Nordeste,CE,Juazeiro do Norte,28.2,31.7,23.3,20.8,90.0,10.3,4,Baixo
2015,9,2015-09-01,Nordeste,MA,São Luís,20.9,28.5,14.2,217.4,48.7,16.2,1,Alto
2015,9,2015-09-01,Nordeste,PB,João Pessoa,21.5,28.4,18.2,136.8,78.4,13.2,2,Médio
2015,9,2015-09-01,Centro-Oeste,DF,Brasília,20.7,24.8,14.5,12.2,57.4,32.1,4,Alto
2015,9,2015-09-01,Centro-Oeste,GO,Goiânia,25.3,30.8,21.2,64.3,56.1,7.6,1,Crítico
2015,9,2015-09-01,Centro-Oeste,GO,Aparecida de Goiânia,25.5,31.8,19.4,55.3,56.9,31.6,1,Baixo
2015,9,2015-09-01,Centro-Oeste,MT,Cuiabá,27.7,31.4,20.7,99.1,81.1,30.2,1,Médio
2015,9,2015-09-01,Centro-Oeste,MS,Campo Grande,32.5,39.7,26.9,75.0,77.2,18.1,2,Baixo
2015,9,2015-09-01,Sudeste,SP,São Paulo,28.1,31.6,21.1,36.0,64.7,33.1,0,Médio
2015,9,2015-09-01,Sudeste,SP,Campinas,24.4,30.0,19.7,175.1,46.5,28.7,4,Médio
2015,9,2015-09-01,Sudeste,SP,Ribeirão Preto,15.6,22.0,8.7,138.7,90.5,17.5,7,Alto
2015,9,2015-09-01,Sudeste,RJ,Rio de Janeiro,24.4,28.9,19.5,223.3,53.8,27.4,0,Médio
2015,9,2015-09-01,Sudeste,RJ,Niterói,32.3,35.9,27.2,116.6,46.2,26.6,0,Baixo
2015,9,2015-09-01,Sudeste,RJ,Nova Iguaçu,24.5,32.1,18.2,51.2,81.1,14.0,2,Crítico
2015,9,2015-09-01,Sudeste,RJ,Petrópolis,30.4,35.2,25.7,28.4,87.3,17.8,1,Médio
2015,9,2015-09-01,Sudeste,MG,Belo Horizonte,21.6,29.4,16.5,101.4,38.0,28.3,2,Alto
2015,9,2015-09-01,Sudeste,MG,Uberlândia,20.1,24.3,15.7,34.7,71.1,16.9,4,Alto
2015,9,2015-09-01,Sudeste,MG,Juiz de Fora,21.3,28.3,14.6,171.5,36.0,5.4,1,Alto
2015,9,2015-09-01,Sudeste,ES,Vitória,23.0,28.3,19.2,84.2,85.8,33.0,5,Médio
2015,9,2015-09-01,Sudeste,ES,Vila Velha,24.7,31.4,20.4,37.3,78.6,7.2,3,Baixo
2015,9,2015-09-01,Sudeste,ES,Serra,23.5,26.9,17.5,143.6,50.9,11.0,1,Baixo
2015,9,2015-09-01,Sul,PR,Curitiba,27.3,33.2,24.2,188.7,95.8,34.6,2,Alto
2015,9,2015-09-01,Sul,PR,Londrina,22.3,28.9,17.6,190.7,73.1,10.1,2,Alto
2015,9,2015-09-01,Sul,SC,Florianópolis,15.9,22.0,10.6,49.4,65.3,7.2,0,Baixo
2015,9,2015-09-01,Sul,SC,Joinville,24.0,31.2,17.4,102.0,79.2,34.5,1,Crítico
2015,9,2015-09-01,Sul,RS,Porto Alegre,20.9,28.1,16.2,74.5,58.1,30.5,0,Médio
2015,9,2015-09-01,Sul,RS,Caxias do Sul,28.6,34.1,22.7,113.4,69.1,27.4,3,Médio
2015,10,2015-10-01,Norte,AM,Manaus,29.4,37.3,24.0,270.2,84.6,13.3,1,Baixo
2015,10,2015-10-01,Norte,PA,Belém,14.0,18.7,10.2,103.7,63.5,11.9,3,Médio
2015,10,2015-10-01,Norte,PA,Santarém,26.6,32.8,21.3,128.0,37.3,7.5,1,Alto
2015,10,2015-10-01,Norte,RO,Porto Velho,26.0,30.2,21.3,123.2,55.9,8.8,3,Médio
2015,10,2015-10-01,Norte,TO,Palmas,19.9,23.8,16.0,155.5,82.3,2.3,2,Baixo
2015,10,2015-10-01,Nordeste,BA,Salvador,22.8,30.2,19.7,125.5,53.2,16.9,4,Médio
2015,10,2015-10-01,Nordeste,BA,Feira de Santana,21.1,28.8,17.7,64.8,52.6,21.5,2,Alto
2015,10,2015-10-01,Nordeste,PE,Recife,26.2,29.7,22.6,48.6,84.2,30.2,3,Crítico
2015,10,2015-10-01,Nordeste,PE,Jaboatão dos Guararapes,25.9,31.1,21.8,105.0,37.3,5.3,1,Crítico
2015,10,2015-10-01,Nordeste,CE,Fortaleza,21.1,27.6,14.6,49.9,38.1,23.4,0,Alto
2015,10,2015-10-01,Nordeste,CE,Juazeiro do Norte,18.1,23.1,13.1,93.3,90.7,18.1,3,Crítico
2015,10,2015-10-01,Nordeste,MA,São Luís,22.3,26.2,18.6,136.6,89.2,32.1,1,Baixo
2015,10,2015-10-01,Nordeste,PB,João Pessoa,22.6,30.3,18.7,45.4,42.1,5.0,3,Alto
2015,10,2015-10-01,Centro-Oeste,DF,Brasília,21.4,26.4,17.5,108.6,97.3,27.8,1,Alto
2015,10,2015-10-01,Centro-Oeste,GO,Goiânia,24.5,30.0,20.6,128.6,88.6,23.6,2,Baixo
2015,10,2015-10-01,Centro-Oeste,GO,Aparecida de Goiânia,25.5,30.0,20.4,122.3,42.1,31.3,1,Baixo
2015,10,2015-10-01,Centro-Oeste,MT,Cuiabá,23.8,30.9,19.4,74.8,88.6,7.6,0,Crítico
2015,10,2015-10-01,Centro-Oeste,MS,Campo Grande,27.5,31.5,21.6,217.0,63.7,27.1,4,Crítico
2015,10,2015-10-01,Sudeste,SP,São Paulo,30.1,33.4,26.8,154.1,77.1,31.3,3,Alto
2015,10,2015-10-01,Sudeste,SP,Campinas,22.4,26.9,18.3,71.0,96.0,21.5,2,Baixo
2015,10,2015-10-01,Sudeste,SP,Ribeirão Preto,30.4,34.2,25.2,291.6,94.5,33.4,6,Alto
2015,10,2015-10-01,Sudeste,RJ,Rio de Janeiro,29.7,33.2,26.6,32.3,65.7,4.6,4,Alto
2015,10,2015-10-01,Sudeste,RJ,Niterói,27.1,33.6,23.4,54.7,40.0,7.5,1,Médio
2015,10,2015-10-01,Sudeste,RJ,Nova Iguaçu,21.6,27.1,16.9,49.2,36.4,21.6,2,Baixo
2015,10,2015-10-01,Sudeste,RJ,Petrópolis,25.1,29.8,18.9,151.0,95.4,20.1,1,Alto
2015,10,2015-10-01,Sudeste,MG,Belo Horizonte,24.3,27.4,18.4,16.8,83.8,21.1,2,Médio
2015,10,2015-10-01,Sudeste,MG,Uberlândia,22.2,25.8,16.7,91.4,37.4,31.4,1,Alto
2015,10,2015-10-01,Sudeste,MG,Juiz de Fora,24.8,32.5,21.7,178.0,85.3,9.3,0,Baixo
2015,10,2015-10-01,Sudeste,ES,Vitória,22.8,27.3,19.5,38.2,38.0,27.1,0,Baixo
2015,10,2015-10-01,Sudeste,ES,Vila Velha,24.3,28.4,18.2,85.2,93.7,18.8,2,Médio
2015,10,2015-10-01,Sudeste,ES,Serra,21.0,28.7,14.9,47.2,82.7,14.2,4,Médio
2015,10,2015-10-01,Sul,PR,Curitiba,24.1,30.0,20.8,59.0,68.3,4.9,3,Baixo
2015,10,2015-10-01,Sul,PR,Londrina,24.6,29.1,21.1,228.1,37.5,6.1,3,Crítico
2015,10,2015-10-01,Sul,SC,Florianópolis,21.8,27.7,15.3,76.8,90.6,13.0,3,Crítico
2015,10,2015-10-01,Sul,SC,Joinville,25.0,30.5,19.7,43.8,79.7,6.6,1,Baixo
2015,10,2015-10-01,Sul,RS,Porto Alegre,21.5,27.9,15.5,28.6,74.6,22.0,4,Baixo
2015,10,2015-10-01,Sul,RS,Caxias do Sul,21.3,25.6,14.3,107.9,68.7,18.4,3,Médio
2015,11,2015-11-01,Norte,AM,Manaus,26.6,33.3,22.7,41.2,62.3,22.3,0,Baixo
2015,11,2015-11-01,Norte,PA,Belém,27.2,31.7,22.4,82.3,60.3,2.1,0,Baixo
2015,11,2015-11-01,Norte,PA,Santarém,25.0,29.9,19.0,79.9,44.9,20.6,1,Baixo
2015,11,2015-11-01,Norte,RO,Porto Velho,25.8,31.9,22.8,65.7,72.8,27.0,1,Crítico
2015,11,2015-11-01,Norte,TO,Palmas,18.8,25.0,14.3,94.0,73.7,12.2,1,Crítico
2015,11,2015-11-01,Nordeste,BA,Salvador,21.3,26.0,14.4,50.3,38.9,7.4,2,Crítico
2015,11,2015-11-01,Nordeste,BA,Feira de Santana,27.9,33.5,21.6,115.5,77.8,2.2,3,Baixo
2015,11,2015-11-01,Nordeste,PE,Recife,23.9,31.1,16.9,275.7,43.7,6.1,5,Alto
2015,11,2015-11-01,Nordeste,PE,Jaboatão dos Guararapes,28.2,34.8,21.8,49.9,78.4,26.6,2,Crítico
2015,11,2015-11-01,Nordeste,CE,Fortaleza,22.3,29.4,17.9,143.5,81.3,19.7,3,Crítico
2015,11,2015-11-01,Nordeste,CE,Juazeiro do Norte,25.8,33.0,21.8,284.3,37.3,34.5,0,Médio
2015,11,2015-11-01,Nordeste,MA,São Luís,28.1,34.1,23.4,108.8,72.1,13.8,1,Médio
2015,11,2015-11-01,Nordeste,PB,João Pessoa,29.2,34.0,23.5,20.6,54.2,2.9,2,Crítico
2015,11,2015-11-01,Centro-Oeste,DF,Brasília,32.0,39.5,26.5,105.2,61.9,26.2,0,Baixo
2015,11,2015-11-01,Centro-Oeste,GO,Goiânia,25.6,30.3,18.9,151.5,53.9,9.2,0,Crítico
2015,11,2015-11-01,Centro-Oeste,GO,Aparecida de Goiânia,24.2,28.0,20.2,35.0,69.2,2.6,3,Baixo
2015,11,2015-11-01,Centro-Oeste,MT,Cuiabá,29.9,33.4,23.3,199.0,78.8,4.8,5,Médio
2015,11,2015-11-01,Centro-Oeste,MS,Campo Grande,29.1,32.9,25.9,24.3,91.7,2.3,3,Médio
2015,11,2015-11-01,Sudeste,SP,São Paulo,19.9,23.6,13.6,72.3,40.6,24.5,2,Médio
2015,11,2015-11-01,Sudeste,SP,Campinas,19.4,26.0,13.8,45.4,54.0,18.8,4,Alto
2015,11,2015-11-01,Sudeste,SP,Ribeirão Preto,24.4,30.9,17.4,48.2,47.8,22.9,0,Baixo
2015,11,2015-11-01,Sudeste,RJ,Rio de Janeiro,24.9,31.2,20.6,24.8,81.6,5.4,5,Baixo
2015,11,2015-11-01,Sudeste,RJ,Niterói,21.3,25.7,15.7,118.8,84.2,31.1,2,Médio
2015,11,2015-11-01,Sudeste,RJ,Nova Iguaçu,23.8,30.4,18.8,98.6,80.3,20.4,3,Médio
2015,11,2015-11-01,Sudeste,RJ,Petrópolis,25.6,33.6,21.1,217.1,85.9,10.7,1,Crítico
2015,11,2015-11-01,Sudeste,MG,Belo Horizonte,27.6,32.8,23.0,44.2,59.9,3.1,1,Médio
2015,11,2015-11-01,Sudeste,MG,Uberlândia,21.2,27.3,16.8,67.9,60.4,25.5,1,Médio
2015,11,2015-11-01,Sudeste,MG,Juiz de Fora,30.5,34.2,26.5,18.5,93.8,16.6,1,Crítico
2015,11,2015-11-01,Sudeste,ES,Vitória,28.1,35.0,24.3,113.6,75.9,25.8,3,Crítico
2015,11,2015-11-01,Sudeste,ES,Vila Velha,22.5,29.6,16.4,131.9,41.0,3.6,4,Crítico
2015,11,2015-11-01,Sudeste,ES,Serra,27.0,30.6,22.2,67.1,43.3,14.8,1,Baixo
2015,11,2015-11-01,Sul,PR,Curitiba,29.5,35.0,26.0,41.2,66.5,31.9,3,Alto
2015,11,2015-11-01,Sul,PR,Londrina,20.6,27.0,16.4,116.8,64.7,23.7,0,Alto
2015,11,2015-11-01,Sul,SC,Florianópolis,28.1,33.7,23.4,139.0,49.2,26.9,3,Médio
2015,11,2015-11-01,Sul,SC,Joinville,23.2,29.7,17.6,58.1,97.7,7.5,2,Crítico
2015,11,2015-11-01,Sul,RS,Porto Alegre,31.2,36.8,24.9,159.1,82.6,10.8,3,Crítico
2015,11,2015-11-01,Sul,RS,Caxias do Sul,27.5,35.1,20.6,162.1,68.3,5.2,2,Crítico
2015,12,2015-12-01,Norte,AM,Manaus,28.2,34.7,22.0,151.1,84.4,12.6,1,Crítico
2015,12,2015-12-01,Norte,PA,Belém,12.8,18.7,6.6,38.5,97.0,20.7,1,Alto
2015,12,2015-12-01,Norte,PA,Santarém,27.7,33.7,22.5,157.2,96.4,31.7,1,Crítico
2015,12,2015-12-01,Norte,RO,Porto Velho,28.2,33.6,22.4,70.2,36.6,23.3,3,Baixo
2015,12,2015-12-01,Norte,TO,Palmas,32.4,38.9,29.0,290.0,80.5,24.9,0,Crítico
2015,12,2015-12-01,Nordeste,BA,Salvador,24.5,30.6,19.0,70.1,42.4,6.3,2,Crítico
2015,12,2015-12-01,Nordeste,BA,Feira de Santana,23.1,29.8,18.1,102.4,52.6,27.5,2,Baixo
2015,12,2015-12-01,Nordeste,PE,Recife,23.5,29.7,17.2,65.3,56.0,19.2,4,Médio
2015,12,2015-12-01,Nordeste,PE,Jaboatão dos Guararapes,22.0,28.1,15.7,193.9,51.3,12.9,3,Médio
2015,12,2015-12-01,Nordeste,CE,Fortaleza,26.0,31.2,19.2,121.4,44.1,3.0,1,Médio
2015,12,2015-12-01,Nordeste,CE,Juazeiro do Norte,30.0,37.3,25.7,85.2,65.4,28.4,0,Alto
2015,12,2015-12-01,Nordeste,MA,São Luís,20.2,27.6,14.8,83.4,79.7,32.7,5,Alto
2015,12,2015-12-01,Nordeste,PB,João Pessoa,22.3,29.0,18.6,116.7,66.2,13.5,1,Médio
2015,12,2015-12-01,Centro-Oeste,DF,Brasília,24.3,32.1,19.3,97.1,53.8,13.9,2,Crítico
2015,12,2015-12-01,Centro-Oeste,GO,Goiânia,28.0,32.8,22.0,109.9,91.1,26.3,2,Baixo
2015,12,2015-12-01,Centro-Oeste,GO,Aparecida de Goiânia,21.4,27.5,15.2,79.9,80.8,23.3,1,Baixo
2015,12,2015-12-01,Centro-Oeste,MT,Cuiabá,22.8,26.3,17.8,75.6,77.8,24.6,0,Médio
2015,12,2015-12-01,Centro-Oeste,MS,Campo Grande,25.6,32.6,20.9,143.8,65.8,17.6,0,Baixo
2015,12,2015-12-01,Sudeste,SP,São Paulo,22.2,26.3,18.1,59.2,90.9,18.9,4,Crítico
2015,12,2015-12-01,Sudeste,SP,Campinas,19.3,24.0,14.7,11.6,83.9,14.8,2,Alto
2015,12,2015-12-01,Sudeste,SP,Ribeirão Preto,30.0,33.5,24.3,190.0,43.9,10.1,1,Baixo
2015,12,2015-12-01,Sudeste,RJ,Rio de Janeiro,30.5,37.1,27.2,25.6,59.5,14.7,3,Crítico
2015,12,2015-12-01,Sudeste,RJ,Niterói,23.5,30.8,16.6,174.3,56.0,17.2,2,Crítico
2015,12,2015-12-01,Sudeste,RJ,Nova Iguaçu,20.2,24.5,16.7,49.2,63.2,30.6,2,Baixo
2015,12,2015-12-01,Sudeste,RJ,Petrópolis,19.9,26.1,15.5,66.2,40.2,3.3,0,Baixo
2015,12,2015-12-01,Sudeste,MG,Belo Horizonte,25.4,30.3,20.8,113.8,78.8,33.0,1,Baixo
2015,12,2015-12-01,Sudeste,MG,Uberlândia,24.6,30.8,20.9,116.7,50.2,8.9,3,Baixo
2015,12,2015-12-01,Sudeste,MG,Juiz de Fora,19.8,27.0,14.6,87.5,87.5,9.3,2,Alto
2015,12,2015-12-01,Sudeste,ES,Vitória,21.1,24.6,16.8,82.2,67.8,29.6,3,Alto
2015,12,2015-12-01,Sudeste,ES,Vila Velha,27.0,32.9,20.3,129.0,52.8,11.9,0,Baixo
2015,12,2015-12-01,Sudeste,ES,Serra,25.5,30.0,20.5,79.9,63.3,5.9,2,Baixo
2015,12,2015-12-01,Sul,PR,Curitiba,25.3,32.4,22.2,122.4,67.3,28.6,1,Baixo
2015,12,2015-12-01,Sul,PR,Londrina,23.6,28.5,17.9,104.8,70.0,5.1,3,Crítico
2015,12,2015-12-01,Sul,SC,Florianópolis,29.6,37.1,25.1,73.7,62.3,4.1,2,Crítico
2015,12,2015-12-01,Sul,SC,Joinville,25.7,33.4,18.9,69.9,89.6,15.3,2,Alto
2015,12,2015-12-01,Sul,RS,Porto Alegre,29.9,34.9,24.8,99.4,50.9,3.0,4,Crítico
2015,12,2015-12-01,Sul,RS,Caxias do Sul,24.5,31.2,17.6,254.7,53.4,24.5,4,Baixo
2016,1,2016-01-01,Norte,AM,Manaus,20.2,25.3,17.2,170.7,77.2,2.8,3,Alto
2016,1,2016-01-01,Norte,PA,Belém,27.3,33.4,21.2,59.4,39.1,6.3,3,Crítico
2016,1,2016-01-01,Norte,PA,Santarém,24.1,31.6,18.0,42.3,70.6,15.2,2,Baixo
2016,1,2016-01-01,Norte,RO,Porto Velho,27.1,31.5,20.4,116.6,97.7,18.9,2,Médio
2016,1,2016-01-01,Norte,TO,Palmas,22.5,27.0,16.2,101.4,49.0,28.1,1,Médio
2016,1,2016-01-01,Nordeste,BA,Salvador,20.3,24.7,14.8,42.3,92.1,16.2,1,Crítico
2016,1,2016-01-01,Nordeste,BA,Feira de Santana,25.7,31.6,20.3,107.2,66.3,31.5,2,Baixo
2016,1,2016-01-01,Nordeste,PE,Recife,19.2,23.8,14.1,77.0,94.3,2.1,1,Médio
2016,1,2016-01-01,Nordeste,PE,Jaboatão dos Guararapes,30.5,35.2,24.4,163.4,82.7,20.2,0,Baixo
2016,1,2016-01-01,Nordeste,CE,Fortaleza,26.1,34.1,19.6,134.0,74.5,5.5,2,Alto
2016,1,2016-01-01,Nordeste,CE,Juazeiro do Norte,24.0,28.6,19.3,122.2,42.5,4.6,2,Alto
2016,1,2016-01-01,Nordeste,MA,São Luís,20.2,27.9,15.1,83.5,63.6,3.1,3,Médio
2016,1,2016-01-01,Nordeste,PB,João Pessoa,26.4,34.3,21.5,107.2,74.6,27.8,1,Alto
2016,1,2016-01-01,Centro-Oeste,DF,Brasília,26.9,32.7,22.4,139.1,41.5,4.5,2,Alto
2016,1,2016-01-01,Centro-Oeste,GO,Goiânia,22.4,30.0,18.7,74.1,77.8,24.5,1,Médio
2016,1,2016-01-01,Centro-Oeste,GO,Aparecida de Goiânia,24.1,29.1,19.3,59.0,36.7,14.9,1,Médio
2016,1,2016-01-01,Centro-Oeste,MT,Cuiabá,24.7,30.4,20.0,302.1,52.2,5.1,1,Médio
2016,1,2016-01-01,Centro-Oeste,MS,Campo Grande,23.8,31.1,17.3,34.9,44.4,24.6,2,Médio
2016,1,2016-01-01,Sudeste,SP,São Paulo,22.1,27.8,15.4,74.9,53.5,31.5,0,Crítico
2016,1,2016-01-01,Sudeste,SP,Campinas,25.5,29.2,21.9,177.7,92.1,14.4,1,Médio
2016,1,2016-01-01,Sudeste,SP,Ribeirão Preto,19.2,26.0,12.4,206.9,54.0,19.6,1,Alto
2016,1,2016-01-01,Sudeste,RJ,Rio de Janeiro,31.8,38.8,26.4,46.4,94.5,21.5,3,Crítico
2016,1,2016-01-01,Sudeste,RJ,Niterói,19.9,24.0,13.6,61.3,78.9,17.5,1,Alto
2016,1,2016-01-01,Sudeste,RJ,Nova Iguaçu,25.2,32.8,21.8,166.4,64.3,17.2,3,Médio
2016,1,2016-01-01,Sudeste,RJ,Petrópolis,28.0,34.4,23.7,96.8,80.1,2.2,1,Baixo
2016,1,2016-01-01,Sudeste,MG,Belo Horizonte,29.3,35.6,23.6,69.8,95.8,4.2,6,Crítico
2016,1,2016-01-01,Sudeste,MG,Uberlândia,26.9,32.7,21.3,118.4,72.8,21.1,1,Baixo
2016,1,2016-01-01,Sudeste,MG,Juiz de Fora,26.8,34.5,21.2,206.3,83.8,3.9,1,Crítico
2016,1,2016-01-01,Sudeste,ES,Vitória,33.1,37.6,26.7,140.3,68.3,33.8,2,Médio
2016,1,2016-01-01,Sudeste,ES,Vila Velha,30.2,35.3,26.3,138.5,51.9,7.9,1,Alto
2016,1,2016-01-01,Sudeste,ES,Serra,29.1,35.6,23.7,108.2,43.9,23.6,0,Médio
2016,1,2016-01-01,Sul,PR,Curitiba,32.3,37.2,25.7,74.1,70.7,5.1,2,Médio
2016,1,2016-01-01,Sul,PR,Londrina,23.6,29.9,19.3,123.7,36.7,18.8,3,Alto
2016,1,2016-01-01,Sul,SC,Florianópolis,21.4,26.6,17.3,65.0,71.7,26.2,4,Baixo
2016,1,2016-01-01,Sul,SC,Joinville,26.7,32.6,22.3,93.9,62.6,31.8,2,Baixo
2016,1,2016-01-01,Sul,RS,Porto Alegre,27.7,32.6,23.7,219.1,70.1,32.1,4,Crítico
2016,1,2016-01-01,Sul,RS,Caxias do Sul,21.4,29.3,18.1,53.8,50.7,7.9,2,Crítico
2016,2,2016-02-01,Norte,AM,Manaus,22.3,27.7,18.2,157.6,78.0,22.1,1,Alto
2016,2,2016-02-01,Norte,PA,Belém,25.1,28.2,18.3,142.2,58.0,31.1,2,Baixo
2016,2,2016-02-01,Norte,PA,Santarém,32.1,38.7,29.0,132.4,79.8,22.1,0,Baixo
2016,2,2016-02-01,Norte,RO,Porto Velho,26.7,33.8,19.8,41.4,41.6,12.9,2,Alto
2016,2,2016-02-01,Norte,TO,Palmas,26.3,33.2,21.7,117.7,38.4,3.1,1,Crítico
2016,2,2016-02-01,Nordeste,BA,Salvador,20.4,25.2,13.5,77.4,60.3,34.7,4,Baixo
2016,2,2016-02-01,Nordeste,BA,Feira de Santana,23.7,26.9,20.0,52.8,90.0,20.0,0,Baixo
2016,2,2016-02-01,Nordeste,PE,Recife,26.9,32.2,23.3,34.4,49.3,5.4,0,Crítico
2016,2,2016-02-01,Nordeste,PE,Jaboatão dos Guararapes,27.0,30.0,21.7,85.6,80.4,29.0,1,Crítico
2016,2,2016-02-01,Nordeste,CE,Fortaleza,34.6,41.2,30.6,202.6,51.2,4.9,2,Alto
2016,2,2016-02-01,Nordeste,CE,Juazeiro do Norte,24.0,27.5,17.4,159.4,54.9,2.9,5,Médio
2016,2,2016-02-01,Nordeste,MA,São Luís,24.0,28.4,17.0,98.1,73.6,26.2,2,Alto
2016,2,2016-02-01,Nordeste,PB,João Pessoa,24.3,30.9,21.2,98.8,80.1,5.8,0,Médio
2016,2,2016-02-01,Centro-Oeste,DF,Brasília,22.8,30.2,19.2,12.7,68.0,10.2,2,Médio
2016,2,2016-02-01,Centro-Oeste,GO,Goiânia,28.5,33.4,24.2,24.1,71.4,26.5,1,Médio
2016,2,2016-02-01,Centro-Oeste,GO,Aparecida de Goiânia,23.9,30.6,20.6,52.1,53.5,18.4,3,Alto
2016,2,2016-02-01,Centro-Oeste,MT,Cuiabá,24.9,30.0,18.9,93.6,89.7,3.0,1,Baixo
2016,2,2016-02-01,Centro-Oeste,MS,Campo Grande,24.6,28.1,17.9,32.9,92.7,26.8,1,Baixo
2016,2,2016-02-01,Sudeste,SP,São Paulo,27.8,31.6,23.4,177.8,90.4,6.2,0,Alto
2016,2,2016-02-01,Sudeste,SP,Campinas,25.3,32.2,21.3,119.5,38.7,15.5,3,Crítico
2016,2,2016-02-01,Sudeste,SP,Ribeirão Preto,24.4,27.8,17.5,54.7,54.9,24.5,3,Alto
2016,2,2016-02-01,Sudeste,RJ,Rio de Janeiro,28.5,32.7,22.9,58.4,38.0,16.5,1,Alto
2016,2,2016-02-01,Sudeste,RJ,Niterói,23.2,27.5,18.6,40.4,45.7,15.7,2,Crítico
2016,2,2016-02-01,Sudeste,RJ,Nova Iguaçu,26.3,33.2,22.9,133.0,94.5,22.8,1,Baixo
2016,2,2016-02-01,Sudeste,RJ,Petrópolis,27.6,34.3,22.7,111.7,80.3,31.1,3,Alto
2016,2,2016-02-01,Sudeste,MG,Belo Horizonte,27.9,31.7,21.1,76.9,78.6,30.3,2,Médio
2016,2,2016-02-01,Sudeste,MG,Uberlândia,23.5,27.0,18.4,82.4,52.4,9.3,2,Médio
2016,2,2016-02-01,Sudeste,MG,Juiz de Fora,24.9,30.4,21.1,84.9,66.7,8.9,5,Médio
2016,2,2016-02-01,Sudeste,ES,Vitória,20.1,26.7,16.9,114.2,78.1,19.2,1,Crítico
2016,2,2016-02-01,Sudeste,ES,Vila Velha,27.9,33.1,22.6,99.6,83.8,9.7,3,Baixo
2016,2,2016-02-01,Sudeste,ES,Serra,29.0,34.6,25.3,108.7,76.9,16.0,1,Baixo
2016,2,2016-02-01,Sul,PR,Curitiba,23.7,31.2,19.0,111.1,95.0,18.3,5,Médio
2016,2,2016-02-01,Sul,PR,Londrina,26.0,33.7,19.2,196.3,82.1,25.8,3,Médio
2016,2,2016-02-01,Sul,SC,Florianópolis,24.8,32.6,19.5,53.9,69.2,13.4,3,Alto
2016,2,2016-02-01,Sul,SC,Joinville,32.3,40.2,29.1,84.2,71.4,11.0,2,Baixo
2016,2,2016-02-01,Sul,RS,Porto Alegre,21.1,25.6,17.0,260.3,63.2,27.8,2,Médio
2016,2,2016-02-01,Sul,RS,Caxias do Sul,27.7,34.7,24.0,60.9,40.3,7.8,0,Crítico
2016,3,2016-03-01,Norte,AM,Manaus,29.1,32.2,24.9,88.6,38.0,33.7,2,Crítico
2016,3,2016-03-01,Norte,PA,Belém,21.7,27.0,17.3,120.5,70.0,14.6,1,Alto
2016,3,2016-03-01,Norte,PA,Santarém,22.7,29.3,18.5,28.5,44.9,5.0,0,Alto
2016,3,2016-03-01,Norte,RO,Porto Velho,28.6,35.3,24.1,66.9,54.6,20.4,0,Crítico
2016,3,2016-03-01,Norte,TO,Palmas,21.6,28.2,14.9,126.2,93.3,13.0,1,Médio
2016,3,2016-03-01,Nordeste,BA,Salvador,28.1,32.8,24.2,154.3,55.6,3.8,0,Médio
2016,3,2016-03-01,Nordeste,BA,Feira de Santana,30.2,35.8,23.3,43.7,46.7,7.4,2,Alto
2016,3,2016-03-01,Nordeste,PE,Recife,21.8,28.7,18.3,45.3,56.8,23.0,1,Médio
2016,3,2016-03-01,Nordeste,PE,Jaboatão dos Guararapes,25.0,31.5,19.3,108.7,66.1,34.1,1,Baixo
2016,3,2016-03-01,Nordeste,CE,Fortaleza,24.8,28.2,20.9,30.0,44.6,2.6,0,Crítico
2016,3,2016-03-01,Nordeste,CE,Juazeiro do Norte,24.5,29.8,18.7,134.6,87.0,27.0,2,Crítico
2016,3,2016-03-01,Nordeste,MA,São Luís,21.2,28.0,16.8,134.8,89.4,30.5,3,Baixo
2016,3,2016-03-01,Nordeste,PB,João Pessoa,26.8,34.2,22.0,279.7,76.3,26.5,1,Médio
2016,3,2016-03-01,Centro-Oeste,DF,Brasília,30.3,34.8,23.9,64.9,78.8,23.2,3,Médio
2016,3,2016-03-01,Centro-Oeste,GO,Goiânia,24.3,30.7,18.9,86.0,89.1,7.7,2,Baixo
2016,3,2016-03-01,Centro-Oeste,GO,Aparecida de Goiânia,23.6,31.1,18.1,132.9,66.8,34.2,2,Baixo
2016,3,2016-03-01,Centro-Oeste,MT,Cuiabá,25.4,31.5,19.3,69.7,64.1,2.2,1,Médio
2016,3,2016-03-01,Centro-Oeste,MS,Campo Grande,20.2,27.7,17.0,104.0,70.0,27.9,0,Alto
2016,3,2016-03-01,Sudeste,SP,São Paulo,26.3,33.1,21.6,103.2,63.3,7.6,2,Crítico
2016,3,2016-03-01,Sudeste,SP,Campinas,25.1,30.8,21.9,90.9,46.3,4.8,2,Alto
2016,3,2016-03-01,Sudeste,SP,Ribeirão Preto,25.5,29.8,22.4,67.7,81.2,21.5,1,Alto
2016,3,2016-03-01,Sudeste,RJ,Rio de Janeiro,27.4,35.4,23.7,117.4,89.3,27.4,1,Alto
2016,3,2016-03-01,Sudeste,RJ,Niterói,24.5,31.8,20.2,137.3,47.4,23.8,1,Alto
2016,3,2016-03-01,Sudeste,RJ,Nova Iguaçu,25.1,30.7,20.4,30.5,87.0,7.3,3,Crítico
2016,3,2016-03-01,Sudeste,RJ,Petrópolis,17.1,20.9,13.8,109.4,80.1,24.9,4,Alto
2016,3,2016-03-01,Sudeste,MG,Belo Horizonte,21.3,28.8,15.8,265.5,54.0,15.3,1,Baixo
2016,3,2016-03-01,Sudeste,MG,Uberlândia,22.7,25.9,17.7,45.1,94.2,2.9,3,Crítico
2016,3,2016-03-01,Sudeste,MG,Juiz de Fora,22.7,29.9,16.7,235.1,38.6,29.0,0,Médio
2016,3,2016-03-01,Sudeste,ES,Vitória,29.2,37.1,22.4,77.7,73.2,15.0,0,Alto
2016,3,2016-03-01,Sudeste,ES,Vila Velha,20.9,26.2,17.5,88.6,57.0,26.7,1,Baixo
2016,3,2016-03-01,Sudeste,ES,Serra,30.7,36.9,25.8,102.6,71.7,10.7,1,Médio
2016,3,2016-03-01,Sul,PR,Curitiba,26.1,32.1,19.6,128.5,58.9,24.0,4,Alto
2016,3,2016-03-01,Sul,PR,Londrina,25.7,29.5,21.6,122.7,51.8,23.8,2,Crítico
2016,3,2016-03-01,Sul,SC,Florianópolis,22.6,26.5,19.1,158.5,87.3,25.8,4,Médio
2016,3,2016-03-01,Sul,SC,Joinville,18.2,24.7,13.4,122.6,89.9,12.4,4,Baixo
2016,3,2016-03-01,Sul,RS,Porto Alegre,33.0,39.2,28.7,55.5,53.6,3.6,5,Baixo
2016,3,2016-03-01,Sul,RS,Caxias do Sul,29.8,33.7,26.3,35.5,96.7,5.5,2,Alto
2016,4,2016-04-01,Norte,AM,Manaus,27.0,32.7,21.6,133.8,94.7,12.9,0,Crítico
2016,4,2016-04-01,Norte,PA,Belém,32.4,39.5,27.6,82.4,36.9,30.5,6,Crítico
2016,4,2016-04-01,Norte,PA,Santarém,23.2,31.0,17.3,311.1,67.9,24.7,2,Médio
2016,4,2016-04-01,Norte,RO,Porto Velho,29.5,32.8,25.1,76.8,35.2,8.7,3,Crítico
2016,4,2016-04-01,Norte,TO,Palmas,22.2,29.7,18.4,68.4,37.5,4.0,1,Alto
2016,4,2016-04-01,Nordeste,BA,Salvador,23.3,31.1,16.5,29.5,46.4,23.6,1,Baixo
2016,4,2016-04-01,Nordeste,BA,Feira de Santana,31.5,38.3,27.6,159.5,60.5,28.7,2,Crítico
2016,4,2016-04-01,Nordeste,PE,Recife,30.0,34.9,26.6,82.4,67.9,24.2,4,Baixo
2016,4,2016-04-01,Nordeste,PE,Jaboatão dos Guararapes,29.5,33.7,26.0,72.2,54.1,26.3,5,Médio
2016,4,2016-04-01,Nordeste,CE,Fortaleza,23.1,30.8,16.5,58.2,88.6,21.6,0,Crítico
2016,4,2016-04-01,Nordeste,CE,Juazeiro do Norte,23.7,27.5,17.7,52.8,84.5,8.1,0,Alto
2016,4,2016-04-01,Nordeste,MA,São Luís,22.2,26.7,15.7,73.6,64.4,5.4,3,Baixo
2016,4,2016-04-01,Nordeste,PB,João Pessoa,24.6,30.6,21.0,35.5,72.8,30.0,1,Crítico
2016,4,2016-04-01,Centro-Oeste,DF,Brasília,25.6,30.5,19.7,169.8,96.2,13.4,1,Médio
2016,4,2016-04-01,Centro-Oeste,GO,Goiânia,26.4,30.4,22.5,219.8,86.2,16.4,4,Médio
2016,4,2016-04-01,Centro-Oeste,GO,Aparecida de Goiânia,23.8,30.5,18.9,84.0,61.1,3.5,1,Médio
2016,4,2016-04-01,Centro-Oeste,MT,Cuiabá,27.5,35.5,22.1,48.8,66.0,10.3,3,Médio
2016,4,2016-04-01,Centro-Oeste,MS,Campo Grande,24.8,30.0,19.4,153.9,46.2,31.5,3,Médio
2016,4,2016-04-01,Sudeste,SP,São Paulo,23.7,29.5,18.8,47.9,77.1,19.3,4,Alto
2016,4,2016-04-01,Sudeste,SP,Campinas,20.3,23.7,14.7,80.3,79.5,20.8,0,Médio
2016,4,2016-04-01,Sudeste,SP,Ribeirão Preto,21.3,26.0,17.7,193.5,42.0,32.0,0,Médio
2016,4,2016-04-01,Sudeste,RJ,Rio de Janeiro,15.6,21.3,9.6,127.2,77.7,4.2,1,Crítico
2016,4,2016-04-01,Sudeste,RJ,Niterói,23.5,27.7,16.9,106.7,86.6,24.2,3,Médio
2016,4,2016-04-01,Sudeste,RJ,Nova Iguaçu,26.1,33.7,21.1,96.2,47.4,7.4,1,Crítico
2016,4,2016-04-01,Sudeste,RJ,Petrópolis,17.5,23.9,11.1,48.5,67.1,23.2,1,Crítico
2016,4,2016-04-01,Sudeste,MG,Belo Horizonte,16.5,23.1,12.8,213.4,45.9,19.5,1,Crítico
2016,4,2016-04-01,Sudeste,MG,Uberlândia,19.5,26.4,14.0,100.1,82.7,30.0,2,Baixo
2016,4,2016-04-01,Sudeste,MG,Juiz de Fora,28.9,34.3,25.1,86.1,62.7,30.3,1,Médio
2016,4,2016-04-01,Sudeste,ES,Vitória,26.7,33.1,22.0,187.4,76.1,18.3,2,Médio
2016,4,2016-04-01,Sudeste,ES,Vila Velha,21.1,26.5,15.1,83.0,70.1,29.9,2,Baixo
2016,4,2016-04-01,Sudeste,ES,Serra,25.3,29.2,22.2,111.5,92.5,3.1,4,Baixo
2016,4,2016-04-01,Sul,PR,Curitiba,35.1,42.1,29.4,70.5,58.1,4.5,1,Baixo
2016,4,2016-04-01,Sul,PR,Londrina,26.8,30.8,20.0,12.0,49.7,19.2,2,Alto
2016,4,2016-04-01,Sul,SC,Florianópolis,26.8,32.0,20.4,32.0,41.6,5.0,3,Médio
2016,4,2016-04-01,Sul,SC,Joinville,25.7,29.2,20.1,133.8,97.9,19.2,1,Médio
2016,4,2016-04-01,Sul,RS,Porto Alegre,31.6,39.1,28.2,199.0,42.4,10.9,4,Baixo
2016,4,2016-04-01,Sul,RS,Caxias do Sul,26.8,32.7,20.2,120.4,97.9,31.6,4,Médio
2016,5,2016-05-01,Norte,AM,Manaus,29.3,33.9,25.9,43.1,46.4,2.2,1,Crítico
2016,5,2016-05-01,Norte,PA,Belém,23.6,28.7,19.2,91.5,72.1,20.3,1,Crítico
2016,5,2016-05-01,Norte,PA,Santarém,20.7,28.6,16.3,177.8,49.1,2.4,3,Baixo
2016,5,2016-05-01,Norte,RO,Porto Velho,31.9,39.5,27.4,125.1,78.8,29.6,4,Médio
2016,5,2016-05-01,Norte,TO,Palmas,26.3,30.8,19.8,87.7,93.8,29.5,2,Alto
2016,5,2016-05-01,Nordeste,BA,Salvador,25.1,32.9,20.2,135.6,36.9,13.1,3,Baixo
2016,5,2016-05-01,Nordeste,BA,Feira de Santana,22.5,29.0,17.4,116.2,66.6,17.4,4,Crítico
2016,5,2016-05-01,Nordeste,PE,Recife,21.7,27.1,16.5,108.6,43.0,6.2,0,Médio
2016,5,2016-05-01,Nordeste,PE,Jaboatão dos Guararapes,23.0,30.6,17.3,188.9,88.7,16.1,2,Alto
2016,5,2016-05-01,Nordeste,CE,Fortaleza,25.7,32.9,21.5,73.7,96.7,2.2,0,Crítico
2016,5,2016-05-01,Nordeste,CE,Juazeiro do Norte,23.3,27.0,18.9,129.0,73.7,30.8,1,Baixo
2016,5,2016-05-01,Nordeste,MA,São Luís,22.4,29.3,15.7,133.7,92.1,25.8,3,Baixo
2016,5,2016-05-01,Nordeste,PB,João Pessoa,23.2,29.1,17.3,112.4,63.9,16.8,2,Crítico
2016,5,2016-05-01,Centro-Oeste,DF,Brasília,26.1,29.7,19.6,238.1,53.5,26.5,2,Médio
2016,5,2016-05-01,Centro-Oeste,GO,Goiânia,29.0,34.4,23.8,65.6,94.2,27.6,2,Crítico
2016,5,2016-05-01,Centro-Oeste,GO,Aparecida de Goiânia,28.5,33.9,22.2,99.3,46.5,21.1,2,Crítico
2016,5,2016-05-01,Centro-Oeste,MT,Cuiabá,22.9,27.4,19.8,89.8,78.9,3.8,2,Alto
2016,5,2016-05-01,Centro-Oeste,MS,Campo Grande,20.5,23.6,15.4,21.6,49.2,24.5,0,Baixo
2016,5,2016-05-01,Sudeste,SP,São Paulo,25.7,29.2,19.6,55.5,83.1,6.7,1,Crítico
2016,5,2016-05-01,Sudeste,SP,Campinas,25.2,32.4,20.4,154.6,71.3,24.3,1,Baixo
2016,5,2016-05-01,Sudeste,SP,Ribeirão Preto,28.7,34.4,23.8,174.3,96.6,2.7,2,Alto
2016,5,2016-05-01,Sudeste,RJ,Rio de Janeiro,25.0,31.3,20.3,79.1,41.8,17.8,2,Baixo
2016,5,2016-05-01,Sudeste,RJ,Niterói,21.3,26.9,16.2,263.7,82.7,34.7,0,Alto
2016,5,2016-05-01,Sudeste,RJ,Nova Iguaçu,23.7,30.4,18.1,82.4,41.5,23.6,3,Baixo
2016,5,2016-05-01,Sudeste,RJ,Petrópolis,33.2,37.5,28.6,160.0,79.2,30.4,1,Alto
2016,5,2016-05-01,Sudeste,MG,Belo Horizonte,25.9,31.7,19.3,173.4,97.3,33.0,3,Crítico
2016,5,2016-05-01,Sudeste,MG,Uberlândia,27.4,31.8,21.8,216.6,74.0,18.4,3,Médio
2016,5,2016-05-01,Sudeste,MG,Juiz de Fora,24.5,31.3,19.8,27.8,86.5,33.2,3,Médio
2016,5,2016-05-01,Sudeste,ES,Vitória,28.5,33.2,22.4,82.6,76.8,33.3,1,Alto
2016,5,2016-05-01,Sudeste,ES,Vila Velha,19.0,24.0,13.5,102.5,64.3,3.2,2,Médio
2016,5,2016-05-01,Sudeste,ES,Serra,19.3,25.4,13.9,90.2,63.9,5.4,1,Baixo
2016,5,2016-05-01,Sul,PR,Curitiba,23.1,29.6,18.3,60.3,44.1,31.8,1,Crítico
2016,5,2016-05-01,Sul,PR,Londrina,23.8,30.5,19.1,207.0,91.9,25.3,1,Médio
2016,5,2016-05-01,Sul,SC,Florianópolis,23.8,30.9,18.6,80.8,36.2,8.0,2,Alto
2016,5,2016-05-01,Sul,SC,Joinville,19.6,24.5,15.2,36.9,83.3,23.0,2,Baixo
2016,5,2016-05-01,Sul,RS,Porto Alegre,28.0,34.8,21.8,342.8,89.3,13.4,3,Alto
2016,5,2016-05-01,Sul,RS,Caxias do Sul,20.3,27.5,14.1,203.8,76.6,28.6,2,Baixo
2016,6,2016-06-01,Norte,AM,Manaus,22.5,27.5,16.5,71.6,87.3,13.9,2,Médio
2016,6,2016-06-01,Norte,PA,Belém,21.9,28.6,18.8,39.2,46.8,20.7,3,Crítico
2016,6,2016-06-01,Norte,PA,Santarém,25.7,29.5,20.0,51.8,75.9,23.4,4,Médio
2016,6,2016-06-01,Norte,RO,Porto Velho,24.1,28.2,17.9,120.9,40.0,14.2,0,Baixo
2016,6,2016-06-01,Norte,TO,Palmas,33.7,38.7,29.0,43.4,79.3,24.0,2,Crítico
2016,6,2016-06-01,Nordeste,BA,Salvador,22.3,26.5,17.6,122.1,45.1,26.9,3,Baixo
2016,6,2016-06-01,Nordeste,BA,Feira de Santana,29.6,35.4,25.4,98.0,88.9,21.3,1,Alto
2016,6,2016-06-01,Nordeste,PE,Recife,27.4,31.3,21.8,55.6,58.0,32.3,2,Médio
2016,6,2016-06-01,Nordeste,PE,Jaboatão dos Guararapes,26.0,33.4,22.8,67.6,96.7,19.5,1,Médio
2016,6,2016-06-01,Nordeste,CE,Fortaleza,23.5,29.8,17.1,62.0,83.0,6.1,1,Baixo
2016,6,2016-06-01,Nordeste,CE,Juazeiro do Norte,20.8,27.7,15.8,176.2,65.7,10.8,3,Baixo
2016,6,2016-06-01,Nordeste,MA,São Luís,27.5,34.2,24.5,68.1,42.5,12.0,1,Baixo
2016,6,2016-06-01,Nordeste,PB,João Pessoa,22.3,25.6,15.9,99.1,86.5,7.2,5,Baixo
2016,6,2016-06-01,Centro-Oeste,DF,Brasília,23.1,27.5,19.0,151.6,71.9,6.3,3,Crítico
2016,6,2016-06-01,Centro-Oeste,GO,Goiânia,24.5,28.7,18.4,104.3,43.3,29.2,2,Crítico
2016,6,2016-06-01,Centro-Oeste,GO,Aparecida de Goiânia,26.7,32.6,20.1,85.1,44.7,23.0,3,Baixo
2016,6,2016-06-01,Centro-Oeste,MT,Cuiabá,25.0,31.3,21.8,140.6,96.9,26.0,2,Crítico
2016,6,2016-06-01,Centro-Oeste,MS,Campo Grande,29.3,34.1,23.1,106.3,85.7,18.4,1,Médio
2016,6,2016-06-01,Sudeste,SP,São Paulo,23.2,28.1,17.2,157.2,77.3,7.3,2,Médio
2016,6,2016-06-01,Sudeste,SP,Campinas,21.5,25.4,16.9,70.5,72.7,15.8,0,Baixo
2016,6,2016-06-01,Sudeste,SP,Ribeirão Preto,25.2,29.4,19.7,166.5,67.0,22.5,3,Baixo
2016,6,2016-06-01,Sudeste,RJ,Rio de Janeiro,24.8,28.7,20.1,87.8,73.7,14.3,3,Médio
2016,6,2016-06-01,Sudeste,RJ,Niterói,21.3,26.3,16.2,110.3,57.2,4.9,1,Alto
2016,6,2016-06-01,Sudeste,RJ,Nova Iguaçu,26.5,30.2,21.4,49.7,80.9,5.8,0,Alto
2016,6,2016-06-01,Sudeste,RJ,Petrópolis,30.5,34.8,27.2,145.3,40.5,5.7,1,Alto
2016,6,2016-06-01,Sudeste,MG,Belo Horizonte,19.8,24.5,13.4,52.8,87.4,17.3,2,Baixo
2016,6,2016-06-01,Sudeste,MG,Uberlândia,23.0,30.9,16.8,116.1,88.7,30.2,3,Baixo
2016,6,2016-06-01,Sudeste,MG,Juiz de Fora,27.9,32.4,23.5,23.0,68.5,12.8,3,Baixo
2016,6,2016-06-01,Sudeste,ES,Vitória,26.5,33.5,22.4,34.7,42.3,33.5,1,Alto
2016,6,2016-06-01,Sudeste,ES,Vila Velha,25.5,30.3,21.2,62.3,74.7,28.9,4,Crítico
2016,6,2016-06-01,Sudeste,ES,Serra,27.5,32.0,22.7,119.0,77.8,24.0,1,Baixo
2016,6,2016-06-01,Sul,PR,Curitiba,34.3,41.5,29.5,28.1,56.7,12.6,0,Médio
2016,6,2016-06-01,Sul,PR,Londrina,28.5,32.5,23.6,96.9,95.3,7.4,0,Alto
2016,6,2016-06-01,Sul,SC,Florianópolis,22.5,26.3,17.9,135.2,50.6,22.2,2,Médio
2016,6,2016-06-01,Sul,SC,Joinville,22.8,29.7,17.8,131.7,61.0,31.5,0,Baixo
2016,6,2016-06-01,Sul,RS,Porto Alegre,21.9,26.2,18.6,74.2,58.2,27.3,1,Baixo
2016,6,2016-06-01,Sul,RS,Caxias do Sul,20.8,27.5,16.7,28.3,64.7,20.3,0,Médio
2016,7,2016-07-01,Norte,AM,Manaus,27.0,30.9,20.8,51.1,72.3,30.8,3,Alto
2016,7,2016-07-01,Norte,PA,Belém,21.5,25.2,17.8,165.9,94.3,27.0,4,Crítico
2016,7,2016-07-01,Norte,PA,Santarém,28.5,33.1,22.9,36.6,38.8,16.6,1,Baixo
2016,7,2016-07-01,Norte,RO,Porto Velho,20.6,26.4,14.5,144.8,49.2,7.7,0,Crítico
2016,7,2016-07-01,Norte,TO,Palmas,24.1,30.4,18.4,71.8,44.4,4.4,1,Alto
2016,7,2016-07-01,Nordeste,BA,Salvador,26.6,30.9,22.8,86.6,63.6,21.0,4,Baixo
2016,7,2016-07-01,Nordeste,BA,Feira de Santana,27.0,33.3,20.0,227.6,49.0,29.1,0,Alto
2016,7,2016-07-01,Nordeste,PE,Recife,25.5,30.3,18.6,77.8,84.8,2.9,5,Baixo
2016,7,2016-07-01,Nordeste,PE,Jaboatão dos Guararapes,25.7,30.6,20.7,68.3,43.0,16.2,1,Médio
2016,7,2016-07-01,Nordeste,CE,Fortaleza,19.8,24.3,13.1,68.4,71.7,26.7,2,Médio
2016,7,2016-07-01,Nordeste,CE,Juazeiro do Norte,31.7,37.3,25.7,52.8,75.0,12.4,0,Médio
2016,7,2016-07-01,Nordeste,MA,São Luís,28.9,34.7,25.4,82.1,71.5,3.0,1,Alto
2016,7,2016-07-01,Nordeste,PB,João Pessoa,20.5,26.6,14.2,174.2,49.0,25.9,0,Baixo
2016,7,2016-07-01,Centro-Oeste,DF,Brasília,23.8,30.4,16.8,81.6,82.0,26.3,2,Baixo
2016,7,2016-07-01,Centro-Oeste,GO,Goiânia,20.6,26.9,16.4,98.7,61.3,6.5,1,Médio
2016,7,2016-07-01,Centro-Oeste,GO,Aparecida de Goiânia,23.6,31.0,20.1,62.1,38.0,15.6,1,Baixo
2016,7,2016-07-01,Centro-Oeste,MT,Cuiabá,21.9,29.1,18.5,54.9,84.6,19.4,1,Crítico
2016,7,2016-07-01,Centro-Oeste,MS,Campo Grande,30.9,38.1,26.3,72.0,83.2,31.9,3,Crítico
2016,7,2016-07-01,Sudeste,SP,São Paulo,27.8,33.0,22.5,101.5,36.6,4.3,0,Baixo
2016,7,2016-07-01,Sudeste,SP,Campinas,28.0,32.1,23.5,66.0,93.0,16.0,0,Alto
2016,7,2016-07-01,Sudeste,SP,Ribeirão Preto,20.7,27.7,14.4,129.0,64.4,15.8,1,Crítico
2016,7,2016-07-01,Sudeste,RJ,Rio de Janeiro,22.3,29.5,16.6,130.8,52.4,7.3,2,Alto
2016,7,2016-07-01,Sudeste,RJ,Niterói,23.0,29.5,16.8,142.8,48.1,29.5,2,Alto
2016,7,2016-07-01,Sudeste,RJ,Nova Iguaçu,23.1,28.7,19.5,57.1,78.2,18.4,3,Crítico
2016,7,2016-07-01,Sudeste,RJ,Petrópolis,23.5,29.9,20.5,43.6,35.8,13.1,0,Alto
2016,7,2016-07-01,Sudeste,MG,Belo Horizonte,23.8,29.7,18.2,225.4,50.8,9.2,2,Crítico
2016,7,2016-07-01,Sudeste,MG,Uberlândia,25.5,30.4,18.7,166.8,90.3,10.4,1,Médio
2016,7,2016-07-01,Sudeste,MG,Juiz de Fora,23.2,28.1,16.4,145.7,71.8,19.6,2,Baixo
2016,7,2016-07-01,Sudeste,ES,Vitória,30.6,37.3,24.3,160.8,46.0,19.2,1,Crítico
2016,7,2016-07-01,Sudeste,ES,Vila Velha,22.3,27.7,17.6,114.1,73.3,22.2,4,Alto
2016,7,2016-07-01,Sudeste,ES,Serra,27.1,32.4,21.6,27.7,77.8,14.7,2,Médio
2016,7,2016-07-01,Sul,PR,Curitiba,16.1,23.8,9.3,69.9,46.5,8.8,1,Alto
2016,7,2016-07-01,Sul,PR,Londrina,27.1,34.4,23.5,117.5,96.7,17.1,5,Médio
2016,7,2016-07-01,Sul,SC,Florianópolis,23.0,29.1,17.7,122.6,66.6,28.4,0,Médio
2016,7,2016-07-01,Sul,SC,Joinville,26.5,30.6,22.3,95.6,88.0,20.0,1,Alto
2016,7,2016-07-01,Sul,RS,Porto Alegre,21.1,26.3,17.3,111.5,43.8,33.1,1,Crítico
2016,7,2016-07-01,Sul,RS,Caxias do Sul,27.7,31.4,23.1,122.2,79.2,30.4,2,Baixo
2016,8,2016-08-01,Norte,AM,Manaus,23.4,26.8,16.6,295.6,53.0,5.7,3,Médio
2016,8,2016-08-01,Norte,PA,Belém,16.1,20.4,12.0,57.1,42.4,3.1,1,Crítico
2016,8,2016-08-01,Norte,PA,Santarém,25.3,31.2,20.7,44.8,62.1,10.4,3,Alto
2016,8,2016-08-01,Norte,RO,Porto Velho,30.4,34.2,24.7,63.5,70.4,34.6,0,Médio
2016,8,2016-08-01,Norte,TO,Palmas,21.8,27.1,16.8,59.4,94.5,28.9,2,Crítico
2016,8,2016-08-01,Nordeste,BA,Salvador,28.7,32.1,25.4,41.0,94.9,22.5,4,Crítico
2016,8,2016-08-01,Nordeste,BA,Feira de Santana,23.8,28.8,19.3,22.5,86.3,23.4,2,Alto
2016,8,2016-08-01,Nordeste,PE,Recife,28.2,32.8,24.9,62.2,56.0,9.2,3,Médio
2016,8,2016-08-01,Nordeste,PE,Jaboatão dos Guararapes,32.2,39.8,27.4,167.8,46.4,15.8,2,Baixo
2016,8,2016-08-01,Nordeste,CE,Fortaleza,24.9,30.0,21.3,56.3,73.3,24.2,0,Médio
2016,8,2016-08-01,Nordeste,CE,Juazeiro do Norte,18.8,23.6,15.7,74.2,76.4,27.5,4,Médio
2016,8,2016-08-01,Nordeste,MA,São Luís,22.4,26.9,15.4,30.3,40.9,23.8,1,Crítico
2016,8,2016-08-01,Nordeste,PB,João Pessoa,25.3,33.3,18.5,42.9,75.8,25.6,1,Baixo
2016,8,2016-08-01,Centro-Oeste,DF,Brasília,22.3,25.4,17.5,217.1,92.3,19.9,1,Crítico
2016,8,2016-08-01,Centro-Oeste,GO,Goiânia,22.0,25.5,16.5,29.2,50.1,9.2,0,Crítico
2016,8,2016-08-01,Centro-Oeste,GO,Aparecida de Goiânia,30.3,34.2,27.0,191.8,74.9,31.4,1,Alto
2016,8,2016-08-01,Centro-Oeste,MT,Cuiabá,22.5,27.4,18.9,147.4,79.6,8.4,2,Baixo
2016,8,2016-08-01,Centro-Oeste,MS,Campo Grande,21.0,28.4,17.3,88.1,41.4,24.8,4,Médio
2016,8,2016-08-01,Sudeste,SP,São Paulo,22.4,25.5,19.2,196.9,74.8,3.6,0,Alto
2016,8,2016-08-01,Sudeste,SP,Campinas,25.6,32.8,22.6,118.1,83.1,17.2,1,Crítico
2016,8,2016-08-01,Sudeste,SP,Ribeirão Preto,30.7,34.1,26.8,103.1,93.1,25.2,1,Crítico
2016,8,2016-08-01,Sudeste,RJ,Rio de Janeiro,30.6,37.7,24.3,77.9,57.6,12.2,1,Médio
2016,8,2016-08-01,Sudeste,RJ,Niterói,27.9,31.4,24.7,145.7,36.7,29.7,4,Médio
2016,8,2016-08-01,Sudeste,RJ,Nova Iguaçu,19.7,25.6,15.6,179.0,76.2,21.3,6,Médio
2016,8,2016-08-01,Sudeste,RJ,Petrópolis,24.8,28.0,18.2,31.9,81.8,3.3,1,Baixo
2016,8,2016-08-01,Sudeste,MG,Belo Horizonte,26.4,31.3,21.1,72.7,81.6,18.0,1,Crítico
2016,8,2016-08-01,Sudeste,MG,Uberlândia,23.1,27.0,18.8,69.6,94.2,21.1,2,Crítico
2016,8,2016-08-01,Sudeste,MG,Juiz de Fora,22.5,26.6,18.5,75.2,72.2,9.2,1,Médio
2016,8,2016-08-01,Sudeste,ES,Vitória,27.7,35.0,23.8,196.0,41.5,30.7,1,Crítico
2016,8,2016-08-01,Sudeste,ES,Vila Velha,23.2,27.1,17.9,28.1,86.5,31.5,2,Baixo
2016,8,2016-08-01,Sudeste,ES,Serra,23.8,29.2,20.3,87.9,64.1,27.2,0,Médio
2016,8,2016-08-01,Sul,PR,Curitiba,23.7,31.3,19.2,235.9,40.6,12.9,3,Médio
2016,8,2016-08-01,Sul,PR,Londrina,25.0,29.7,20.1,11.6,89.0,32.6,2,Baixo
2016,8,2016-08-01,Sul,SC,Florianópolis,22.6,30.2,15.6,191.5,58.5,16.4,4,Alto
2016,8,2016-08-01,Sul,SC,Joinville,25.2,29.2,21.6,202.8,45.0,23.2,1,Baixo
2016,8,2016-08-01,Sul,RS,Porto Alegre,31.6,37.4,26.9,37.6,92.1,22.3,2,Alto
2016,8,2016-08-01,Sul,RS,Caxias do Sul,19.6,23.0,16.3,94.0,54.9,22.9,1,Baixo
2016,9,2016-09-01,Norte,AM,Manaus,25.5,28.6,20.0,65.0,43.8,6.6,1,Alto
2016,9,2016-09-01,Norte,PA,Belém,28.4,34.5,22.5,188.2,80.2,24.1,2,Crítico
2016,9,2016-09-01,Norte,PA,Santarém,26.8,32.1,23.2,179.9,97.2,12.4,1,Baixo
2016,9,2016-09-01,Norte,RO,Porto Velho,16.2,23.8,11.2,136.7,91.5,31.0,2,Crítico
2016,9,2016-09-01,Norte,TO,Palmas,23.4,27.6,16.7,91.1,97.7,2.5,4,Médio
2016,9,2016-09-01,Nordeste,BA,Salvador,30.1,33.3,24.2,168.0,73.0,12.6,2,Baixo
2016,9,2016-09-01,Nordeste,BA,Feira de Santana,27.2,32.0,24.2,123.5,84.8,28.9,2,Médio
2016,9,2016-09-01,Nordeste,PE,Recife,20.8,25.8,16.6,119.6,89.2,26.9,2,Médio
2016,9,2016-09-01,Nordeste,PE,Jaboatão dos Guararapes,25.8,32.7,19.8,55.6,79.3,18.4,4,Baixo
2016,9,2016-09-01,Nordeste,CE,Fortaleza,25.5,32.4,19.1,81.2,92.1,22.1,3,Médio
2016,9,2016-09-01,Nordeste,CE,Juazeiro do Norte,23.2,29.4,17.9,96.9,74.4,22.8,1,Crítico
2016,9,2016-09-01,Nordeste,MA,São Luís,21.0,25.9,14.8,259.9,42.5,33.0,4,Baixo
2016,9,2016-09-01,Nordeste,PB,João Pessoa,27.9,32.5,23.5,150.1,50.1,25.8,1,Crítico
2016,9,2016-09-01,Centro-Oeste,DF,Brasília,25.0,29.7,20.1,273.8,58.8,30.6,1,Baixo
2016,9,2016-09-01,Centro-Oeste,GO,Goiânia,26.3,33.0,19.4,60.6,95.8,10.0,3,Crítico
2016,9,2016-09-01,Centro-Oeste,GO,Aparecida de Goiânia,22.3,25.5,16.4,154.0,75.4,30.4,0,Médio
2016,9,2016-09-01,Centro-Oeste,MT,Cuiabá,26.3,34.0,21.5,66.6,96.0,12.5,1,Médio
2016,9,2016-09-01,Centro-Oeste,MS,Campo Grande,27.4,35.1,22.9,67.7,40.9,26.0,2,Alto
2016,9,2016-09-01,Sudeste,SP,São Paulo,24.4,30.8,19.7,65.0,45.2,26.6,1,Crítico
2016,9,2016-09-01,Sudeste,SP,Campinas,22.5,28.3,18.5,115.1,85.0,3.1,4,Alto
2016,9,2016-09-01,Sudeste,SP,Ribeirão Preto,25.8,30.1,22.8,105.1,37.1,30.5,1,Alto
2016,9,2016-09-01,Sudeste,RJ,Rio de Janeiro,23.7,27.7,18.8,58.2,60.9,5.8,2,Crítico
2016,9,2016-09-01,Sudeste,RJ,Niterói,21.6,28.1,15.1,55.8,52.8,21.6,3,Baixo
2016,9,2016-09-01,Sudeste,RJ,Nova Iguaçu,23.2,31.0,17.5,52.0,50.8,32.9,2,Alto
2016,9,2016-09-01,Sudeste,RJ,Petrópolis,23.7,28.3,19.6,33.9,96.5,24.6,5,Baixo
2016,9,2016-09-01,Sudeste,MG,Belo Horizonte,26.1,29.8,19.4,165.4,80.3,13.8,1,Baixo
2016,9,2016-09-01,Sudeste,MG,Uberlândia,23.3,29.8,19.1,24.9,43.9,14.3,3,Médio
2016,9,2016-09-01,Sudeste,MG,Juiz de Fora,26.8,34.2,20.2,197.8,74.4,27.5,1,Baixo
2016,9,2016-09-01,Sudeste,ES,Vitória,19.3,26.2,13.2,53.9,41.9,3.4,5,Médio
2016,9,2016-09-01,Sudeste,ES,Vila Velha,30.6,35.5,25.5,234.4,79.9,8.3,1,Baixo
2016,9,2016-09-01,Sudeste,ES,Serra,25.5,31.6,20.1,21.2,96.9,8.7,0,Alto
2016,9,2016-09-01,Sul,PR,Curitiba,23.4,30.5,20.0,123.3,68.9,13.8,5,Baixo
2016,9,2016-09-01,Sul,PR,Londrina,24.6,31.3,20.6,110.1,97.2,22.6,3,Crítico
2016,9,2016-09-01,Sul,SC,Florianópolis,32.7,40.7,28.2,8.7,70.4,27.4,2,Alto
2016,9,2016-09-01,Sul,SC,Joinville,25.6,29.1,19.2,179.6,96.1,34.0,1,Alto
2016,9,2016-09-01,Sul,RS,Porto Alegre,29.6,37.4,24.6,110.3,82.1,21.4,4,Crítico
2016,9,2016-09-01,Sul,RS,Caxias do Sul,20.3,26.7,16.3,106.1,41.1,25.3,0,Baixo
2016,10,2016-10-01,Norte,AM,Manaus,22.2,28.1,16.1,82.6,91.5,26.8,2,Crítico
2016,10,2016-10-01,Norte,PA,Belém,26.2,33.8,19.3,114.9,88.0,25.1,1,Médio
2016,10,2016-10-01,Norte,PA,Santarém,20.2,23.6,16.0,100.5,73.4,8.0,1,Baixo
2016,10,2016-10-01,Norte,RO,Porto Velho,21.2,25.6,15.9,53.7,60.7,29.3,4,Baixo
2016,10,2016-10-01,Norte,TO,Palmas,26.1,32.3,21.5,131.3,94.0,4.2,2,Alto
2016,10,2016-10-01,Nordeste,BA,Salvador,19.4,25.2,14.4,23.1,94.0,2.3,2,Médio
2016,10,2016-10-01,Nordeste,BA,Feira de Santana,29.0,32.8,24.4,230.6,85.6,31.3,3,Crítico
2016,10,2016-10-01,Nordeste,PE,Recife,24.0,27.5,20.5,62.0,72.7,30.0,5,Crítico
2016,10,2016-10-01,Nordeste,PE,Jaboatão dos Guararapes,31.8,37.1,25.8,106.4,87.3,12.2,2,Alto
2016,10,2016-10-01,Nordeste,CE,Fortaleza,18.7,26.3,15.1,46.7,43.7,27.8,0,Crítico
2016,10,2016-10-01,Nordeste,CE,Juazeiro do Norte,35.4,39.3,28.8,84.0,50.4,4.6,2,Baixo
2016,10,2016-10-01,Nordeste,MA,São Luís,29.9,34.6,24.1,146.4,81.4,16.8,0,Crítico
2016,10,2016-10-01,Nordeste,PB,João Pessoa,21.0,28.4,16.4,172.3,35.5,15.6,5,Médio
2016,10,2016-10-01,Centro-Oeste,DF,Brasília,23.4,26.9,18.3,61.0,47.6,3.3,2,Baixo
2016,10,2016-10-01,Centro-Oeste,GO,Goiânia,20.3,27.7,14.8,127.0,50.7,33.3,1,Alto
2016,10,2016-10-01,Centro-Oeste,GO,Aparecida de Goiânia,20.4,24.6,15.2,37.4,47.9,26.8,3,Alto
2016,10,2016-10-01,Centro-Oeste,MT,Cuiabá,24.0,27.5,17.8,101.5,67.1,32.7,2,Alto
2016,10,2016-10-01,Centro-Oeste,MS,Campo Grande,32.3,38.1,26.9,95.7,60.1,3.8,4,Crítico
2016,10,2016-10-01,Sudeste,SP,São Paulo,16.0,22.9,12.5,192.4,87.4,4.9,1,Crítico
2016,10,2016-10-01,Sudeste,SP,Campinas,17.1,22.9,11.2,83.7,92.4,8.3,2,Crítico
2016,10,2016-10-01,Sudeste,SP,Ribeirão Preto,29.9,35.0,24.2,31.8,39.8,32.9,2,Médio
2016,10,2016-10-01,Sudeste,RJ,Rio de Janeiro,24.8,29.8,21.2,174.7,50.6,21.6,2,Baixo
2016,10,2016-10-01,Sudeste,RJ,Niterói,25.6,31.1,20.6,43.1,65.9,13.7,2,Alto
2016,10,2016-10-01,Sudeste,RJ,Nova Iguaçu,23.1,28.3,17.5,75.5,58.0,29.4,4,Médio
2016,10,2016-10-01,Sudeste,RJ,Petrópolis,19.8,24.1,14.6,238.0,96.9,17.5,1,Baixo
2016,10,2016-10-01,Sudeste,MG,Belo Horizonte,27.3,32.6,21.3,180.9,84.6,6.0,3,Alto
2016,10,2016-10-01,Sudeste,MG,Uberlândia,29.5,34.4,24.8,24.5,41.6,32.2,3,Alto
2016,10,2016-10-01,Sudeste,MG,Juiz de Fora,24.6,27.6,21.3,80.7,36.3,7.3,3,Alto
2016,10,2016-10-01,Sudeste,ES,Vitória,28.5,31.7,25.5,66.8,35.5,34.7,2,Médio
2016,10,2016-10-01,Sudeste,ES,Vila Velha,31.6,38.8,28.2,134.0,93.4,24.0,0,Alto
2016,10,2016-10-01,Sudeste,ES,Serra,21.1,26.4,16.9,112.1,51.4,2.3,3,Baixo
2016,10,2016-10-01,Sul,PR,Curitiba,26.4,31.1,20.3,201.5,81.6,20.0,1,Alto
2016,10,2016-10-01,Sul,PR,Londrina,24.9,28.8,19.2,69.1,68.4,4.7,3,Crítico
2016,10,2016-10-01,Sul,SC,Florianópolis,22.1,29.4,15.3,179.0,76.1,29.6,1,Baixo
2016,10,2016-10-01,Sul,SC,Joinville,24.9,28.1,21.0,104.1,83.7,16.5,1,Alto
2016,10,2016-10-01,Sul,RS,Porto Alegre,32.8,37.1,29.7,145.6,93.8,32.3,0,Crítico
2016,10,2016-10-01,Sul,RS,Caxias do Sul,20.9,25.3,17.5,73.4,42.9,5.4,2,Médio
2016,11,2016-11-01,Norte,AM,Manaus,20.7,25.4,15.7,220.3,52.7,10.0,2,Alto
2016,11,2016-11-01,Norte,PA,Belém,25.8,31.9,21.0,89.8,42.8,9.2,0,Alto
2016,11,2016-11-01,Norte,PA,Santarém,30.7,33.9,27.5,155.5,51.8,30.5,2,Baixo
2016,11,2016-11-01,Norte,RO,Porto Velho,23.2,27.2,17.0,213.7,63.4,6.9,0,Crítico
2016,11,2016-11-01,Norte,TO,Palmas,27.9,33.9,21.3,197.5,38.0,29.0,2,Médio
2016,11,2016-11-01,Nordeste,BA,Salvador,21.9,26.2,15.9,121.3,68.8,16.2,3,Baixo
2016,11,2016-11-01,Nordeste,BA,Feira de Santana,26.1,29.5,19.7,28.9,74.8,29.6,0,Crítico
2016,11,2016-11-01,Nordeste,PE,Recife,26.4,32.1,19.7,80.1,87.0,34.2,2,Alto
2016,11,2016-11-01,Nordeste,PE,Jaboatão dos Guararapes,15.6,19.9,9.6,76.5,47.1,20.9,1,Alto
2016,11,2016-11-01,Nordeste,CE,Fortaleza,25.2,31.5,20.7,9.2,74.3,10.5,4,Médio
2016,11,2016-11-01,Nordeste,CE,Juazeiro do Norte,22.1,28.1,17.4,78.8,53.9,12.2,3,Alto
2016,11,2016-11-01,Nordeste,MA,São Luís,31.0,37.9,26.8,187.8,87.4,29.5,1,Crítico
2016,11,2016-11-01,Nordeste,PB,João Pessoa,26.1,33.6,20.9,45.0,58.5,24.5,3,Médio
2016,11,2016-11-01,Centro-Oeste,DF,Brasília,25.1,31.2,20.3,74.1,48.0,20.9,0,Crítico
2016,11,2016-11-01,Centro-Oeste,GO,Goiânia,23.0,26.4,17.5,148.2,61.6,29.6,2,Médio
2016,11,2016-11-01,Centro-Oeste,GO,Aparecida de Goiânia,20.7,26.1,16.9,114.6,50.3,13.0,1,Alto
2016,11,2016-11-01,Centro-Oeste,MT,Cuiabá,24.2,31.2,20.3,81.2,84.7,34.1,3,Médio
2016,11,2016-11-01,Centro-Oeste,MS,Campo Grande,24.3,31.6,19.8,67.9,50.2,4.1,3,Alto
2016,11,2016-11-01,Sudeste,SP,São Paulo,23.3,26.3,18.7,131.3,55.9,31.9,2,Alto
2016,11,2016-11-01,Sudeste,SP,Campinas,20.5,27.9,13.5,101.6,92.4,5.6,3,Alto
2016,11,2016-11-01,Sudeste,SP,Ribeirão Preto,21.0,26.0,15.2,31.0,88.3,11.0,0,Médio
2016,11,2016-11-01,Sudeste,RJ,Rio de Janeiro,36.4,40.3,32.0,121.1,40.0,18.6,2,Médio
2016,11,2016-11-01,Sudeste,RJ,Niterói,21.5,28.9,14.6,77.5,57.5,10.6,4,Crítico
2016,11,2016-11-01,Sudeste,RJ,Nova Iguaçu,17.8,24.9,12.8,72.0,71.9,31.2,3,Médio
2016,11,2016-11-01,Sudeste,RJ,Petrópolis,26.6,33.3,22.6,58.6,82.7,5.3,4,Crítico
2016,11,2016-11-01,Sudeste,MG,Belo Horizonte,19.0,23.1,12.1,99.8,36.7,25.2,3,Crítico
2016,11,2016-11-01,Sudeste,MG,Uberlândia,26.7,32.1,20.4,101.2,64.3,3.5,0,Alto
2016,11,2016-11-01,Sudeste,MG,Juiz de Fora,24.9,30.7,21.8,106.1,63.5,5.1,3,Alto
2016,11,2016-11-01,Sudeste,ES,Vitória,19.6,26.4,16.0,85.9,37.6,8.5,4,Alto
2016,11,2016-11-01,Sudeste,ES,Vila Velha,22.4,26.8,18.4,63.2,83.3,14.7,4,Crítico
2016,11,2016-11-01,Sudeste,ES,Serra,18.5,23.8,13.3,228.3,54.3,32.3,0,Crítico
2016,11,2016-11-01,Sul,PR,Curitiba,25.8,31.8,20.6,180.5,62.9,11.6,3,Alto
2016,11,2016-11-01,Sul,PR,Londrina,26.5,34.0,20.6,68.4,89.7,33.5,2,Alto
2016,11,2016-11-01,Sul,SC,Florianópolis,20.2,26.3,13.2,271.9,79.7,22.3,0,Crítico
2016,11,2016-11-01,Sul,SC,Joinville,29.8,33.7,25.0,130.9,90.5,24.4,3,Crítico
2016,11,2016-11-01,Sul,RS,Porto Alegre,28.5,32.3,21.7,139.8,49.4,18.8,1,Crítico
2016,11,2016-11-01,Sul,RS,Caxias do Sul,22.7,26.9,18.0,108.2,41.0,11.7,2,Médio
2016,12,2016-12-01,Norte,AM,Manaus,33.6,39.9,27.8,82.6,40.3,27.4,3,Baixo
2016,12,2016-12-01,Norte,PA,Belém,21.4,28.2,15.6,105.3,74.8,24.2,2,Médio
2016,12,2016-12-01,Norte,PA,Santarém,23.3,31.1,18.4,35.1,84.6,30.4,3,Médio
2016,12,2016-12-01,Norte,RO,Porto Velho,25.0,31.0,21.3,168.0,78.3,28.1,2,Médio
2016,12,2016-12-01,Norte,TO,Palmas,27.0,32.0,20.7,65.9,95.6,18.6,2,Alto
2016,12,2016-12-01,Nordeste,BA,Salvador,26.1,29.2,22.2,60.3,93.3,32.6,1,Crítico
2016,12,2016-12-01,Nordeste,BA,Feira de Santana,20.3,25.7,15.4,75.6,66.2,18.3,3,Alto
2016,12,2016-12-01,Nordeste,PE,Recife,22.7,26.8,17.0,31.7,58.2,2.6,3,Baixo
2016,12,2016-12-01,Nordeste,PE,Jaboatão dos Guararapes,28.9,34.9,25.7,53.9,84.7,10.6,1,Alto
2016,12,2016-12-01,Nordeste,CE,Fortaleza,25.6,31.0,21.9,165.2,45.9,12.0,4,Crítico
2016,12,2016-12-01,Nordeste,CE,Juazeiro do Norte,22.1,27.6,15.3,31.3,38.7,27.5,2,Crítico
2016,12,2016-12-01,Nordeste,MA,São Luís,24.5,31.8,19.4,108.5,79.6,26.3,4,Baixo
2016,12,2016-12-01,Nordeste,PB,João Pessoa,27.1,34.0,24.1,39.1,75.3,30.8,3,Médio
2016,12,2016-12-01,Centro-Oeste,DF,Brasília,24.6,31.5,20.4,491.5,66.3,2.0,1,Baixo
2016,12,2016-12-01,Centro-Oeste,GO,Goiânia,24.6,31.3,20.1,87.9,43.8,27.3,4,Crítico
2016,12,2016-12-01,Centro-Oeste,GO,Aparecida de Goiânia,25.1,31.4,21.4,32.8,43.6,34.7,3,Alto
2016,12,2016-12-01,Centro-Oeste,MT,Cuiabá,22.2,25.2,18.0,24.1,92.6,30.5,2,Crítico
2016,12,2016-12-01,Centro-Oeste,MS,Campo Grande,34.9,40.8,29.5,189.8,39.5,5.9,0,Alto
2016,12,2016-12-01,Sudeste,SP,São Paulo,29.4,33.3,23.6,75.0,42.3,21.7,2,Crítico
2016,12,2016-12-01,Sudeste,SP,Campinas,30.9,34.5,25.0,163.8,77.9,8.1,0,Crítico
2016,12,2016-12-01,Sudeste,SP,Ribeirão Preto,30.8,36.8,25.3,134.6,78.4,3.5,0,Baixo
2016,12,2016-12-01,Sudeste,RJ,Rio de Janeiro,15.4,23.1,8.9,64.3,45.1,8.5,2,Crítico
2016,12,2016-12-01,Sudeste,RJ,Niterói,16.8,19.9,13.6,37.2,38.1,32.7,1,Alto
2016,12,2016-12-01,Sudeste,RJ,Nova Iguaçu,20.3,27.2,15.0,252.0,42.4,9.1,3,Alto
2016,12,2016-12-01,Sudeste,RJ,Petrópolis,27.8,34.9,23.9,371.1,61.8,21.8,2,Baixo
2016,12,2016-12-01,Sudeste,MG,Belo Horizonte,28.2,33.0,21.3,93.1,92.7,28.4,1,Médio
2016,12,2016-12-01,Sudeste,MG,Uberlândia,25.1,32.6,18.9,31.5,96.5,24.7,1,Crítico
2016,12,2016-12-01,Sudeste,MG,Juiz de Fora,31.8,36.9,27.0,79.4,87.3,33.8,2,Baixo
2016,12,2016-12-01,Sudeste,ES,Vitória,22.3,27.9,19.2,117.4,60.5,26.9,3,Crítico
2016,12,2016-12-01,Sudeste,ES,Vila Velha,20.0,23.1,16.4,272.5,80.4,29.9,0,Alto
2016,12,2016-12-01,Sudeste,ES,Serra,23.8,28.4,16.8,105.8,46.5,20.9,1,Médio
2016,12,2016-12-01,Sul,PR,Curitiba,27.2,34.3,22.1,35.5,43.3,19.3,4,Alto
2016,12,2016-12-01,Sul,PR,Londrina,20.7,24.7,16.9,54.8,61.4,21.9,2,Alto
2016,12,2016-12-01,Sul,SC,Florianópolis,28.5,33.0,25.2,67.5,45.3,11.5,2,Alto
2016,12,2016-12-01,Sul,SC,Joinville,24.1,27.3,18.1,141.1,49.1,16.4,4,Médio
2016,12,2016-12-01,Sul,RS,Porto Alegre,25.9,33.7,19.8,32.7,54.3,6.9,3,Baixo
2016,12,2016-12-01,Sul,RS,Caxias do Sul,25.4,31.7,18.6,70.0,69.7,10.8,4,Alto
2017,1,2017-01-01,Norte,AM,Manaus,26.0,29.7,21.6,198.7,68.7,28.5,0,Médio
2017,1,2017-01-01,Norte,PA,Belém,18.0,23.0,11.5,104.4,87.7,7.4,2,Crítico
2017,1,2017-01-01,Norte,PA,Santarém,18.8,23.6,12.2,73.9,41.2,27.5,0,Crítico
2017,1,2017-01-01,Norte,RO,Porto Velho,23.8,29.0,20.2,123.4,80.4,19.3,3,Baixo
2017,1,2017-01-01,Norte,TO,Palmas,19.8,23.8,16.6,116.0,60.0,5.3,3,Crítico
2017,1,2017-01-01,Nordeste,BA,Salvador,26.7,33.4,19.8,36.3,87.0,32.8,4,Médio
2017,1,2017-01-01,Nordeste,BA,Feira de Santana,28.1,32.7,23.4,51.3,40.3,34.3,2,Baixo
2017,1,2017-01-01,Nordeste,PE,Recife,32.3,39.0,28.4,50.2,62.8,3.0,3,Baixo
2017,1,2017-01-01,Nordeste,PE,Jaboatão dos Guararapes,24.4,31.1,19.0,77.2,82.8,31.8,2,Médio
2017,1,2017-01-01,Nordeste,CE,Fortaleza,23.6,30.6,18.3,192.9,51.8,24.1,1,Baixo
2017,1,2017-01-01,Nordeste,CE,Juazeiro do Norte,25.4,33.1,21.1,71.1,36.7,18.0,0,Médio
2017,1,2017-01-01,Nordeste,MA,São Luís,30.0,36.2,24.8,205.1,67.4,28.4,1,Crítico
2017,1,2017-01-01,Nordeste,PB,João Pessoa,22.1,29.0,15.3,90.8,79.9,6.9,4,Alto
2017,1,2017-01-01,Centro-Oeste,DF,Brasília,19.6,25.4,13.5,123.8,77.9,21.2,2,Baixo
2017,1,2017-01-01,Centro-Oeste,GO,Goiânia,22.0,25.0,17.3,104.7,60.0,28.6,1,Médio
2017,1,2017-01-01,Centro-Oeste,GO,Aparecida de Goiânia,23.1,28.6,19.0,42.9,52.3,5.6,3,Médio
2017,1,2017-01-01,Centro-Oeste,MT,Cuiabá,24.0,30.1,18.6,39.3,39.8,18.8,2,Baixo
2017,1,2017-01-01,Centro-Oeste,MS,Campo Grande,23.0,28.5,18.3,30.4,86.5,27.1,0,Baixo
2017,1,2017-01-01,Sudeste,SP,São Paulo,20.5,27.8,16.0,144.7,66.6,26.3,1,Alto
2017,1,2017-01-01,Sudeste,SP,Campinas,25.3,31.2,18.6,28.1,71.7,31.2,1,Médio
2017,1,2017-01-01,Sudeste,SP,Ribeirão Preto,23.4,28.0,19.4,77.6,43.8,27.9,2,Crítico
2017,1,2017-01-01,Sudeste,RJ,Rio de Janeiro,26.9,30.0,22.2,139.3,91.4,21.5,2,Crítico
2017,1,2017-01-01,Sudeste,RJ,Niterói,21.2,25.1,14.9,53.2,64.1,12.7,3,Baixo
2017,1,2017-01-01,Sudeste,RJ,Nova Iguaçu,24.6,28.3,19.9,89.0,69.9,10.5,3,Baixo
2017,1,2017-01-01,Sudeste,RJ,Petrópolis,21.4,28.7,16.7,245.4,87.7,30.8,2,Médio
2017,1,2017-01-01,Sudeste,MG,Belo Horizonte,22.4,25.5,19.2,126.5,96.1,3.7,1,Crítico
2017,1,2017-01-01,Sudeste,MG,Uberlândia,25.1,30.6,19.5,69.1,91.4,3.7,3,Alto
2017,1,2017-01-01,Sudeste,MG,Juiz de Fora,27.6,34.3,21.8,59.9,78.1,4.1,2,Alto
2017,1,2017-01-01,Sudeste,ES,Vitória,24.6,28.4,21.2,69.0,38.3,22.0,1,Médio
2017,1,2017-01-01,Sudeste,ES,Vila Velha,23.7,28.7,17.4,152.7,61.3,34.6,2,Baixo
2017,1,2017-01-01,Sudeste,ES,Serra,23.6,28.0,17.6,88.0,36.5,2.4,7,Médio
2017,1,2017-01-01,Sul,PR,Curitiba,31.6,36.6,28.4,74.0,87.1,9.0,3,Baixo
2017,1,2017-01-01,Sul,PR,Londrina,21.8,27.3,16.2,154.5,56.3,15.9,1,Alto
2017,1,2017-01-01,Sul,SC,Florianópolis,23.8,28.1,17.4,30.1,71.7,27.1,3,Alto
2017,1,2017-01-01,Sul,SC,Joinville,31.0,38.6,24.8,41.7,79.0,22.4,3,Médio
2017,1,2017-01-01,Sul,RS,Porto Alegre,18.9,24.2,13.7,46.5,65.4,20.1,1,Alto
2017,1,2017-01-01,Sul,RS,Caxias do Sul,23.5,28.1,19.3,42.9,73.3,16.7,3,Alto
2017,2,2017-02-01,Norte,AM,Manaus,24.2,31.7,20.0,103.8,84.8,6.6,5,Baixo
2017,2,2017-02-01,Norte,PA,Belém,22.3,30.1,18.7,172.9,85.5,18.5,1,Alto
2017,2,2017-02-01,Norte,PA,Santarém,22.7,27.8,16.6,111.0,95.5,4.6,1,Crítico
2017,2,2017-02-01,Norte,RO,Porto Velho,25.1,31.7,21.2,190.2,36.3,33.9,2,Alto
2017,2,2017-02-01,Norte,TO,Palmas,30.2,37.4,24.1,189.5,45.1,13.9,3,Baixo
2017,2,2017-02-01,Nordeste,BA,Salvador,23.1,29.5,17.1,98.8,90.1,11.0,3,Alto
2017,2,2017-02-01,Nordeste,BA,Feira de Santana,24.7,31.2,19.1,71.5,45.0,32.2,1,Alto
2017,2,2017-02-01,Nordeste,PE,Recife,22.7,26.0,18.9,82.3,63.9,14.8,3,Alto
2017,2,2017-02-01,Nordeste,PE,Jaboatão dos Guararapes,22.9,27.7,18.8,87.3,67.1,14.1,1,Crítico
2017,2,2017-02-01,Nordeste,CE,Fortaleza,26.1,30.1,19.3,28.8,58.9,10.9,2,Alto
2017,2,2017-02-01,Nordeste,CE,Juazeiro do Norte,20.6,24.4,15.4,99.2,85.6,33.6,2,Alto
2017,2,2017-02-01,Nordeste,MA,São Luís,30.5,36.1,26.7,92.3,91.4,29.4,1,Alto
2017,2,2017-02-01,Nordeste,PB,João Pessoa,27.6,34.6,22.4,52.4,59.4,2.2,2,Médio
2017,2,2017-02-01,Centro-Oeste,DF,Brasília,25.7,30.3,21.8,62.2,46.6,11.5,4,Alto
2017,2,2017-02-01,Centro-Oeste,GO,Goiânia,31.6,34.7,24.9,106.5,44.6,4.0,0,Baixo
2017,2,2017-02-01,Centro-Oeste,GO,Aparecida de Goiânia,29.6,36.5,26.5,50.0,58.1,29.5,2,Médio
2017,2,2017-02-01,Centro-Oeste,MT,Cuiabá,25.2,30.3,20.7,110.9,95.0,13.0,2,Médio
2017,2,2017-02-01,Centro-Oeste,MS,Campo Grande,22.9,27.8,18.2,188.5,62.0,28.8,2,Alto
2017,2,2017-02-01,Sudeste,SP,São Paulo,24.7,32.1,20.5,41.8,80.0,34.3,1,Médio
2017,2,2017-02-01,Sudeste,SP,Campinas,30.7,36.0,24.3,111.7,39.1,9.1,3,Médio
2017,2,2017-02-01,Sudeste,SP,Ribeirão Preto,28.8,33.7,22.6,69.5,95.3,19.2,1,Crítico
2017,2,2017-02-01,Sudeste,RJ,Rio de Janeiro,16.2,22.6,10.7,41.7,78.7,9.7,1,Baixo
2017,2,2017-02-01,Sudeste,RJ,Niterói,29.2,35.6,24.7,142.4,42.3,19.0,2,Alto
2017,2,2017-02-01,Sudeste,RJ,Nova Iguaçu,25.1,28.1,18.3,72.1,70.8,12.3,1,Baixo
2017,2,2017-02-01,Sudeste,RJ,Petrópolis,24.7,29.3,17.9,60.7,74.8,8.9,0,Médio
2017,2,2017-02-01,Sudeste,MG,Belo Horizonte,27.5,31.3,22.9,92.5,82.7,23.3,3,Crítico
2017,2,2017-02-01,Sudeste,MG,Uberlândia,28.2,35.5,24.1,45.7,96.5,30.9,0,Crítico
2017,2,2017-02-01,Sudeste,MG,Juiz de Fora,24.1,31.1,17.8,115.2,37.0,18.3,2,Alto
2017,2,2017-02-01,Sudeste,ES,Vitória,22.2,26.4,18.5,70.1,90.4,33.3,0,Alto
2017,2,2017-02-01,Sudeste,ES,Vila Velha,23.5,27.1,18.4,37.0,73.5,16.9,3,Baixo
2017,2,2017-02-01,Sudeste,ES,Serra,33.6,39.0,29.7,75.6,40.1,20.4,0,Crítico
2017,2,2017-02-01,Sul,PR,Curitiba,26.3,31.0,20.6,63.6,88.6,14.2,1,Crítico
2017,2,2017-02-01,Sul,PR,Londrina,17.9,23.1,14.1,69.0,35.9,19.1,2,Médio
2017,2,2017-02-01,Sul,SC,Florianópolis,29.1,33.5,23.5,29.1,84.0,12.3,2,Crítico
2017,2,2017-02-01,Sul,SC,Joinville,21.1,24.8,17.0,67.6,76.9,5.5,2,Baixo
2017,2,2017-02-01,Sul,RS,Porto Alegre,26.9,31.7,21.1,109.8,94.9,32.6,1,Alto
2017,2,2017-02-01,Sul,RS,Caxias do Sul,32.7,39.3,29.1,41.4,40.9,3.8,4,Baixo
2017,3,2017-03-01,Norte,AM,Manaus,19.2,25.8,14.0,78.4,75.1,26.4,1,Baixo
2017,3,2017-03-01,Norte,PA,Belém,23.3,29.3,16.7,56.8,77.8,9.6,0,Médio
2017,3,2017-03-01,Norte,PA,Santarém,18.8,24.1,14.8,114.4,64.7,30.5,2,Baixo
2017,3,2017-03-01,Norte,RO,Porto Velho,32.3,35.3,26.8,125.0,36.6,6.6,2,Alto
2017,3,2017-03-01,Norte,TO,Palmas,32.0,35.3,26.7,115.3,72.5,27.1,3,Crítico
2017,3,2017-03-01,Nordeste,BA,Salvador,15.5,22.4,9.3,122.7,41.4,3.1,4,Alto
2017,3,2017-03-01,Nordeste,BA,Feira de Santana,22.0,26.5,16.5,68.7,93.8,25.7,5,Médio
2017,3,2017-03-01,Nordeste,PE,Recife,24.9,31.5,18.1,117.9,42.9,31.8,2,Baixo
2017,3,2017-03-01,Nordeste,PE,Jaboatão dos Guararapes,26.4,32.9,22.7,395.7,46.3,2.9,4,Médio
2017,3,2017-03-01,Nordeste,CE,Fortaleza,26.1,31.3,22.2,44.8,62.2,11.9,2,Crítico
2017,3,2017-03-01,Nordeste,CE,Juazeiro do Norte,20.5,26.6,13.5,164.4,89.4,25.0,3,Médio
2017,3,2017-03-01,Nordeste,MA,São Luís,22.5,30.2,16.0,170.6,60.5,9.3,4,Crítico
2017,3,2017-03-01,Nordeste,PB,João Pessoa,21.3,25.5,15.9,72.8,85.3,10.8,2,Crítico
2017,3,2017-03-01,Centro-Oeste,DF,Brasília,27.2,30.7,23.3,80.9,76.3,4.5,3,Crítico
2017,3,2017-03-01,Centro-Oeste,GO,Goiânia,27.8,33.6,20.9,184.1,58.8,14.7,1,Alto
2017,3,2017-03-01,Centro-Oeste,GO,Aparecida de Goiânia,25.5,28.6,18.5,51.2,66.3,20.4,3,Médio
2017,3,2017-03-01,Centro-Oeste,MT,Cuiabá,18.5,25.4,14.1,48.2,57.0,7.2,1,Crítico
2017,3,2017-03-01,Centro-Oeste,MS,Campo Grande,17.9,23.3,12.4,104.9,82.9,3.0,0,Crítico
2017,3,2017-03-01,Sudeste,SP,São Paulo,20.9,26.0,17.4,34.4,94.7,29.5,2,Baixo
2017,3,2017-03-01,Sudeste,SP,Campinas,28.6,33.9,23.1,47.0,55.4,4.6,1,Médio
2017,3,2017-03-01,Sudeste,SP,Ribeirão Preto,29.9,37.5,23.0,133.3,90.4,29.8,2,Baixo
2017,3,2017-03-01,Sudeste,RJ,Rio de Janeiro,28.8,35.6,24.4,86.6,71.7,34.2,2,Médio
2017,3,2017-03-01,Sudeste,RJ,Niterói,29.4,35.5,22.7,44.8,72.6,32.4,2,Alto
2017,3,2017-03-01,Sudeste,RJ,Nova Iguaçu,29.9,34.8,23.0,74.5,58.4,34.4,0,Crítico
2017,3,2017-03-01,Sudeste,RJ,Petrópolis,23.7,30.8,20.6,85.8,93.5,6.3,2,Crítico
2017,3,2017-03-01,Sudeste,MG,Belo Horizonte,23.9,27.9,20.0,136.4,80.0,28.6,2,Baixo
2017,3,2017-03-01,Sudeste,MG,Uberlândia,26.6,30.7,22.8,28.5,96.0,8.7,4,Baixo
2017,3,2017-03-01,Sudeste,MG,Juiz de Fora,23.7,30.1,16.9,52.8,65.4,26.9,1,Alto
2017,3,2017-03-01,Sudeste,ES,Vitória,22.9,26.0,19.6,78.8,57.4,9.6,2,Alto
2017,3,2017-03-01,Sudeste,ES,Vila Velha,24.9,30.4,18.2,28.1,87.5,11.7,4,Alto
2017,3,2017-03-01,Sudeste,ES,Serra,28.5,34.8,25.3,136.8,46.6,8.1,1,Médio
2017,3,2017-03-01,Sul,PR,Curitiba,27.0,31.5,23.2,98.4,73.7,19.8,3,Baixo
2017,3,2017-03-01,Sul,PR,Londrina,21.1,27.4,16.9,42.7,56.2,11.2,2,Médio
2017,3,2017-03-01,Sul,SC,Florianópolis,20.8,28.3,15.8,91.4,65.2,16.3,4,Alto
2017,3,2017-03-01,Sul,SC,Joinville,20.3,27.7,15.7,92.4,37.2,13.3,2,Crítico
2017,3,2017-03-01,Sul,RS,Porto Alegre,18.4,22.1,12.0,141.6,90.9,14.5,1,Alto
2017,3,2017-03-01,Sul,RS,Caxias do Sul,20.7,28.7,16.0,76.0,69.1,29.8,2,Baixo
2017,4,2017-04-01,Norte,AM,Manaus,24.1,29.4,18.1,34.1,76.0,34.3,6,Alto
2017,4,2017-04-01,Norte,PA,Belém,19.2,27.0,15.2,126.4,46.9,30.5,3,Crítico
2017,4,2017-04-01,Norte,PA,Santarém,18.6,24.2,12.6,18.5,64.1,3.5,3,Crítico
2017,4,2017-04-01,Norte,RO,Porto Velho,26.1,32.3,21.5,171.0,97.6,11.3,1,Alto
2017,4,2017-04-01,Norte,TO,Palmas,20.6,26.2,17.4,79.6,47.0,11.6,1,Médio
2017,4,2017-04-01,Nordeste,BA,Salvador,24.6,29.5,20.0,251.5,91.6,3.2,2,Crítico
2017,4,2017-04-01,Nordeste,BA,Feira de Santana,26.4,30.4,21.7,19.1,40.8,20.5,4,Alto
2017,4,2017-04-01,Nordeste,PE,Recife,25.4,30.8,20.5,44.7,57.9,15.0,1,Baixo
2017,4,2017-04-01,Nordeste,PE,Jaboatão dos Guararapes,34.8,38.2,29.3,125.1,75.7,5.1,2,Baixo
2017,4,2017-04-01,Nordeste,CE,Fortaleza,23.7,31.1,16.8,55.3,81.9,34.0,1,Crítico
2017,4,2017-04-01,Nordeste,CE,Juazeiro do Norte,24.6,32.2,19.9,147.4,96.9,7.7,3,Baixo
2017,4,2017-04-01,Nordeste,MA,São Luís,15.3,22.1,9.2,49.9,48.0,34.4,3,Baixo
2017,4,2017-04-01,Nordeste,PB,João Pessoa,21.1,27.7,17.4,103.1,44.9,10.4,5,Alto
2017,4,2017-04-01,Centro-Oeste,DF,Brasília,24.4,31.0,18.7,202.1,62.1,3.3,0,Crítico
2017,4,2017-04-01,Centro-Oeste,GO,Goiânia,33.2,39.8,29.3,21.2,58.0,22.1,4,Baixo
2017,4,2017-04-01,Centro-Oeste,GO,Aparecida de Goiânia,27.1,33.0,20.2,73.3,59.7,31.8,3,Médio
2017,4,2017-04-01,Centro-Oeste,MT,Cuiabá,23.5,28.4,18.5,310.0,48.2,10.3,5,Baixo
2017,4,2017-04-01,Centro-Oeste,MS,Campo Grande,26.6,33.8,23.6,127.4,52.1,14.2,4,Baixo
2017,4,2017-04-01,Sudeste,SP,São Paulo,31.1,38.6,26.2,140.9,78.3,5.4,3,Médio
2017,4,2017-04-01,Sudeste,SP,Campinas,19.6,24.0,15.7,102.0,53.4,10.9,2,Alto
2017,4,2017-04-01,Sudeste,SP,Ribeirão Preto,17.8,22.1,11.2,125.2,71.5,5.0,2,Crítico
2017,4,2017-04-01,Sudeste,RJ,Rio de Janeiro,31.7,37.8,26.3,207.8,57.3,20.5,0,Médio
2017,4,2017-04-01,Sudeste,RJ,Niterói,21.4,25.4,16.2,160.6,87.6,32.8,4,Alto
2017,4,2017-04-01,Sudeste,RJ,Nova Iguaçu,27.1,31.3,23.6,70.5,75.8,23.8,0,Médio
2017,4,2017-04-01,Sudeste,RJ,Petrópolis,28.7,32.5,25.5,145.7,90.9,2.8,3,Médio
2017,4,2017-04-01,Sudeste,MG,Belo Horizonte,24.1,27.7,17.9,92.8,68.8,5.6,1,Alto
2017,4,2017-04-01,Sudeste,MG,Uberlândia,27.8,35.1,24.2,78.1,70.0,32.5,4,Crítico
2017,4,2017-04-01,Sudeste,MG,Juiz de Fora,20.4,26.5,14.7,179.6,71.8,9.5,1,Médio
2017,4,2017-04-01,Sudeste,ES,Vitória,31.0,38.4,25.6,145.0,94.1,24.9,0,Médio
2017,4,2017-04-01,Sudeste,ES,Vila Velha,31.0,38.7,27.7,113.9,95.9,33.6,0,Baixo
2017,4,2017-04-01,Sudeste,ES,Serra,25.4,30.8,20.8,86.7,46.9,18.1,2,Alto
2017,4,2017-04-01,Sul,PR,Curitiba,26.9,30.9,23.0,176.0,76.6,19.7,2,Médio
2017,4,2017-04-01,Sul,PR,Londrina,21.9,28.6,18.9,101.5,95.8,10.7,4,Baixo
2017,4,2017-04-01,Sul,SC,Florianópolis,29.8,37.5,24.3,105.9,91.7,34.7,0,Alto
2017,4,2017-04-01,Sul,SC,Joinville,20.6,26.3,13.9,146.6,38.1,27.5,2,Baixo
2017,4,2017-04-01,Sul,RS,Porto Alegre,27.1,32.4,23.1,54.8,40.1,29.7,1,Alto
2017,4,2017-04-01,Sul,RS,Caxias do Sul,24.6,31.9,19.4,57.0,69.4,2.9,3,Crítico
2017,5,2017-05-01,Norte,AM,Manaus,29.4,33.7,24.7,42.6,88.2,24.6,1,Médio
2017,5,2017-05-01,Norte,PA,Belém,26.6,32.3,20.4,113.0,65.3,2.5,6,Médio
2017,5,2017-05-01,Norte,PA,Santarém,23.4,30.7,18.9,185.7,55.2,27.9,1,Baixo
2017,5,2017-05-01,Norte,RO,Porto Velho,13.7,21.7,8.0,106.0,92.0,10.0,1,Médio
2017,5,2017-05-01,Norte,TO,Palmas,24.0,29.5,17.6,141.6,66.7,22.9,2,Baixo
2017,5,2017-05-01,Nordeste,BA,Salvador,30.6,33.9,26.0,196.1,62.7,26.0,1,Alto
2017,5,2017-05-01,Nordeste,BA,Feira de Santana,17.2,24.1,13.2,100.7,89.4,31.0,4,Crítico
2017,5,2017-05-01,Nordeste,PE,Recife,30.7,38.5,25.8,151.8,97.7,13.8,2,Baixo
2017,5,2017-05-01,Nordeste,PE,Jaboatão dos Guararapes,24.2,27.4,17.8,81.5,57.1,34.5,1,Baixo
2017,5,2017-05-01,Nordeste,CE,Fortaleza,33.2,39.3,28.3,178.0,87.1,18.6,1,Médio
2017,5,2017-05-01,Nordeste,CE,Juazeiro do Norte,22.2,29.2,17.6,52.6,69.3,14.9,1,Baixo
2017,5,2017-05-01,Nordeste,MA,São Luís,31.5,38.8,28.5,92.5,70.8,32.3,3,Crítico
2017,5,2017-05-01,Nordeste,PB,João Pessoa,28.5,35.6,24.6,56.6,46.9,2.7,0,Crítico
2017,5,2017-05-01,Centro-Oeste,DF,Brasília,26.1,31.0,21.9,132.0,54.9,2.5,2,Alto
2017,5,2017-05-01,Centro-Oeste,GO,Goiânia,29.1,34.0,26.0,63.9,95.6,4.7,4,Crítico
2017,5,2017-05-01,Centro-Oeste,GO,Aparecida de Goiânia,19.3,25.2,15.7,113.7,79.3,5.3,3,Crítico
2017,5,2017-05-01,Centro-Oeste,MT,Cuiabá,30.0,33.0,24.5,38.2,54.8,27.6,0,Crítico
2017,5,2017-05-01,Centro-Oeste,MS,Campo Grande,21.8,29.1,17.3,89.4,87.4,7.1,0,Baixo
2017,5,2017-05-01,Sudeste,SP,São Paulo,22.7,27.5,18.5,103.6,64.8,10.8,3,Baixo
2017,5,2017-05-01,Sudeste,SP,Campinas,26.8,30.8,21.3,21.5,57.4,26.4,0,Baixo
2017,5,2017-05-01,Sudeste,SP,Ribeirão Preto,25.1,32.5,19.9,111.5,83.4,26.6,2,Baixo
2017,5,2017-05-01,Sudeste,RJ,Rio de Janeiro,27.9,33.2,21.6,200.8,85.9,16.8,1,Crítico
2017,5,2017-05-01,Sudeste,RJ,Niterói,21.8,29.8,16.9,141.4,73.4,4.5,2,Baixo
2017,5,2017-05-01,Sudeste,RJ,Nova Iguaçu,27.0,34.8,20.6,35.7,65.5,22.6,1,Médio
2017,5,2017-05-01,Sudeste,RJ,Petrópolis,26.1,32.9,20.6,130.5,39.9,13.6,2,Alto
2017,5,2017-05-01,Sudeste,MG,Belo Horizonte,31.4,38.9,27.4,107.9,88.5,30.6,6,Baixo
2017,5,2017-05-01,Sudeste,MG,Uberlândia,33.8,40.4,29.4,147.5,40.5,10.1,5,Médio
2017,5,2017-05-01,Sudeste,MG,Juiz de Fora,27.7,34.2,22.1,71.3,51.9,33.3,1,Médio
2017,5,2017-05-01,Sudeste,ES,Vitória,19.2,24.1,14.0,107.8,64.4,11.4,1,Médio
2017,5,2017-05-01,Sudeste,ES,Vila Velha,33.1,40.1,28.9,69.6,67.2,18.6,1,Médio
2017,5,2017-05-01,Sudeste,ES,Serra,27.8,32.0,23.3,242.0,97.3,10.1,3,Alto
2017,5,2017-05-01,Sul,PR,Curitiba,29.2,36.3,22.4,66.0,40.1,6.9,0,Baixo
2017,5,2017-05-01,Sul,PR,Londrina,24.2,32.0,18.7,42.6,69.1,17.7,2,Alto
2017,5,2017-05-01,Sul,SC,Florianópolis,29.5,37.2,24.6,59.4,76.8,9.6,0,Baixo
2017,5,2017-05-01,Sul,SC,Joinville,32.2,40.0,27.8,84.2,61.9,24.8,4,Crítico
2017,5,2017-05-01,Sul,RS,Porto Alegre,21.3,28.9,15.1,59.0,81.5,3.3,3,Médio
2017,5,2017-05-01,Sul,RS,Caxias do Sul,26.0,29.5,21.3,15.1,84.2,13.6,1,Baixo
2017,6,2017-06-01,Norte,AM,Manaus,26.3,32.4,19.7,125.6,38.9,27.5,2,Alto
2017,6,2017-06-01,Norte,PA,Belém,22.3,29.0,15.3,140.6,97.8,11.1,2,Baixo
2017,6,2017-06-01,Norte,PA,Santarém,20.2,27.4,17.0,216.8,59.3,7.4,1,Baixo
2017,6,2017-06-01,Norte,RO,Porto Velho,22.9,30.4,15.9,40.6,72.5,29.2,3,Médio
2017,6,2017-06-01,Norte,TO,Palmas,22.2,26.5,17.7,242.2,91.0,34.5,1,Baixo
2017,6,2017-06-01,Nordeste,BA,Salvador,30.0,35.2,26.8,44.8,97.5,19.1,3,Alto
2017,6,2017-06-01,Nordeste,BA,Feira de Santana,26.6,31.5,23.2,104.4,84.7,15.0,1,Médio
2017,6,2017-06-01,Nordeste,PE,Recife,22.7,27.6,18.0,205.7,35.4,6.4,4,Médio
2017,6,2017-06-01,Nordeste,PE,Jaboatão dos Guararapes,25.2,28.9,21.2,284.0,64.5,23.3,2,Baixo
2017,6,2017-06-01,Nordeste,CE,Fortaleza,30.1,33.6,24.4,147.7,72.4,14.8,2,Médio
2017,6,2017-06-01,Nordeste,CE,Juazeiro do Norte,21.6,25.7,16.5,70.7,56.1,30.2,1,Crítico
2017,6,2017-06-01,Nordeste,MA,São Luís,27.8,34.7,22.8,174.8,46.1,25.3,6,Baixo
2017,6,2017-06-01,Nordeste,PB,João Pessoa,22.6,30.1,16.6,201.1,72.6,13.1,2,Baixo
2017,6,2017-06-01,Centro-Oeste,DF,Brasília,22.6,29.4,18.1,216.1,77.3,28.7,4,Médio
2017,6,2017-06-01,Centro-Oeste,GO,Goiânia,31.4,37.9,25.2,159.0,82.7,20.0,2,Baixo
2017,6,2017-06-01,Centro-Oeste,GO,Aparecida de Goiânia,28.0,34.8,22.7,120.0,38.9,10.5,1,Médio
2017,6,2017-06-01,Centro-Oeste,MT,Cuiabá,24.4,29.2,21.3,33.6,61.9,21.8,1,Médio
2017,6,2017-06-01,Centro-Oeste,MS,Campo Grande,25.5,30.5,19.4,203.1,46.0,5.5,1,Baixo
2017,6,2017-06-01,Sudeste,SP,São Paulo,25.3,33.2,19.1,136.6,36.0,20.1,1,Médio
2017,6,2017-06-01,Sudeste,SP,Campinas,14.1,21.6,9.5,226.2,83.7,8.6,3,Crítico
2017,6,2017-06-01,Sudeste,SP,Ribeirão Preto,26.5,34.4,20.8,205.2,70.2,17.4,1,Médio
2017,6,2017-06-01,Sudeste,RJ,Rio de Janeiro,30.5,35.4,24.3,65.4,68.1,24.6,1,Baixo
2017,6,2017-06-01,Sudeste,RJ,Niterói,27.1,31.6,20.4,224.6,63.0,26.6,3,Crítico
2017,6,2017-06-01,Sudeste,RJ,Nova Iguaçu,25.1,31.0,20.0,55.3,42.7,8.5,2,Médio
2017,6,2017-06-01,Sudeste,RJ,Petrópolis,25.1,31.0,19.5,121.5,94.6,33.9,1,Médio
2017,6,2017-06-01,Sudeste,MG,Belo Horizonte,31.5,35.4,26.0,159.6,38.7,19.7,2,Crítico
2017,6,2017-06-01,Sudeste,MG,Uberlândia,23.7,28.5,18.7,49.0,76.5,21.6,0,Baixo
2017,6,2017-06-01,Sudeste,MG,Juiz de Fora,26.4,30.1,22.0,192.6,70.6,12.3,2,Alto
2017,6,2017-06-01,Sudeste,ES,Vitória,14.4,19.4,8.2,46.9,90.5,3.0,0,Crítico
2017,6,2017-06-01,Sudeste,ES,Vila Velha,31.3,34.6,26.8,76.8,49.0,28.0,1,Médio
2017,6,2017-06-01,Sudeste,ES,Serra,24.7,28.5,18.2,73.8,39.6,22.5,2,Médio
2017,6,2017-06-01,Sul,PR,Curitiba,32.2,39.9,29.1,81.3,94.4,19.8,1,Crítico
2017,6,2017-06-01,Sul,PR,Londrina,22.1,29.5,17.2,40.1,62.7,22.6,3,Baixo
2017,6,2017-06-01,Sul,SC,Florianópolis,22.2,28.6,17.4,169.7,69.1,3.8,0,Crítico
2017,6,2017-06-01,Sul,SC,Joinville,18.9,23.9,12.4,68.9,71.5,23.3,2,Crítico
2017,6,2017-06-01,Sul,RS,Porto Alegre,22.5,27.7,16.0,149.0,84.5,22.8,2,Médio
2017,6,2017-06-01,Sul,RS,Caxias do Sul,30.7,36.2,26.4,62.1,79.1,19.6,2,Médio
2017,7,2017-07-01,Norte,AM,Manaus,25.2,32.1,19.7,92.3,76.9,6.2,0,Médio
2017,7,2017-07-01,Norte,PA,Belém,16.7,21.2,12.0,105.1,95.0,16.6,1,Crítico
2017,7,2017-07-01,Norte,PA,Santarém,29.1,34.8,26.1,69.9,77.5,11.0,6,Médio
2017,7,2017-07-01,Norte,RO,Porto Velho,24.0,29.6,18.7,21.0,57.4,6.9,1,Crítico
2017,7,2017-07-01,Norte,TO,Palmas,20.8,25.2,15.1,227.3,71.0,34.3,5,Médio
2017,7,2017-07-01,Nordeste,BA,Salvador,23.6,26.7,20.2,222.0,64.6,17.3,0,Médio
2017,7,2017-07-01,Nordeste,BA,Feira de Santana,24.0,31.3,20.0,48.2,47.7,33.2,1,Crítico
2017,7,2017-07-01,Nordeste,PE,Recife,18.1,23.5,13.7,26.5,43.6,14.7,0,Alto
2017,7,2017-07-01,Nordeste,PE,Jaboatão dos Guararapes,27.7,33.3,23.4,127.5,48.7,27.6,1,Alto
2017,7,2017-07-01,Nordeste,CE,Fortaleza,26.0,33.3,19.5,122.4,76.4,17.1,1,Baixo
2017,7,2017-07-01,Nordeste,CE,Juazeiro do Norte,23.0,26.5,19.5,77.8,87.6,28.1,0,Alto
2017,7,2017-07-01,Nordeste,MA,São Luís,17.2,21.1,14.0,149.3,45.1,21.0,1,Alto
2017,7,2017-07-01,Nordeste,PB,João Pessoa,26.5,31.3,21.3,92.7,95.5,26.1,3,Alto
2017,7,2017-07-01,Centro-Oeste,DF,Brasília,27.9,31.5,23.0,196.1,38.1,31.9,4,Crítico
2017,7,2017-07-01,Centro-Oeste,GO,Goiânia,20.2,24.8,13.8,275.1,75.2,29.1,4,Crítico
2017,7,2017-07-01,Centro-Oeste,GO,Aparecida de Goiânia,25.9,32.6,22.5,121.1,62.5,2.3,3,Alto
2017,7,2017-07-01,Centro-Oeste,MT,Cuiabá,26.8,32.0,20.2,60.3,86.1,21.1,0,Baixo
2017,7,2017-07-01,Centro-Oeste,MS,Campo Grande,29.3,37.2,24.3,93.6,74.9,2.7,2,Alto
2017,7,2017-07-01,Sudeste,SP,São Paulo,25.3,31.5,19.9,197.4,41.8,21.8,1,Baixo
2017,7,2017-07-01,Sudeste,SP,Campinas,23.7,27.7,20.7,43.0,39.2,30.1,2,Baixo
2017,7,2017-07-01,Sudeste,SP,Ribeirão Preto,24.4,30.3,17.6,70.0,78.9,17.3,3,Alto
2017,7,2017-07-01,Sudeste,RJ,Rio de Janeiro,29.0,36.0,24.1,158.5,70.8,11.1,3,Alto
2017,7,2017-07-01,Sudeste,RJ,Niterói,26.1,33.4,22.3,27.3,63.8,30.5,1,Crítico
2017,7,2017-07-01,Sudeste,RJ,Nova Iguaçu,23.6,27.2,18.3,59.5,96.8,8.2,4,Crítico
2017,7,2017-07-01,Sudeste,RJ,Petrópolis,24.7,30.9,20.8,130.8,70.1,17.0,3,Baixo
2017,7,2017-07-01,Sudeste,MG,Belo Horizonte,26.3,33.6,19.4,131.3,58.9,21.3,1,Crítico
2017,7,2017-07-01,Sudeste,MG,Uberlândia,27.1,30.3,21.3,159.4,50.6,4.8,0,Baixo
2017,7,2017-07-01,Sudeste,MG,Juiz de Fora,22.9,29.4,19.8,85.0,46.4,3.9,4,Crítico
2017,7,2017-07-01,Sudeste,ES,Vitória,30.1,34.4,23.9,77.2,78.3,2.1,1,Médio
2017,7,2017-07-01,Sudeste,ES,Vila Velha,26.4,30.7,21.0,148.5,81.6,20.7,3,Baixo
2017,7,2017-07-01,Sudeste,ES,Serra,19.1,24.9,14.2,35.9,44.2,17.4,5,Médio
2017,7,2017-07-01,Sul,PR,Curitiba,29.5,34.0,25.9,21.5,67.3,13.0,3,Alto
2017,7,2017-07-01,Sul,PR,Londrina,22.2,27.0,15.3,122.8,84.5,8.0,1,Alto
2017,7,2017-07-01,Sul,SC,Florianópolis,22.5,27.0,18.2,187.9,35.9,13.5,3,Baixo
2017,7,2017-07-01,Sul,SC,Joinville,16.7,21.3,10.6,137.6,95.8,7.0,2,Crítico
2017,7,2017-07-01,Sul,RS,Porto Alegre,24.6,30.4,19.2,113.2,89.1,29.7,1,Baixo
2017,7,2017-07-01,Sul,RS,Caxias do Sul,30.5,37.7,24.9,131.2,65.4,10.6,0,Baixo
2017,8,2017-08-01,Norte,AM,Manaus,30.6,34.0,24.9,76.0,82.7,23.8,2,Baixo
2017,8,2017-08-01,Norte,PA,Belém,21.5,28.0,16.3,65.0,50.4,33.7,0,Baixo
2017,8,2017-08-01,Norte,PA,Santarém,26.2,31.1,22.9,38.2,85.1,20.0,1,Baixo
2017,8,2017-08-01,Norte,RO,Porto Velho,28.8,33.2,23.4,77.2,89.6,8.4,4,Crítico
2017,8,2017-08-01,Norte,TO,Palmas,26.5,31.4,20.2,104.7,77.8,19.5,4,Médio
2017,8,2017-08-01,Nordeste,BA,Salvador,20.5,27.1,15.1,90.0,62.6,18.7,0,Alto
2017,8,2017-08-01,Nordeste,BA,Feira de Santana,25.8,29.5,22.4,22.2,64.5,28.8,2,Médio
2017,8,2017-08-01,Nordeste,PE,Recife,21.8,24.9,15.2,38.0,41.8,17.4,2,Crítico
2017,8,2017-08-01,Nordeste,PE,Jaboatão dos Guararapes,28.8,35.1,24.7,217.5,74.7,4.3,0,Baixo
2017,8,2017-08-01,Nordeste,CE,Fortaleza,25.7,30.3,21.9,49.9,79.3,22.6,1,Alto
2017,8,2017-08-01,Nordeste,CE,Juazeiro do Norte,25.0,32.0,18.4,111.1,43.5,15.4,2,Baixo
2017,8,2017-08-01,Nordeste,MA,São Luís,24.6,28.7,19.0,45.2,91.5,7.6,1,Médio
2017,8,2017-08-01,Nordeste,PB,João Pessoa,17.1,20.5,10.4,65.7,61.8,3.6,5,Crítico
2017,8,2017-08-01,Centro-Oeste,DF,Brasília,29.1,33.8,23.6,136.9,47.5,23.1,1,Baixo
2017,8,2017-08-01,Centro-Oeste,GO,Goiânia,25.3,29.7,21.7,87.2,49.1,4.4,3,Alto
2017,8,2017-08-01,Centro-Oeste,GO,Aparecida de Goiânia,26.5,33.0,20.3,190.2,46.6,20.9,2,Crítico
2017,8,2017-08-01,Centro-Oeste,MT,Cuiabá,27.4,34.6,22.2,91.5,94.5,28.5,3,Alto
2017,8,2017-08-01,Centro-Oeste,MS,Campo Grande,24.8,31.3,19.3,182.8,73.3,33.3,5,Baixo
2017,8,2017-08-01,Sudeste,SP,São Paulo,30.0,33.3,26.8,77.5,44.6,28.5,1,Baixo
2017,8,2017-08-01,Sudeste,SP,Campinas,17.3,25.0,11.8,123.2,47.6,16.3,2,Alto
2017,8,2017-08-01,Sudeste,SP,Ribeirão Preto,26.2,30.8,22.3,189.3,68.9,30.2,1,Médio
2017,8,2017-08-01,Sudeste,RJ,Rio de Janeiro,24.6,28.9,21.5,174.4,84.8,31.7,3,Baixo
2017,8,2017-08-01,Sudeste,RJ,Niterói,23.4,29.2,19.1,183.2,70.8,28.0,2,Crítico
2017,8,2017-08-01,Sudeste,RJ,Nova Iguaçu,24.2,31.8,19.3,73.5,82.9,26.7,2,Baixo
2017,8,2017-08-01,Sudeste,RJ,Petrópolis,23.3,29.0,16.5,34.8,81.6,8.5,6,Médio
2017,8,2017-08-01,Sudeste,MG,Belo Horizonte,28.9,33.3,22.2,60.4,45.5,25.0,6,Baixo
2017,8,2017-08-01,Sudeste,MG,Uberlândia,25.7,31.1,21.3,24.8,43.2,9.8,2,Baixo
2017,8,2017-08-01,Sudeste,MG,Juiz de Fora,27.5,34.1,20.7,253.3,54.9,12.1,1,Baixo
2017,8,2017-08-01,Sudeste,ES,Vitória,24.8,32.3,18.0,158.1,44.8,19.0,5,Alto
2017,8,2017-08-01,Sudeste,ES,Vila Velha,28.4,34.2,23.2,37.1,84.8,25.2,1,Baixo
2017,8,2017-08-01,Sudeste,ES,Serra,21.5,26.9,16.7,98.3,37.2,14.3,1,Alto
2017,8,2017-08-01,Sul,PR,Curitiba,22.8,27.2,17.1,261.0,94.0,25.7,1,Alto
2017,8,2017-08-01,Sul,PR,Londrina,24.8,29.7,20.6,168.0,58.3,4.8,3,Baixo
2017,8,2017-08-01,Sul,SC,Florianópolis,29.9,34.2,26.3,67.9,46.8,27.4,2,Baixo
2017,8,2017-08-01,Sul,SC,Joinville,25.4,32.7,22.0,146.0,65.6,23.7,2,Médio
2017,8,2017-08-01,Sul,RS,Porto Alegre,21.1,26.3,16.7,144.3,41.1,32.3,3,Médio
2017,8,2017-08-01,Sul,RS,Caxias do Sul,20.4,25.2,13.9,57.5,52.9,14.7,2,Baixo
2017,9,2017-09-01,Norte,AM,Manaus,24.6,27.6,21.5,48.9,87.5,14.5,0,Crítico
2017,9,2017-09-01,Norte,PA,Belém,24.7,28.5,19.8,53.2,92.7,30.3,4,Baixo
2017,9,2017-09-01,Norte,PA,Santarém,25.9,30.1,22.4,125.8,59.0,4.9,2,Alto
2017,9,2017-09-01,Norte,RO,Porto Velho,25.2,28.9,21.2,52.1,71.1,19.8,0,Alto
2017,9,2017-09-01,Norte,TO,Palmas,14.8,18.9,8.1,88.2,43.7,19.8,1,Alto
2017,9,2017-09-01,Nordeste,BA,Salvador,23.6,29.8,17.0,106.3,63.6,14.2,4,Médio
2017,9,2017-09-01,Nordeste,BA,Feira de Santana,26.1,30.8,19.4,147.2,38.1,32.9,0,Baixo
2017,9,2017-09-01,Nordeste,PE,Recife,34.5,40.1,30.8,141.7,46.6,32.0,1,Médio
2017,9,2017-09-01,Nordeste,PE,Jaboatão dos Guararapes,19.3,24.0,15.7,141.2,65.8,6.6,2,Baixo
2017,9,2017-09-01,Nordeste,CE,Fortaleza,18.5,22.1,12.0,146.3,76.2,28.6,1,Baixo
2017,9,2017-09-01,Nordeste,CE,Juazeiro do Norte,27.3,30.5,22.6,52.0,46.7,3.6,1,Médio
2017,9,2017-09-01,Nordeste,MA,São Luís,25.3,32.4,19.7,173.1,36.5,8.2,1,Médio
2017,9,2017-09-01,Nordeste,PB,João Pessoa,22.1,26.2,17.1,287.6,56.4,24.3,3,Médio
2017,9,2017-09-01,Centro-Oeste,DF,Brasília,24.7,30.0,18.0,100.8,48.4,15.2,1,Médio
2017,9,2017-09-01,Centro-Oeste,GO,Goiânia,25.1,31.5,19.9,68.9,58.9,10.4,2,Médio
2017,9,2017-09-01,Centro-Oeste,GO,Aparecida de Goiânia,27.3,31.4,22.7,140.4,39.1,25.1,6,Baixo
2017,9,2017-09-01,Centro-Oeste,MT,Cuiabá,26.0,32.8,20.0,75.1,76.4,5.2,3,Alto
2017,9,2017-09-01,Centro-Oeste,MS,Campo Grande,22.7,29.8,17.3,56.9,69.8,24.2,4,Médio
2017,9,2017-09-01,Sudeste,SP,São Paulo,23.1,26.5,18.5,74.2,96.9,16.4,4,Médio
2017,9,2017-09-01,Sudeste,SP,Campinas,26.2,32.8,20.7,49.1,55.4,28.8,2,Alto
2017,9,2017-09-01,Sudeste,SP,Ribeirão Preto,24.7,31.4,19.8,182.5,62.9,25.8,1,Alto
2017,9,2017-09-01,Sudeste,RJ,Rio de Janeiro,21.7,26.6,18.6,78.8,80.9,17.2,1,Baixo
2017,9,2017-09-01,Sudeste,RJ,Niterói,26.8,30.7,21.2,172.4,62.8,19.4,1,Alto
2017,9,2017-09-01,Sudeste,RJ,Nova Iguaçu,25.3,31.7,21.5,56.3,42.4,16.3,2,Crítico
2017,9,2017-09-01,Sudeste,RJ,Petrópolis,25.6,32.8,20.7,65.6,68.2,30.6,1,Médio
2017,9,2017-09-01,Sudeste,MG,Belo Horizonte,23.5,28.8,20.3,135.6,52.0,34.3,1,Crítico
2017,9,2017-09-01,Sudeste,MG,Uberlândia,17.4,21.4,11.3,164.8,82.0,23.9,3,Alto
2017,9,2017-09-01,Sudeste,MG,Juiz de Fora,19.8,25.8,16.0,53.0,71.2,11.9,3,Baixo
2017,9,2017-09-01,Sudeste,ES,Vitória,25.0,28.5,18.0,94.9,83.0,25.1,2,Crítico
2017,9,2017-09-01,Sudeste,ES,Vila Velha,30.4,35.4,26.1,39.6,78.6,29.0,3,Crítico
2017,9,2017-09-01,Sudeste,ES,Serra,24.4,32.4,19.0,143.2,60.8,5.8,3,Crítico
2017,9,2017-09-01,Sul,PR,Curitiba,27.7,31.0,23.4,55.3,81.7,13.8,5,Alto
2017,9,2017-09-01,Sul,PR,Londrina,25.3,33.1,21.8,13.5,37.4,5.3,1,Alto
2017,9,2017-09-01,Sul,SC,Florianópolis,22.8,28.5,16.6,140.3,82.8,3.8,2,Baixo
2017,9,2017-09-01,Sul,SC,Joinville,30.4,35.7,26.8,184.2,65.0,11.7,1,Alto
2017,9,2017-09-01,Sul,RS,Porto Alegre,28.9,36.3,22.0,44.6,43.9,31.0,4,Médio
2017,9,2017-09-01,Sul,RS,Caxias do Sul,22.9,27.4,16.8,173.8,91.6,20.0,2,Baixo
2017,10,2017-10-01,Norte,AM,Manaus,28.3,34.8,23.1,28.2,48.4,29.8,2,Crítico
2017,10,2017-10-01,Norte,PA,Belém,27.6,33.4,22.8,112.0,65.4,3.6,2,Alto
2017,10,2017-10-01,Norte,PA,Santarém,29.8,37.5,23.8,54.4,37.9,34.5,1,Alto
2017,10,2017-10-01,Norte,RO,Porto Velho,28.0,31.6,22.7,90.7,92.1,24.0,2,Crítico
2017,10,2017-10-01,Norte,TO,Palmas,26.3,32.6,22.1,194.9,96.0,8.0,0,Crítico
2017,10,2017-10-01,Nordeste,BA,Salvador,26.5,30.8,21.1,53.1,45.9,15.5,2,Médio
2017,10,2017-10-01,Nordeste,BA,Feira de Santana,23.4,27.9,19.4,77.1,91.5,18.8,3,Alto
2017,10,2017-10-01,Nordeste,PE,Recife,22.9,28.4,19.8,163.2,35.4,21.4,0,Alto
2017,10,2017-10-01,Nordeste,PE,Jaboatão dos Guararapes,23.9,28.2,20.0,86.7,74.3,4.9,1,Médio
2017,10,2017-10-01,Nordeste,CE,Fortaleza,30.2,33.2,26.0,243.4,68.4,23.4,2,Alto
2017,10,2017-10-01,Nordeste,CE,Juazeiro do Norte,25.7,29.2,20.9,48.9,47.8,22.6,2,Alto
2017,10,2017-10-01,Nordeste,MA,São Luís,26.9,32.5,22.5,193.0,74.7,21.0,1,Médio
2017,10,2017-10-01,Nordeste,PB,João Pessoa,24.3,30.2,20.8,135.2,49.6,12.6,1,Médio
2017,10,2017-10-01,Centro-Oeste,DF,Brasília,26.4,32.0,20.1,183.9,62.5,13.4,2,Baixo
2017,10,2017-10-01,Centro-Oeste,GO,Goiânia,22.6,25.8,16.2,17.4,97.7,2.7,1,Médio
2017,10,2017-10-01,Centro-Oeste,GO,Aparecida de Goiânia,17.1,21.1,10.4,283.3,36.3,11.2,1,Crítico
2017,10,2017-10-01,Centro-Oeste,MT,Cuiabá,25.8,31.4,20.1,85.4,49.1,17.1,3,Crítico
2017,10,2017-10-01,Centro-Oeste,MS,Campo Grande,23.2,30.4,20.0,52.1,48.8,3.7,1,Alto
2017,10,2017-10-01,Sudeste,SP,São Paulo,25.4,30.2,18.7,106.3,64.0,7.1,5,Baixo
2017,10,2017-10-01,Sudeste,SP,Campinas,21.3,24.4,16.6,219.9,85.5,20.6,1,Crítico
2017,10,2017-10-01,Sudeste,SP,Ribeirão Preto,22.6,30.3,16.6,100.9,67.5,18.0,2,Alto
2017,10,2017-10-01,Sudeste,RJ,Rio de Janeiro,27.0,32.0,22.6,46.5,93.8,31.3,1,Médio
2017,10,2017-10-01,Sudeste,RJ,Niterói,21.1,24.6,14.3,174.4,49.2,9.7,2,Médio
2017,10,2017-10-01,Sudeste,RJ,Nova Iguaçu,19.2,23.0,12.7,113.9,75.7,5.4,1,Alto
2017,10,2017-10-01,Sudeste,RJ,Petrópolis,28.5,35.9,23.7,126.6,54.1,29.4,5,Baixo
2017,10,2017-10-01,Sudeste,MG,Belo Horizonte,29.5,33.8,26.1,130.7,65.2,13.7,1,Baixo
2017,10,2017-10-01,Sudeste,MG,Uberlândia,24.0,30.1,18.5,112.0,58.8,27.3,1,Crítico
2017,10,2017-10-01,Sudeste,MG,Juiz de Fora,30.2,36.3,23.5,71.0,51.0,9.6,6,Alto
2017,10,2017-10-01,Sudeste,ES,Vitória,28.0,34.5,22.7,37.8,46.4,5.6,3,Alto
2017,10,2017-10-01,Sudeste,ES,Vila Velha,21.8,28.1,18.2,233.7,75.1,19.5,1,Alto
2017,10,2017-10-01,Sudeste,ES,Serra,24.1,27.4,20.5,70.9,81.6,24.3,4,Crítico
2017,10,2017-10-01,Sul,PR,Curitiba,24.3,28.2,17.8,80.9,37.7,11.5,1,Baixo
2017,10,2017-10-01,Sul,PR,Londrina,23.8,28.3,18.4,53.2,72.6,31.0,5,Médio
2017,10,2017-10-01,Sul,SC,Florianópolis,33.2,37.6,28.8,82.6,46.7,27.7,1,Baixo
2017,10,2017-10-01,Sul,SC,Joinville,22.6,27.2,16.3,114.6,40.9,10.0,1,Alto
2017,10,2017-10-01,Sul,RS,Porto Alegre,24.4,30.6,19.3,103.2,82.0,23.2,1,Crítico
2017,10,2017-10-01,Sul,RS,Caxias do Sul,31.9,36.2,28.7,110.9,91.3,22.1,5,Médio
2017,11,2017-11-01,Norte,AM,Manaus,18.7,24.0,14.5,54.6,35.9,27.9,0,Crítico
2017,11,2017-11-01,Norte,PA,Belém,24.0,28.5,17.7,67.1,84.7,29.7,1,Baixo
2017,11,2017-11-01,Norte,PA,Santarém,32.6,37.6,28.0,173.2,49.3,31.7,1,Baixo
2017,11,2017-11-01,Norte,RO,Porto Velho,30.5,34.0,25.2,187.5,82.5,17.4,7,Crítico
2017,11,2017-11-01,Norte,TO,Palmas,21.0,25.5,17.5,136.2,80.6,27.1,5,Baixo
2017,11,2017-11-01,Nordeste,BA,Salvador,23.0,26.2,19.2,54.9,81.1,33.5,1,Alto
2017,11,2017-11-01,Nordeste,BA,Feira de Santana,26.0,33.2,19.3,24.7,61.5,32.1,2,Baixo
2017,11,2017-11-01,Nordeste,PE,Recife,20.4,26.2,14.8,166.0,66.9,31.7,3,Crítico
2017,11,2017-11-01,Nordeste,PE,Jaboatão dos Guararapes,25.6,33.1,22.2,306.5,35.1,14.4,0,Médio
2017,11,2017-11-01,Nordeste,CE,Fortaleza,28.6,35.6,25.5,109.1,92.1,14.5,4,Alto
2017,11,2017-11-01,Nordeste,CE,Juazeiro do Norte,23.7,28.5,20.0,173.5,97.6,30.2,1,Médio
2017,11,2017-11-01,Nordeste,MA,São Luís,24.6,31.4,19.2,256.4,77.3,10.4,2,Crítico
2017,11,2017-11-01,Nordeste,PB,João Pessoa,28.3,32.5,21.9,86.6,91.2,3.6,5,Médio
2017,11,2017-11-01,Centro-Oeste,DF,Brasília,27.1,31.7,21.5,49.8,78.7,17.6,0,Alto
2017,11,2017-11-01,Centro-Oeste,GO,Goiânia,24.3,28.9,20.8,117.3,69.8,10.9,2,Crítico
2017,11,2017-11-01,Centro-Oeste,GO,Aparecida de Goiânia,21.6,24.7,18.3,96.5,41.8,8.7,2,Crítico
2017,11,2017-11-01,Centro-Oeste,MT,Cuiabá,30.6,37.7,24.9,40.6,78.9,10.7,1,Médio
2017,11,2017-11-01,Centro-Oeste,MS,Campo Grande,23.6,29.1,18.6,180.4,37.4,4.3,3,Alto
2017,11,2017-11-01,Sudeste,SP,São Paulo,25.5,30.2,21.3,107.5,97.7,28.3,0,Alto
2017,11,2017-11-01,Sudeste,SP,Campinas,19.0,26.3,14.8,45.4,37.1,26.3,3,Médio
2017,11,2017-11-01,Sudeste,SP,Ribeirão Preto,24.5,29.3,20.5,104.1,42.3,2.7,1,Alto
2017,11,2017-11-01,Sudeste,RJ,Rio de Janeiro,24.7,28.6,21.5,141.8,73.3,30.1,2,Baixo
2017,11,2017-11-01,Sudeste,RJ,Niterói,17.0,20.6,10.7,33.0,66.5,15.2,3,Alto
2017,11,2017-11-01,Sudeste,RJ,Nova Iguaçu,19.9,23.0,16.8,66.5,79.3,18.5,3,Crítico
2017,11,2017-11-01,Sudeste,RJ,Petrópolis,26.9,31.0,21.2,70.3,70.7,15.8,5,Médio
2017,11,2017-11-01,Sudeste,MG,Belo Horizonte,24.2,29.3,21.1,109.6,44.0,13.0,1,Médio
2017,11,2017-11-01,Sudeste,MG,Uberlândia,28.4,32.3,24.5,81.9,84.3,2.2,3,Crítico
2017,11,2017-11-01,Sudeste,MG,Juiz de Fora,21.8,29.2,18.1,128.3,49.4,19.1,2,Alto
2017,11,2017-11-01,Sudeste,ES,Vitória,25.5,30.8,21.7,117.0,47.1,27.0,2,Crítico
2017,11,2017-11-01,Sudeste,ES,Vila Velha,24.2,30.4,20.3,92.2,85.7,26.6,0,Crítico
2017,11,2017-11-01,Sudeste,ES,Serra,20.1,23.8,15.2,43.7,74.5,17.1,4,Médio
2017,11,2017-11-01,Sul,PR,Curitiba,20.9,24.1,16.9,81.0,69.9,20.2,0,Médio
2017,11,2017-11-01,Sul,PR,Londrina,25.1,31.9,19.6,86.5,88.4,12.2,3,Crítico
2017,11,2017-11-01,Sul,SC,Florianópolis,16.7,24.4,11.6,135.8,41.7,7.0,2,Baixo
2017,11,2017-11-01,Sul,SC,Joinville,19.0,24.8,12.3,62.0,58.7,23.2,0,Crítico
2017,11,2017-11-01,Sul,RS,Porto Alegre,27.9,31.3,22.9,177.2,58.8,32.1,4,Baixo
2017,11,2017-11-01,Sul,RS,Caxias do Sul,34.1,40.4,28.2,21.8,93.3,13.6,0,Médio
2017,12,2017-12-01,Norte,AM,Manaus,21.8,28.2,16.4,126.3,47.0,11.5,2,Médio
2017,12,2017-12-01,Norte,PA,Belém,22.6,28.3,18.5,20.7,82.9,29.8,3,Médio
2017,12,2017-12-01,Norte,PA,Santarém,28.4,33.7,21.6,93.1,42.4,22.8,4,Alto
2017,12,2017-12-01,Norte,RO,Porto Velho,19.6,25.8,13.4,89.9,43.8,28.1,2,Médio
2017,12,2017-12-01,Norte,TO,Palmas,20.7,24.6,15.9,91.4,80.5,15.3,5,Crítico
2017,12,2017-12-01,Nordeste,BA,Salvador,25.0,29.5,20.7,80.8,66.7,19.6,0,Crítico
2017,12,2017-12-01,Nordeste,BA,Feira de Santana,21.6,27.4,16.8,68.5,63.9,11.2,2,Médio
2017,12,2017-12-01,Nordeste,PE,Recife,19.9,24.2,14.1,51.9,86.2,25.7,5,Alto
2017,12,2017-12-01,Nordeste,PE,Jaboatão dos Guararapes,28.3,33.6,21.8,147.8,95.0,15.8,4,Crítico
2017,12,2017-12-01,Nordeste,CE,Fortaleza,26.1,33.6,19.7,195.8,37.1,17.8,1,Baixo
2017,12,2017-12-01,Nordeste,CE,Juazeiro do Norte,24.5,31.7,18.7,169.9,79.9,12.0,3,Médio
2017,12,2017-12-01,Nordeste,MA,São Luís,17.4,23.8,11.8,51.1,79.0,3.9,1,Crítico
2017,12,2017-12-01,Nordeste,PB,João Pessoa,17.3,25.0,12.2,122.9,74.7,22.5,2,Crítico
2017,12,2017-12-01,Centro-Oeste,DF,Brasília,23.3,26.5,17.0,39.9,64.1,19.0,2,Crítico
2017,12,2017-12-01,Centro-Oeste,GO,Goiânia,28.9,32.0,22.6,149.6,86.9,32.5,3,Médio
2017,12,2017-12-01,Centro-Oeste,GO,Aparecida de Goiânia,25.1,30.1,21.4,101.4,92.9,5.8,2,Crítico
2017,12,2017-12-01,Centro-Oeste,MT,Cuiabá,27.9,35.8,22.5,43.7,63.2,24.0,1,Médio
2017,12,2017-12-01,Centro-Oeste,MS,Campo Grande,28.0,32.0,22.0,37.7,79.9,21.1,2,Alto
2017,12,2017-12-01,Sudeste,SP,São Paulo,24.7,29.2,20.1,41.0,87.8,6.4,4,Médio
2017,12,2017-12-01,Sudeste,SP,Campinas,28.5,32.6,22.5,184.8,69.1,12.1,2,Alto
2017,12,2017-12-01,Sudeste,SP,Ribeirão Preto,32.8,37.0,28.9,64.3,51.8,26.8,3,Baixo
2017,12,2017-12-01,Sudeste,RJ,Rio de Janeiro,29.3,36.5,25.9,77.9,61.2,5.1,2,Baixo
2017,12,2017-12-01,Sudeste,RJ,Niterói,26.3,33.0,21.2,147.6,56.9,7.1,2,Alto
2017,12,2017-12-01,Sudeste,RJ,Nova Iguaçu,19.4,25.6,14.5,92.2,73.1,8.4,1,Crítico
2017,12,2017-12-01,Sudeste,RJ,Petrópolis,18.7,24.0,14.4,187.9,93.0,31.4,2,Crítico
2017,12,2017-12-01,Sudeste,MG,Belo Horizonte,25.5,30.5,19.3,35.6,97.6,13.8,2,Médio
2017,12,2017-12-01,Sudeste,MG,Uberlândia,22.5,28.7,17.4,193.4,37.3,26.3,3,Alto
2017,12,2017-12-01,Sudeste,MG,Juiz de Fora,22.8,26.8,18.6,124.8,86.9,15.2,2,Alto
2017,12,2017-12-01,Sudeste,ES,Vitória,21.8,28.8,18.0,166.7,60.1,29.1,2,Baixo
2017,12,2017-12-01,Sudeste,ES,Vila Velha,15.3,22.4,8.5,25.6,72.9,20.4,1,Baixo
2017,12,2017-12-01,Sudeste,ES,Serra,31.3,35.8,24.7,78.0,86.3,13.0,2,Crítico
2017,12,2017-12-01,Sul,PR,Curitiba,19.8,26.4,14.9,42.2,48.6,10.0,1,Médio
2017,12,2017-12-01,Sul,PR,Londrina,25.0,29.9,21.6,118.6,37.3,2.1,2,Crítico
2017,12,2017-12-01,Sul,SC,Florianópolis,28.5,35.0,24.6,65.1,84.3,18.0,2,Baixo
2017,12,2017-12-01,Sul,SC,Joinville,22.7,29.1,18.3,65.6,48.9,27.8,2,Médio
2017,12,2017-12-01,Sul,RS,Porto Alegre,22.3,25.5,16.8,131.5,75.6,22.7,3,Médio
2017,12,2017-12-01,Sul,RS,Caxias do Sul,20.3,27.2,16.3,56.1,97.7,10.4,3,Crítico
2018,1,2018-01-01,Norte,AM,Manaus,24.9,32.9,18.3,74.1,86.0,11.8,2,Médio
2018,1,2018-01-01,Norte,PA,Belém,21.3,28.4,18.3,89.4,73.2,32.3,2,Médio
2018,1,2018-01-01,Norte,PA,Santarém,21.2,25.1,16.3,225.5,93.5,21.0,3,Alto
2018,1,2018-01-01,Norte,RO,Porto Velho,26.2,32.7,21.1,88.9,43.1,31.5,3,Alto
2018,1,2018-01-01,Norte,TO,Palmas,24.2,29.2,17.6,56.0,51.7,30.9,2,Crítico
2018,1,2018-01-01,Nordeste,BA,Salvador,28.9,33.2,25.8,82.6,40.0,5.8,0,Baixo
2018,1,2018-01-01,Nordeste,BA,Feira de Santana,23.8,27.4,17.4,160.3,76.0,21.3,2,Alto
2018,1,2018-01-01,Nordeste,PE,Recife,29.1,33.5,25.7,90.5,63.2,19.9,1,Crítico
2018,1,2018-01-01,Nordeste,PE,Jaboatão dos Guararapes,26.0,31.2,19.7,95.6,95.0,30.7,4,Baixo
2018,1,2018-01-01,Nordeste,CE,Fortaleza,18.6,26.2,11.6,86.3,76.1,17.6,2,Baixo
2018,1,2018-01-01,Nordeste,CE,Juazeiro do Norte,31.5,38.7,27.2,193.4,85.0,21.9,2,Médio
2018,1,2018-01-01,Nordeste,MA,São Luís,24.3,30.2,19.5,80.3,60.7,32.7,0,Crítico
2018,1,2018-01-01,Nordeste,PB,João Pessoa,28.0,34.8,22.6,149.0,56.7,15.2,2,Crítico
2018,1,2018-01-01,Centro-Oeste,DF,Brasília,23.4,26.4,18.0,79.9,48.8,34.3,3,Alto
2018,1,2018-01-01,Centro-Oeste,GO,Goiânia,24.7,29.1,19.0,32.1,81.6,19.3,0,Baixo
2018,1,2018-01-01,Centro-Oeste,GO,Aparecida de Goiânia,25.7,31.3,20.6,78.1,97.4,27.5,1,Alto
2018,1,2018-01-01,Centro-Oeste,MT,Cuiabá,22.6,26.1,16.8,88.8,35.4,14.6,0,Alto
2018,1,2018-01-01,Centro-Oeste,MS,Campo Grande,25.1,30.8,21.7,132.5,53.9,24.4,3,Médio
2018,1,2018-01-01,Sudeste,SP,São Paulo,26.1,32.9,20.9,33.7,65.3,25.2,2,Baixo
2018,1,2018-01-01,Sudeste,SP,Campinas,30.7,33.9,24.2,199.0,38.0,12.6,0,Médio
2018,1,2018-01-01,Sudeste,SP,Ribeirão Preto,25.5,28.6,18.9,147.6,78.9,21.5,2,Médio
2018,1,2018-01-01,Sudeste,RJ,Rio de Janeiro,21.6,26.4,15.3,143.6,55.6,22.8,1,Alto
2018,1,2018-01-01,Sudeste,RJ,Niterói,32.7,40.1,27.4,28.5,78.9,12.3,3,Crítico
2018,1,2018-01-01,Sudeste,RJ,Nova Iguaçu,29.6,36.1,25.4,72.9,50.6,7.0,1,Médio
2018,1,2018-01-01,Sudeste,RJ,Petrópolis,18.8,26.5,14.1,55.1,85.6,25.1,1,Alto
2018,1,2018-01-01,Sudeste,MG,Belo Horizonte,29.3,37.3,26.0,77.1,65.6,9.3,2,Crítico
2018,1,2018-01-01,Sudeste,MG,Uberlândia,30.4,36.5,23.9,92.0,55.9,20.9,0,Alto
2018,1,2018-01-01,Sudeste,MG,Juiz de Fora,23.6,26.8,18.5,84.7,62.6,20.5,1,Baixo
2018,1,2018-01-01,Sudeste,ES,Vitória,22.1,26.3,17.7,155.3,97.1,2.3,2,Baixo
2018,1,2018-01-01,Sudeste,ES,Vila Velha,26.3,30.4,20.6,87.5,86.0,35.0,0,Baixo
2018,1,2018-01-01,Sudeste,ES,Serra,23.9,27.5,19.9,45.3,95.6,8.9,3,Alto
2018,1,2018-01-01,Sul,PR,Curitiba,34.8,39.4,30.5,84.2,46.7,4.1,2,Crítico
2018,1,2018-01-01,Sul,PR,Londrina,21.5,27.7,15.9,79.6,72.9,11.0,4,Alto
2018,1,2018-01-01,Sul,SC,Florianópolis,22.1,27.6,19.0,33.7,37.6,18.4,0,Baixo
2018,1,2018-01-01,Sul,SC,Joinville,26.3,30.3,21.1,166.1,47.1,10.8,5,Médio
2018,1,2018-01-01,Sul,RS,Porto Alegre,31.1,38.9,27.9,8.6,66.5,30.7,1,Alto
2018,1,2018-01-01,Sul,RS,Caxias do Sul,29.1,32.2,23.8,81.6,40.9,8.7,1,Crítico
2018,2,2018-02-01,Norte,AM,Manaus,22.0,26.8,18.9,92.1,72.3,25.5,5,Alto
2018,2,2018-02-01,Norte,PA,Belém,21.5,29.1,14.8,212.2,44.3,6.5,0,Baixo
2018,2,2018-02-01,Norte,PA,Santarém,21.2,25.3,16.0,91.6,39.2,11.7,1,Alto
2018,2,2018-02-01,Norte,RO,Porto Velho,27.9,35.2,22.3,57.2,77.6,9.3,3,Crítico
2018,2,2018-02-01,Norte,TO,Palmas,22.1,25.4,17.3,142.6,36.3,18.5,3,Baixo
2018,2,2018-02-01,Nordeste,BA,Salvador,21.6,27.6,16.1,30.7,74.1,30.0,0,Alto
2018,2,2018-02-01,Nordeste,BA,Feira de Santana,21.9,26.2,15.0,236.7,64.9,4.4,4,Médio
2018,2,2018-02-01,Nordeste,PE,Recife,27.2,33.2,22.7,214.0,83.0,11.2,3,Baixo
2018,2,2018-02-01,Nordeste,PE,Jaboatão dos Guararapes,23.3,30.1,17.0,73.9,84.5,21.5,2,Crítico
2018,2,2018-02-01,Nordeste,CE,Fortaleza,18.2,22.5,11.8,105.8,58.3,4.7,0,Médio
2018,2,2018-02-01,Nordeste,CE,Juazeiro do Norte,25.9,29.0,21.9,21.0,37.4,8.6,2,Alto
2018,2,2018-02-01,Nordeste,MA,São Luís,25.8,29.8,20.6,42.6,65.4,28.4,1,Médio
2018,2,2018-02-01,Nordeste,PB,João Pessoa,22.5,27.1,18.4,27.1,37.4,4.1,1,Baixo
2018,2,2018-02-01,Centro-Oeste,DF,Brasília,27.7,32.3,21.3,30.8,80.5,30.9,0,Crítico
2018,2,2018-02-01,Centro-Oeste,GO,Goiânia,25.5,29.5,21.2,123.7,44.5,27.2,2,Médio
2018,2,2018-02-01,Centro-Oeste,GO,Aparecida de Goiânia,25.9,30.3,21.9,94.2,46.6,16.4,1,Alto
2018,2,2018-02-01,Centro-Oeste,MT,Cuiabá,20.9,26.5,17.0,126.5,43.8,3.2,0,Baixo
2018,2,2018-02-01,Centro-Oeste,MS,Campo Grande,22.5,29.4,16.7,96.9,84.0,24.1,1,Alto
2018,2,2018-02-01,Sudeste,SP,São Paulo,28.4,32.1,21.9,41.8,88.0,6.6,2,Alto
2018,2,2018-02-01,Sudeste,SP,Campinas,25.4,31.6,19.1,79.8,75.0,26.4,3,Baixo
2018,2,2018-02-01,Sudeste,SP,Ribeirão Preto,25.0,29.7,21.0,78.4,86.9,30.2,2,Baixo
2018,2,2018-02-01,Sudeste,RJ,Rio de Janeiro,29.3,33.2,25.0,77.4,56.0,9.5,1,Médio
2018,2,2018-02-01,Sudeste,RJ,Niterói,24.9,28.2,21.2,166.1,82.4,25.9,1,Médio
2018,2,2018-02-01,Sudeste,RJ,Nova Iguaçu,31.0,38.7,27.4,41.2,67.6,10.6,3,Médio
2018,2,2018-02-01,Sudeste,RJ,Petrópolis,26.6,30.0,23.4,80.2,97.5,28.3,3,Médio
2018,2,2018-02-01,Sudeste,MG,Belo Horizonte,21.7,29.4,18.6,145.6,48.9,32.8,1,Médio
2018,2,2018-02-01,Sudeste,MG,Uberlândia,20.6,28.5,14.3,104.9,41.6,14.1,2,Baixo
2018,2,2018-02-01,Sudeste,MG,Juiz de Fora,28.3,31.6,23.7,117.9,62.1,17.6,1,Crítico
2018,2,2018-02-01,Sudeste,ES,Vitória,27.3,34.6,24.2,29.9,53.1,16.1,2,Baixo
2018,2,2018-02-01,Sudeste,ES,Vila Velha,27.1,34.7,20.5,68.6,68.4,29.7,2,Baixo
2018,2,2018-02-01,Sudeste,ES,Serra,21.7,25.3,16.5,72.7,51.2,11.9,2,Baixo
2018,2,2018-02-01,Sul,PR,Curitiba,25.3,32.4,19.5,123.5,90.2,9.2,2,Baixo
2018,2,2018-02-01,Sul,PR,Londrina,27.3,33.9,23.4,301.4,87.8,14.4,2,Médio
2018,2,2018-02-01,Sul,SC,Florianópolis,27.7,33.0,24.3,112.2,78.8,26.4,2,Alto
2018,2,2018-02-01,Sul,SC,Joinville,31.5,34.7,25.7,173.6,80.3,22.0,3,Crítico
2018,2,2018-02-01,Sul,RS,Porto Alegre,24.0,29.9,17.8,36.6,77.0,26.9,2,Crítico
2018,2,2018-02-01,Sul,RS,Caxias do Sul,26.2,30.2,20.1,42.3,77.2,33.3,0,Médio
2018,3,2018-03-01,Norte,AM,Manaus,28.3,32.0,24.1,246.4,92.5,18.4,4,Médio
2018,3,2018-03-01,Norte,PA,Belém,21.0,25.8,15.1,129.6,38.6,12.8,1,Crítico
2018,3,2018-03-01,Norte,PA,Santarém,23.6,27.4,20.0,43.6,37.6,15.0,1,Baixo
2018,3,2018-03-01,Norte,RO,Porto Velho,22.7,28.6,19.2,18.2,54.8,30.3,2,Baixo
2018,3,2018-03-01,Norte,TO,Palmas,25.9,30.1,22.5,75.2,54.5,2.2,1,Crítico
2018,3,2018-03-01,Nordeste,BA,Salvador,27.3,34.9,21.7,175.8,46.1,15.6,1,Baixo
2018,3,2018-03-01,Nordeste,BA,Feira de Santana,25.9,31.9,21.8,60.5,97.6,29.4,0,Alto
2018,3,2018-03-01,Nordeste,PE,Recife,22.8,27.8,17.7,49.9,72.4,3.8,1,Baixo
2018,3,2018-03-01,Nordeste,PE,Jaboatão dos Guararapes,21.4,28.2,17.7,87.7,60.4,7.5,2,Alto
2018,3,2018-03-01,Nordeste,CE,Fortaleza,22.7,30.1,18.1,68.3,36.9,11.6,3,Alto
2018,3,2018-03-01,Nordeste,CE,Juazeiro do Norte,27.1,30.1,23.0,233.3,91.7,32.5,2,Alto
2018,3,2018-03-01,Nordeste,MA,São Luís,30.2,34.5,26.8,136.0,44.7,24.2,2,Crítico
2018,3,2018-03-01,Nordeste,PB,João Pessoa,26.3,34.2,21.7,44.2,82.7,8.4,0,Baixo
2018,3,2018-03-01,Centro-Oeste,DF,Brasília,23.5,27.0,18.1,165.5,36.6,4.5,3,Alto
2018,3,2018-03-01,Centro-Oeste,GO,Goiânia,23.0,29.5,18.8,117.4,41.1,9.6,0,Crítico
2018,3,2018-03-01,Centro-Oeste,GO,Aparecida de Goiânia,22.4,25.6,17.3,174.2,43.5,6.8,1,Médio
2018,3,2018-03-01,Centro-Oeste,MT,Cuiabá,24.5,28.2,19.2,23.7,39.2,13.5,3,Alto
2018,3,2018-03-01,Centro-Oeste,MS,Campo Grande,31.4,37.8,27.0,88.7,85.0,11.1,0,Alto
2018,3,2018-03-01,Sudeste,SP,São Paulo,20.0,25.7,14.6,41.0,86.6,33.4,6,Alto
2018,3,2018-03-01,Sudeste,SP,Campinas,25.2,29.6,21.7,34.2,50.1,26.4,1,Baixo
2018,3,2018-03-01,Sudeste,SP,Ribeirão Preto,27.3,31.6,23.0,166.4,67.4,6.9,1,Alto
2018,3,2018-03-01,Sudeste,RJ,Rio de Janeiro,27.7,31.9,22.6,141.3,44.2,18.9,0,Baixo
2018,3,2018-03-01,Sudeste,RJ,Niterói,24.5,29.0,21.3,52.4,70.9,2.1,2,Médio
2018,3,2018-03-01,Sudeste,RJ,Nova Iguaçu,28.9,34.0,22.0,25.6,83.1,27.6,2,Médio
2018,3,2018-03-01,Sudeste,RJ,Petrópolis,18.4,22.3,12.9,19.2,77.0,16.6,3,Alto
2018,3,2018-03-01,Sudeste,MG,Belo Horizonte,25.0,31.9,21.2,115.8,78.7,7.1,0,Médio
2018,3,2018-03-01,Sudeste,MG,Uberlândia,22.3,26.8,18.2,55.5,57.6,15.9,2,Médio
2018,3,2018-03-01,Sudeste,MG,Juiz de Fora,28.2,31.4,23.7,241.4,37.1,6.0,0,Crítico
2018,3,2018-03-01,Sudeste,ES,Vitória,28.2,32.7,21.2,46.7,56.2,21.1,1,Crítico
2018,3,2018-03-01,Sudeste,ES,Vila Velha,28.9,34.7,22.6,110.2,92.8,5.6,0,Médio
2018,3,2018-03-01,Sudeste,ES,Serra,20.4,25.9,14.5,49.0,51.9,31.9,3,Alto
2018,3,2018-03-01,Sul,PR,Curitiba,19.5,24.7,15.1,97.0,81.5,9.8,4,Alto
2018,3,2018-03-01,Sul,PR,Londrina,31.1,34.3,25.6,45.2,44.2,18.4,3,Médio
2018,3,2018-03-01,Sul,SC,Florianópolis,26.9,30.0,23.0,239.5,74.3,8.4,4,Alto
2018,3,2018-03-01,Sul,SC,Joinville,26.2,29.9,23.1,94.2,57.2,18.7,1,Crítico
2018,3,2018-03-01,Sul,RS,Porto Alegre,18.9,22.7,14.8,140.6,82.7,25.3,1,Alto
2018,3,2018-03-01,Sul,RS,Caxias do Sul,30.0,33.5,25.3,173.0,86.3,27.5,0,Baixo
2018,4,2018-04-01,Norte,AM,Manaus,25.9,33.0,20.0,100.1,59.5,30.8,1,Médio
2018,4,2018-04-01,Norte,PA,Belém,21.3,24.8,15.5,50.4,58.7,18.9,0,Médio
2018,4,2018-04-01,Norte,PA,Santarém,27.2,30.3,20.5,128.1,40.4,4.3,3,Crítico
2018,4,2018-04-01,Norte,RO,Porto Velho,22.7,30.4,16.8,29.5,41.8,26.4,2,Baixo
2018,4,2018-04-01,Norte,TO,Palmas,24.0,30.0,20.1,6.0,71.1,30.8,3,Alto
2018,4,2018-04-01,Nordeste,BA,Salvador,20.5,27.4,15.2,70.3,45.0,27.4,2,Médio
2018,4,2018-04-01,Nordeste,BA,Feira de Santana,25.2,28.8,20.4,149.1,36.5,4.2,1,Médio
2018,4,2018-04-01,Nordeste,PE,Recife,19.2,22.5,14.4,217.5,92.4,4.1,2,Baixo
2018,4,2018-04-01,Nordeste,PE,Jaboatão dos Guararapes,24.3,30.8,18.8,250.1,75.0,19.7,3,Médio
2018,4,2018-04-01,Nordeste,CE,Fortaleza,27.5,32.2,23.7,153.7,65.5,23.6,2,Alto
2018,4,2018-04-01,Nordeste,CE,Juazeiro do Norte,18.9,23.5,12.1,166.4,84.6,9.7,2,Baixo
2018,4,2018-04-01,Nordeste,MA,São Luís,19.9,27.8,13.2,103.4,54.1,32.3,1,Baixo
2018,4,2018-04-01,Nordeste,PB,João Pessoa,19.4,22.7,15.2,175.0,83.6,20.1,4,Médio
2018,4,2018-04-01,Centro-Oeste,DF,Brasília,25.5,29.1,20.9,52.3,49.4,10.2,3,Baixo
2018,4,2018-04-01,Centro-Oeste,GO,Goiânia,24.1,28.3,17.5,61.5,93.2,30.2,0,Baixo
2018,4,2018-04-01,Centro-Oeste,GO,Aparecida de Goiânia,27.3,34.3,23.4,143.7,46.4,28.3,1,Médio
2018,4,2018-04-01,Centro-Oeste,MT,Cuiabá,26.8,33.5,22.6,28.2,63.5,21.0,2,Crítico
2018,4,2018-04-01,Centro-Oeste,MS,Campo Grande,30.6,35.2,24.9,93.9,85.9,26.9,1,Alto
2018,4,2018-04-01,Sudeste,SP,São Paulo,20.6,27.1,13.8,76.9,72.6,22.7,4,Médio
2018,4,2018-04-01,Sudeste,SP,Campinas,28.6,33.6,22.7,11.1,47.8,22.5,3,Alto
2018,4,2018-04-01,Sudeste,SP,Ribeirão Preto,19.0,23.1,13.4,36.9,86.2,26.7,0,Baixo
2018,4,2018-04-01,Sudeste,RJ,Rio de Janeiro,15.8,22.4,11.0,167.2,84.7,24.9,3,Alto
2018,4,2018-04-01,Sudeste,RJ,Niterói,23.9,27.2,19.3,180.1,73.1,9.8,1,Baixo
2018,4,2018-04-01,Sudeste,RJ,Nova Iguaçu,27.5,31.4,24.2,93.3,77.4,21.8,3,Alto
2018,4,2018-04-01,Sudeste,RJ,Petrópolis,23.6,28.1,19.3,105.7,75.2,27.4,3,Médio
2018,4,2018-04-01,Sudeste,MG,Belo Horizonte,23.0,28.9,16.1,33.9,36.4,13.3,4,Médio
2018,4,2018-04-01,Sudeste,MG,Uberlândia,25.4,32.9,19.0,84.1,45.1,23.7,0,Crítico
2018,4,2018-04-01,Sudeste,MG,Juiz de Fora,23.8,27.6,19.6,39.1,42.8,30.0,3,Médio
2018,4,2018-04-01,Sudeste,ES,Vitória,22.0,27.8,16.3,23.4,75.1,15.4,4,Médio
2018,4,2018-04-01,Sudeste,ES,Vila Velha,30.1,37.5,26.6,87.4,67.0,6.1,1,Crítico
2018,4,2018-04-01,Sudeste,ES,Serra,24.3,27.5,19.2,75.9,64.8,13.5,1,Crítico
2018,4,2018-04-01,Sul,PR,Curitiba,27.9,35.6,22.7,70.1,73.0,19.0,3,Baixo
2018,4,2018-04-01,Sul,PR,Londrina,26.4,29.6,20.5,201.4,90.8,8.8,3,Baixo
2018,4,2018-04-01,Sul,SC,Florianópolis,28.0,35.3,23.4,45.3,91.5,25.7,4,Médio
2018,4,2018-04-01,Sul,SC,Joinville,24.7,32.2,20.4,65.9,65.0,19.4,2,Crítico
2018,4,2018-04-01,Sul,RS,Porto Alegre,25.3,33.2,20.9,73.3,89.4,28.5,3,Crítico
2018,4,2018-04-01,Sul,RS,Caxias do Sul,20.9,24.4,15.3,131.7,81.1,34.9,1,Médio
2018,5,2018-05-01,Norte,AM,Manaus,19.0,25.8,13.6,124.2,89.9,12.3,3,Médio
2018,5,2018-05-01,Norte,PA,Belém,24.3,31.8,19.2,79.7,96.8,6.0,0,Médio
2018,5,2018-05-01,Norte,PA,Santarém,31.4,36.4,26.4,50.7,50.8,27.2,0,Baixo
2018,5,2018-05-01,Norte,RO,Porto Velho,28.5,32.1,21.7,72.8,45.3,8.9,7,Crítico
2018,5,2018-05-01,Norte,TO,Palmas,16.1,23.1,9.3,50.5,50.4,27.0,3,Alto
2018,5,2018-05-01,Nordeste,BA,Salvador,35.2,39.0,31.9,99.4,36.8,33.6,0,Crítico
2018,5,2018-05-01,Nordeste,BA,Feira de Santana,24.6,29.4,20.2,88.3,76.3,23.9,5,Baixo
2018,5,2018-05-01,Nordeste,PE,Recife,21.7,26.4,16.0,38.9,52.8,3.4,3,Médio
2018,5,2018-05-01,Nordeste,PE,Jaboatão dos Guararapes,24.6,32.5,20.3,147.9,47.2,26.2,3,Crítico
2018,5,2018-05-01,Nordeste,CE,Fortaleza,33.6,40.5,29.7,162.2,94.0,31.3,3,Alto
2018,5,2018-05-01,Nordeste,CE,Juazeiro do Norte,20.8,28.1,16.8,132.8,45.4,28.2,1,Médio
2018,5,2018-05-01,Nordeste,MA,São Luís,23.6,29.6,17.4,170.8,41.0,30.9,4,Baixo
2018,5,2018-05-01,Nordeste,PB,João Pessoa,20.8,27.6,16.7,120.5,71.5,13.4,0,Médio
2018,5,2018-05-01,Centro-Oeste,DF,Brasília,24.6,31.4,19.0,117.4,56.8,16.9,2,Baixo
2018,5,2018-05-01,Centro-Oeste,GO,Goiânia,23.3,30.4,17.2,131.5,72.6,3.7,3,Baixo
2018,5,2018-05-01,Centro-Oeste,GO,Aparecida de Goiânia,27.9,32.1,21.1,36.6,90.9,32.4,2,Baixo
2018,5,2018-05-01,Centro-Oeste,MT,Cuiabá,26.6,30.6,23.2,22.9,65.2,18.8,1,Baixo
2018,5,2018-05-01,Centro-Oeste,MS,Campo Grande,25.8,29.5,20.7,132.0,58.0,16.8,4,Alto
2018,5,2018-05-01,Sudeste,SP,São Paulo,18.9,25.6,14.9,100.9,40.5,2.8,6,Crítico
2018,5,2018-05-01,Sudeste,SP,Campinas,27.8,33.4,21.6,63.6,37.6,5.1,4,Baixo
2018,5,2018-05-01,Sudeste,SP,Ribeirão Preto,19.8,25.8,14.6,57.7,72.8,15.4,1,Médio
2018,5,2018-05-01,Sudeste,RJ,Rio de Janeiro,18.8,25.7,11.9,115.0,56.8,23.5,0,Alto
2018,5,2018-05-01,Sudeste,RJ,Niterói,27.7,33.4,23.9,233.5,47.0,20.5,4,Baixo
2018,5,2018-05-01,Sudeste,RJ,Nova Iguaçu,19.5,23.4,15.6,123.4,51.1,8.7,0,Médio
2018,5,2018-05-01,Sudeste,RJ,Petrópolis,19.8,23.7,13.5,141.9,41.0,25.2,4,Baixo
2018,5,2018-05-01,Sudeste,MG,Belo Horizonte,20.9,28.2,15.8,60.9,91.9,28.9,0,Crítico
2018,5,2018-05-01,Sudeste,MG,Uberlândia,24.3,31.0,17.6,206.7,35.7,5.6,2,Crítico
2018,5,2018-05-01,Sudeste,MG,Juiz de Fora,23.1,27.6,18.2,144.9,63.1,33.1,4,Alto
2018,5,2018-05-01,Sudeste,ES,Vitória,27.7,31.0,22.8,112.7,97.4,23.9,6,Médio
2018,5,2018-05-01,Sudeste,ES,Vila Velha,29.0,34.6,22.1,56.9,72.0,3.9,4,Alto
2018,5,2018-05-01,Sudeste,ES,Serra,26.7,30.6,23.2,46.9,92.6,13.4,2,Crítico
2018,5,2018-05-01,Sul,PR,Curitiba,27.6,35.0,21.2,149.9,59.6,2.2,0,Médio
2018,5,2018-05-01,Sul,PR,Londrina,30.6,37.7,27.0,68.4,93.6,8.4,1,Crítico
2018,5,2018-05-01,Sul,SC,Florianópolis,23.3,28.1,18.6,238.1,75.0,25.4,2,Médio
2018,5,2018-05-01,Sul,SC,Joinville,20.2,24.6,15.3,68.8,50.5,34.4,3,Baixo
2018,5,2018-05-01,Sul,RS,Porto Alegre,25.9,30.3,19.2,88.4,44.8,7.0,0,Baixo
2018,5,2018-05-01,Sul,RS,Caxias do Sul,26.1,30.5,20.4,201.6,45.0,13.6,2,Alto
2018,6,2018-06-01,Norte,AM,Manaus,20.0,24.7,13.7,24.5,72.2,6.4,5,Alto
2018,6,2018-06-01,Norte,PA,Belém,24.3,27.4,20.5,180.7,69.2,23.6,3,Crítico
2018,6,2018-06-01,Norte,PA,Santarém,27.4,34.5,22.4,61.1,71.6,20.0,2,Crítico
2018,6,2018-06-01,Norte,RO,Porto Velho,25.3,30.0,18.9,106.8,85.5,11.3,1,Baixo
2018,6,2018-06-01,Norte,TO,Palmas,22.2,27.3,17.8,68.8,95.4,21.8,3,Médio
2018,6,2018-06-01,Nordeste,BA,Salvador,21.9,28.6,15.4,41.7,48.1,30.2,4,Baixo
2018,6,2018-06-01,Nordeste,BA,Feira de Santana,25.8,29.6,20.2,32.0,62.5,22.3,1,Médio
2018,6,2018-06-01,Nordeste,PE,Recife,30.7,37.9,26.1,207.4,95.3,33.8,2,Baixo
2018,6,2018-06-01,Nordeste,PE,Jaboatão dos Guararapes,28.9,35.6,22.8,37.9,48.4,2.8,3,Baixo
2018,6,2018-06-01,Nordeste,CE,Fortaleza,22.6,30.5,18.5,180.5,39.9,27.7,5,Alto
2018,6,2018-06-01,Nordeste,CE,Juazeiro do Norte,24.3,28.2,19.9,64.4,44.4,23.7,1,Crítico
2018,6,2018-06-01,Nordeste,MA,São Luís,22.3,27.8,16.7,87.5,71.5,33.3,1,Alto
2018,6,2018-06-01,Nordeste,PB,João Pessoa,21.0,27.7,15.4,89.4,71.5,12.4,1,Médio
2018,6,2018-06-01,Centro-Oeste,DF,Brasília,34.3,37.3,27.8,64.8,78.3,12.7,4,Crítico
2018,6,2018-06-01,Centro-Oeste,GO,Goiânia,22.8,30.8,19.0,45.5,56.8,22.2,3,Médio
2018,6,2018-06-01,Centro-Oeste,GO,Aparecida de Goiânia,28.7,33.1,22.1,118.1,41.4,28.7,1,Baixo
2018,6,2018-06-01,Centro-Oeste,MT,Cuiabá,28.1,31.9,23.4,167.7,36.4,19.0,2,Alto
2018,6,2018-06-01,Centro-Oeste,MS,Campo Grande,22.9,26.3,19.4,150.9,47.0,27.3,6,Baixo
2018,6,2018-06-01,Sudeste,SP,São Paulo,16.7,22.9,12.9,201.8,89.9,24.1,2,Crítico
2018,6,2018-06-01,Sudeste,SP,Campinas,28.2,31.4,23.0,129.5,69.7,30.0,0,Médio
2018,6,2018-06-01,Sudeste,SP,Ribeirão Preto,29.8,36.3,24.8,94.4,59.5,25.2,4,Baixo
2018,6,2018-06-01,Sudeste,RJ,Rio de Janeiro,21.9,27.2,18.3,49.9,66.9,33.2,0,Crítico
2018,6,2018-06-01,Sudeste,RJ,Niterói,29.6,35.5,24.3,99.2,59.6,19.3,1,Alto
2018,6,2018-06-01,Sudeste,RJ,Nova Iguaçu,28.0,32.3,21.1,85.9,68.9,25.4,2,Médio
2018,6,2018-06-01,Sudeste,RJ,Petrópolis,25.7,32.2,21.4,97.5,50.1,22.8,0,Médio
2018,6,2018-06-01,Sudeste,MG,Belo Horizonte,22.2,26.4,16.3,79.2,46.9,27.2,2,Alto
2018,6,2018-06-01,Sudeste,MG,Uberlândia,24.9,32.7,20.0,56.1,93.4,33.1,1,Alto
2018,6,2018-06-01,Sudeste,MG,Juiz de Fora,24.2,29.9,21.0,62.5,94.8,30.3,4,Baixo
2018,6,2018-06-01,Sudeste,ES,Vitória,25.4,32.1,22.2,47.3,86.8,15.8,1,Baixo
2018,6,2018-06-01,Sudeste,ES,Vila Velha,32.2,39.5,27.9,167.0,77.7,9.9,2,Alto
2018,6,2018-06-01,Sudeste,ES,Serra,23.0,28.1,19.7,84.0,88.5,12.2,0,Crítico
2018,6,2018-06-01,Sul,PR,Curitiba,28.6,36.5,21.7,207.1,61.9,10.4,3,Médio
2018,6,2018-06-01,Sul,PR,Londrina,28.0,34.6,21.2,48.9,79.9,4.9,1,Médio
2018,6,2018-06-01,Sul,SC,Florianópolis,23.5,29.7,16.9,113.5,37.3,26.4,1,Alto
2018,6,2018-06-01,Sul,SC,Joinville,26.1,32.4,20.9,72.3,83.9,32.6,5,Baixo
2018,6,2018-06-01,Sul,RS,Porto Alegre,24.0,30.2,18.3,59.2,83.3,13.7,5,Médio
2018,6,2018-06-01,Sul,RS,Caxias do Sul,24.2,30.2,19.1,78.8,78.6,18.5,2,Médio
2018,7,2018-07-01,Norte,AM,Manaus,27.2,33.1,21.0,125.8,78.2,21.7,4,Baixo
2018,7,2018-07-01,Norte,PA,Belém,20.3,28.2,13.6,43.1,68.8,24.7,2,Médio
2018,7,2018-07-01,Norte,PA,Santarém,28.3,34.6,22.4,78.3,52.3,6.1,2,Crítico
2018,7,2018-07-01,Norte,RO,Porto Velho,21.7,25.6,16.2,38.6,65.5,30.7,0,Baixo
2018,7,2018-07-01,Norte,TO,Palmas,27.6,32.8,22.3,41.6,43.0,17.1,2,Crítico
2018,7,2018-07-01,Nordeste,BA,Salvador,26.3,33.5,21.3,94.5,75.2,3.5,3,Baixo
2018,7,2018-07-01,Nordeste,BA,Feira de Santana,21.3,26.5,17.4,21.9,76.2,6.1,3,Crítico
2018,7,2018-07-01,Nordeste,PE,Recife,23.6,28.8,20.3,78.7,77.8,11.8,0,Baixo
2018,7,2018-07-01,Nordeste,PE,Jaboatão dos Guararapes,24.7,32.6,20.9,146.2,76.6,33.8,2,Crítico
2018,7,2018-07-01,Nordeste,CE,Fortaleza,27.2,32.7,21.1,160.0,62.9,16.2,4,Médio
2018,7,2018-07-01,Nordeste,CE,Juazeiro do Norte,21.8,27.0,17.8,83.1,66.2,28.3,3,Crítico
2018,7,2018-07-01,Nordeste,MA,São Luís,28.8,34.4,21.8,119.9,78.8,28.6,2,Baixo
2018,7,2018-07-01,Nordeste,PB,João Pessoa,21.1,24.5,16.6,105.3,67.4,30.3,4,Crítico
2018,7,2018-07-01,Centro-Oeste,DF,Brasília,23.9,31.8,20.9,166.5,65.6,19.5,3,Crítico
2018,7,2018-07-01,Centro-Oeste,GO,Goiânia,30.3,35.3,24.1,136.4,41.2,28.0,5,Crítico
2018,7,2018-07-01,Centro-Oeste,GO,Aparecida de Goiânia,27.6,32.2,22.4,107.9,88.1,7.0,2,Médio
2018,7,2018-07-01,Centro-Oeste,MT,Cuiabá,33.3,40.7,27.8,275.0,35.8,27.2,2,Baixo
2018,7,2018-07-01,Centro-Oeste,MS,Campo Grande,26.9,34.6,22.4,83.6,46.7,30.2,3,Crítico
2018,7,2018-07-01,Sudeste,SP,São Paulo,23.3,28.9,17.7,129.1,79.6,9.4,2,Alto
2018,7,2018-07-01,Sudeste,SP,Campinas,28.7,36.5,24.1,67.5,65.6,34.7,1,Médio
2018,7,2018-07-01,Sudeste,SP,Ribeirão Preto,17.3,25.2,12.4,130.5,43.6,21.1,1,Baixo
2018,7,2018-07-01,Sudeste,RJ,Rio de Janeiro,27.5,32.9,22.3,27.9,58.0,19.9,2,Alto
2018,7,2018-07-01,Sudeste,RJ,Niterói,17.6,23.2,10.7,40.6,59.5,29.4,3,Crítico
2018,7,2018-07-01,Sudeste,RJ,Nova Iguaçu,27.5,34.0,20.9,215.5,79.3,8.4,1,Alto
2018,7,2018-07-01,Sudeste,RJ,Petrópolis,21.7,24.8,14.8,106.4,81.6,23.5,0,Crítico
2018,7,2018-07-01,Sudeste,MG,Belo Horizonte,26.1,33.8,22.0,115.3,71.9,6.8,2,Baixo
2018,7,2018-07-01,Sudeste,MG,Uberlândia,33.1,40.9,27.9,63.8,88.6,16.3,3,Baixo
2018,7,2018-07-01,Sudeste,MG,Juiz de Fora,22.9,29.7,18.1,50.5,40.4,9.2,1,Baixo
2018,7,2018-07-01,Sudeste,ES,Vitória,30.9,35.3,26.2,42.5,86.3,26.7,2,Médio
2018,7,2018-07-01,Sudeste,ES,Vila Velha,36.5,42.4,32.0,139.5,46.8,9.4,2,Crítico
2018,7,2018-07-01,Sudeste,ES,Serra,24.6,31.9,20.7,208.9,56.0,30.3,2,Crítico
2018,7,2018-07-01,Sul,PR,Curitiba,20.0,26.3,15.4,190.6,86.2,14.1,1,Crítico
2018,7,2018-07-01,Sul,PR,Londrina,25.4,32.4,21.3,87.8,68.7,20.1,1,Baixo
2018,7,2018-07-01,Sul,SC,Florianópolis,23.8,31.6,19.0,62.1,47.9,17.9,4,Alto
2018,7,2018-07-01,Sul,SC,Joinville,27.4,32.9,22.5,148.3,42.7,31.3,3,Baixo
2018,7,2018-07-01,Sul,RS,Porto Alegre,23.4,27.8,19.3,17.2,39.0,28.8,1,Alto
2018,7,2018-07-01,Sul,RS,Caxias do Sul,31.3,36.1,27.8,108.0,48.4,10.3,1,Crítico
2018,8,2018-08-01,Norte,AM,Manaus,19.8,25.1,13.4,70.6,46.7,7.8,2,Médio
2018,8,2018-08-01,Norte,PA,Belém,24.8,32.3,18.1,86.3,36.0,31.1,0,Alto
2018,8,2018-08-01,Norte,PA,Santarém,25.3,31.1,20.2,42.8,90.3,7.8,2,Médio
2018,8,2018-08-01,Norte,RO,Porto Velho,23.6,29.0,17.0,169.8,70.5,19.9,2,Crítico
2018,8,2018-08-01,Norte,TO,Palmas,22.1,29.4,15.2,101.1,48.6,6.1,2,Médio
2018,8,2018-08-01,Nordeste,BA,Salvador,24.1,28.0,19.2,25.4,84.9,5.8,5,Alto
2018,8,2018-08-01,Nordeste,BA,Feira de Santana,29.3,34.4,24.4,46.1,88.5,14.0,1,Crítico
2018,8,2018-08-01,Nordeste,PE,Recife,25.1,28.2,21.8,375.9,50.5,16.5,3,Baixo
2018,8,2018-08-01,Nordeste,PE,Jaboatão dos Guararapes,32.9,38.1,28.7,130.7,52.9,30.1,5,Baixo
2018,8,2018-08-01,Nordeste,CE,Fortaleza,27.1,33.1,21.8,219.0,54.0,19.8,2,Crítico
2018,8,2018-08-01,Nordeste,CE,Juazeiro do Norte,24.5,32.4,19.2,54.3,87.5,21.2,2,Baixo
2018,8,2018-08-01,Nordeste,MA,São Luís,22.6,29.0,18.5,22.0,38.8,19.8,1,Alto
2018,8,2018-08-01,Nordeste,PB,João Pessoa,24.1,30.4,18.1,92.1,83.5,21.2,4,Baixo
2018,8,2018-08-01,Centro-Oeste,DF,Brasília,22.9,29.1,16.0,96.1,92.9,5.6,0,Alto
2018,8,2018-08-01,Centro-Oeste,GO,Goiânia,25.3,32.6,21.2,170.8,48.9,31.3,2,Baixo
2018,8,2018-08-01,Centro-Oeste,GO,Aparecida de Goiânia,19.3,26.4,15.5,290.0,54.0,32.2,4,Crítico
2018,8,2018-08-01,Centro-Oeste,MT,Cuiabá,25.5,29.9,20.4,67.1,49.4,13.2,1,Baixo
2018,8,2018-08-01,Centro-Oeste,MS,Campo Grande,26.0,30.0,20.2,42.2,43.5,28.2,3,Alto
2018,8,2018-08-01,Sudeste,SP,São Paulo,27.2,31.6,23.6,203.5,94.6,28.2,0,Médio
2018,8,2018-08-01,Sudeste,SP,Campinas,31.4,35.8,24.9,75.9,54.6,8.1,3,Médio
2018,8,2018-08-01,Sudeste,SP,Ribeirão Preto,20.8,27.7,16.4,28.8,66.8,34.5,1,Médio
2018,8,2018-08-01,Sudeste,RJ,Rio de Janeiro,21.9,29.0,18.0,28.5,89.0,21.5,1,Baixo
2018,8,2018-08-01,Sudeste,RJ,Niterói,24.6,29.1,19.7,98.5,39.6,25.1,2,Baixo
2018,8,2018-08-01,Sudeste,RJ,Nova Iguaçu,22.1,29.7,19.1,128.9,48.1,4.5,2,Médio
2018,8,2018-08-01,Sudeste,RJ,Petrópolis,25.6,32.7,22.5,178.6,76.2,24.4,1,Médio
2018,8,2018-08-01,Sudeste,MG,Belo Horizonte,31.7,35.3,27.7,76.8,43.5,2.4,2,Crítico
2018,8,2018-08-01,Sudeste,MG,Uberlândia,21.1,28.6,14.6,103.0,95.6,9.3,3,Alto
2018,8,2018-08-01,Sudeste,MG,Juiz de Fora,18.9,23.1,14.0,38.9,37.1,30.3,3,Baixo
2018,8,2018-08-01,Sudeste,ES,Vitória,21.3,25.8,14.4,54.5,52.1,32.8,1,Alto
2018,8,2018-08-01,Sudeste,ES,Vila Velha,27.2,31.5,21.3,124.2,55.7,28.8,3,Baixo
2018,8,2018-08-01,Sudeste,ES,Serra,25.5,30.6,19.8,145.2,66.4,7.5,2,Crítico
2018,8,2018-08-01,Sul,PR,Curitiba,27.2,32.0,20.3,169.7,48.4,18.5,1,Crítico
2018,8,2018-08-01,Sul,PR,Londrina,15.2,18.8,11.2,79.0,77.2,34.6,2,Médio
2018,8,2018-08-01,Sul,SC,Florianópolis,25.5,28.9,21.7,61.4,71.9,19.3,4,Crítico
2018,8,2018-08-01,Sul,SC,Joinville,21.5,24.7,15.4,160.7,83.2,17.2,3,Baixo
2018,8,2018-08-01,Sul,RS,Porto Alegre,21.0,28.7,16.4,178.2,66.2,21.6,5,Crítico
2018,8,2018-08-01,Sul,RS,Caxias do Sul,28.6,33.5,24.9,57.9,82.5,17.2,5,Baixo
2018,9,2018-09-01,Norte,AM,Manaus,34.8,41.8,28.2,127.3,85.4,27.4,2,Crítico
2018,9,2018-09-01,Norte,PA,Belém,24.4,29.0,19.6,132.4,91.8,26.2,4,Médio
2018,9,2018-09-01,Norte,PA,Santarém,21.3,24.3,16.3,54.6,62.5,2.1,1,Crítico
2018,9,2018-09-01,Norte,RO,Porto Velho,21.8,24.9,15.7,71.4,81.8,33.3,1,Médio
2018,9,2018-09-01,Norte,TO,Palmas,22.2,28.4,16.7,226.4,61.6,22.0,2,Médio
2018,9,2018-09-01,Nordeste,BA,Salvador,21.4,27.2,16.2,163.6,67.6,31.3,3,Médio
2018,9,2018-09-01,Nordeste,BA,Feira de Santana,25.6,29.2,20.7,44.5,37.2,4.7,2,Médio
2018,9,2018-09-01,Nordeste,PE,Recife,29.1,36.2,23.3,128.0,38.7,10.1,7,Crítico
2018,9,2018-09-01,Nordeste,PE,Jaboatão dos Guararapes,25.2,30.5,18.9,33.3,57.1,14.6,1,Crítico
2018,9,2018-09-01,Nordeste,CE,Fortaleza,28.1,32.7,21.4,115.1,35.6,33.5,1,Crítico
2018,9,2018-09-01,Nordeste,CE,Juazeiro do Norte,31.0,38.6,27.2,63.8,63.8,18.2,1,Alto
2018,9,2018-09-01,Nordeste,MA,São Luís,22.5,27.5,18.2,69.6,71.7,9.6,1,Médio
2018,9,2018-09-01,Nordeste,PB,João Pessoa,22.1,27.0,18.6,223.3,56.7,23.7,2,Baixo
2018,9,2018-09-01,Centro-Oeste,DF,Brasília,25.6,32.4,22.4,50.2,67.6,24.5,3,Alto
2018,9,2018-09-01,Centro-Oeste,GO,Goiânia,28.1,31.2,23.9,152.7,47.4,5.2,1,Crítico
2018,9,2018-09-01,Centro-Oeste,GO,Aparecida de Goiânia,28.8,32.5,25.3,31.5,67.2,22.2,3,Alto
2018,9,2018-09-01,Centro-Oeste,MT,Cuiabá,25.3,30.8,22.1,99.4,84.3,27.5,6,Médio
2018,9,2018-09-01,Centro-Oeste,MS,Campo Grande,23.8,28.0,17.8,144.8,42.4,9.0,3,Crítico
2018,9,2018-09-01,Sudeste,SP,São Paulo,22.4,25.5,17.3,40.2,53.3,19.6,2,Crítico
2018,9,2018-09-01,Sudeste,SP,Campinas,25.6,30.3,20.4,76.1,78.2,18.8,5,Crítico
2018,9,2018-09-01,Sudeste,SP,Ribeirão Preto,26.8,30.4,21.9,138.3,38.5,30.4,2,Médio
2018,9,2018-09-01,Sudeste,RJ,Rio de Janeiro,31.8,38.9,24.9,108.2,45.3,2.1,1,Crítico
2018,9,2018-09-01,Sudeste,RJ,Niterói,22.5,28.2,17.0,130.2,65.7,27.6,1,Baixo
2018,9,2018-09-01,Sudeste,RJ,Nova Iguaçu,21.0,24.4,14.0,74.2,88.5,4.6,3,Crítico
2018,9,2018-09-01,Sudeste,RJ,Petrópolis,27.8,35.1,21.6,35.4,73.9,13.1,5,Baixo
2018,9,2018-09-01,Sudeste,MG,Belo Horizonte,25.3,32.7,19.8,42.0,93.1,26.9,2,Baixo
2018,9,2018-09-01,Sudeste,MG,Uberlândia,19.4,23.3,15.4,41.5,94.8,21.2,2,Crítico
2018,9,2018-09-01,Sudeste,MG,Juiz de Fora,19.3,23.1,15.0,158.7,94.0,15.4,6,Baixo
2018,9,2018-09-01,Sudeste,ES,Vitória,24.1,29.6,17.5,66.1,59.3,3.5,1,Alto
2018,9,2018-09-01,Sudeste,ES,Vila Velha,32.1,38.9,25.6,124.9,64.9,18.7,2,Alto
2018,9,2018-09-01,Sudeste,ES,Serra,25.8,33.8,20.9,73.3,51.3,17.0,4,Alto
2018,9,2018-09-01,Sul,PR,Curitiba,24.9,30.0,19.8,87.3,39.9,4.0,1,Médio
2018,9,2018-09-01,Sul,PR,Londrina,27.3,31.7,23.0,53.8,76.9,8.3,1,Médio
2018,9,2018-09-01,Sul,SC,Florianópolis,19.2,24.3,14.3,101.8,65.5,32.0,4,Alto
2018,9,2018-09-01,Sul,SC,Joinville,25.0,30.5,19.1,134.0,78.5,24.8,3,Alto
2018,9,2018-09-01,Sul,RS,Porto Alegre,21.9,27.7,17.6,14.2,71.8,29.4,4,Alto
2018,9,2018-09-01,Sul,RS,Caxias do Sul,35.0,39.8,28.6,131.5,36.2,20.8,3,Alto
2018,10,2018-10-01,Norte,AM,Manaus,27.1,32.8,22.7,177.3,75.4,30.1,3,Médio
2018,10,2018-10-01,Norte,PA,Belém,18.8,22.6,14.2,81.1,65.0,27.1,1,Baixo
2018,10,2018-10-01,Norte,PA,Santarém,28.1,33.4,22.9,32.3,64.2,26.6,3,Baixo
2018,10,2018-10-01,Norte,RO,Porto Velho,28.6,33.4,24.5,73.8,76.9,4.5,1,Crítico
2018,10,2018-10-01,Norte,TO,Palmas,24.4,28.5,21.3,30.3,44.7,34.4,1,Crítico
2018,10,2018-10-01,Nordeste,BA,Salvador,27.4,35.1,23.5,65.7,47.0,18.8,0,Alto
2018,10,2018-10-01,Nordeste,BA,Feira de Santana,24.1,28.6,17.4,118.8,72.6,25.4,2,Médio
2018,10,2018-10-01,Nordeste,PE,Recife,29.1,34.6,26.0,74.5,53.8,18.9,1,Médio
2018,10,2018-10-01,Nordeste,PE,Jaboatão dos Guararapes,25.1,29.1,18.2,107.7,76.6,21.4,4,Crítico
2018,10,2018-10-01,Nordeste,CE,Fortaleza,29.3,35.4,23.8,168.6,96.3,7.9,2,Crítico
2018,10,2018-10-01,Nordeste,CE,Juazeiro do Norte,29.8,36.2,24.7,54.7,97.0,34.9,3,Baixo
2018,10,2018-10-01,Nordeste,MA,São Luís,25.9,29.2,22.4,137.6,55.3,5.6,2,Alto
2018,10,2018-10-01,Nordeste,PB,João Pessoa,25.4,31.7,19.1,48.7,55.7,3.5,1,Médio
2018,10,2018-10-01,Centro-Oeste,DF,Brasília,21.0,26.6,16.2,155.4,90.0,5.9,1,Alto
2018,10,2018-10-01,Centro-Oeste,GO,Goiânia,29.8,33.5,26.1,88.4,76.4,8.9,2,Crítico
2018,10,2018-10-01,Centro-Oeste,GO,Aparecida de Goiânia,24.3,28.0,20.2,131.0,51.2,2.6,2,Médio
2018,10,2018-10-01,Centro-Oeste,MT,Cuiabá,27.2,33.4,20.5,50.8,75.0,31.7,0,Baixo
2018,10,2018-10-01,Centro-Oeste,MS,Campo Grande,28.6,33.2,23.9,55.5,47.1,9.1,2,Médio
2018,10,2018-10-01,Sudeste,SP,São Paulo,17.7,25.5,10.8,154.1,86.8,14.0,1,Alto
2018,10,2018-10-01,Sudeste,SP,Campinas,28.7,35.6,24.0,103.1,47.3,25.7,3,Crítico
2018,10,2018-10-01,Sudeste,SP,Ribeirão Preto,17.9,25.1,13.1,24.6,97.0,5.9,4,Crítico
2018,10,2018-10-01,Sudeste,RJ,Rio de Janeiro,18.8,25.1,13.8,35.8,48.0,10.7,0,Médio
2018,10,2018-10-01,Sudeste,RJ,Niterói,29.8,33.8,23.2,141.2,54.4,26.3,5,Crítico
2018,10,2018-10-01,Sudeste,RJ,Nova Iguaçu,28.6,34.1,24.0,134.4,56.2,33.1,1,Crítico
2018,10,2018-10-01,Sudeste,RJ,Petrópolis,27.4,33.9,20.6,98.8,83.8,8.2,2,Baixo
2018,10,2018-10-01,Sudeste,MG,Belo Horizonte,31.2,37.5,25.3,58.6,91.5,11.3,1,Médio
2018,10,2018-10-01,Sudeste,MG,Uberlândia,23.5,27.5,18.2,61.4,84.9,23.1,1,Alto
2018,10,2018-10-01,Sudeste,MG,Juiz de Fora,26.2,33.9,19.2,142.9,36.6,3.5,0,Crítico
2018,10,2018-10-01,Sudeste,ES,Vitória,30.7,33.8,26.2,159.1,44.6,21.7,0,Crítico
2018,10,2018-10-01,Sudeste,ES,Vila Velha,16.3,19.7,11.0,82.6,82.9,10.4,2,Crítico
2018,10,2018-10-01,Sudeste,ES,Serra,24.8,30.1,18.9,97.5,91.7,19.0,0,Baixo
2018,10,2018-10-01,Sul,PR,Curitiba,27.1,32.4,20.8,156.7,84.0,32.7,1,Baixo
2018,10,2018-10-01,Sul,PR,Londrina,22.5,27.1,18.4,69.1,64.6,28.4,1,Crítico
2018,10,2018-10-01,Sul,SC,Florianópolis,28.0,32.5,21.8,48.3,93.9,28.3,1,Médio
2018,10,2018-10-01,Sul,SC,Joinville,33.7,36.7,27.7,80.2,52.1,13.6,1,Baixo
2018,10,2018-10-01,Sul,RS,Porto Alegre,20.2,23.3,15.0,132.8,93.7,19.9,4,Alto
2018,10,2018-10-01,Sul,RS,Caxias do Sul,27.1,30.9,20.5,171.8,85.1,33.4,3,Baixo
2018,11,2018-11-01,Norte,AM,Manaus,23.8,27.9,19.6,49.7,47.9,8.8,2,Baixo
2018,11,2018-11-01,Norte,PA,Belém,22.6,30.4,16.1,43.0,47.2,22.8,3,Alto
2018,11,2018-11-01,Norte,PA,Santarém,32.9,36.4,26.0,88.4,94.5,24.3,3,Médio
2018,11,2018-11-01,Norte,RO,Porto Velho,21.9,25.8,17.9,81.0,77.9,13.8,3,Médio
2018,11,2018-11-01,Norte,TO,Palmas,21.6,28.1,17.0,22.5,88.8,10.7,1,Baixo
2018,11,2018-11-01,Nordeste,BA,Salvador,19.9,25.0,16.2,21.0,82.7,15.1,2,Crítico
2018,11,2018-11-01,Nordeste,BA,Feira de Santana,27.2,32.4,21.2,70.8,74.7,7.4,3,Médio
2018,11,2018-11-01,Nordeste,PE,Recife,21.3,27.4,16.4,158.7,63.2,24.0,4,Alto
2018,11,2018-11-01,Nordeste,PE,Jaboatão dos Guararapes,23.1,28.9,18.2,17.1,70.3,22.2,1,Baixo
2018,11,2018-11-01,Nordeste,CE,Fortaleza,27.3,35.2,20.5,71.1,87.4,21.2,2,Baixo
2018,11,2018-11-01,Nordeste,CE,Juazeiro do Norte,21.8,25.1,18.3,104.0,39.9,17.5,4,Baixo
2018,11,2018-11-01,Nordeste,MA,São Luís,24.7,31.1,18.1,112.7,73.7,19.2,3,Alto
2018,11,2018-11-01,Nordeste,PB,João Pessoa,27.4,32.3,20.5,74.1,66.6,11.1,4,Baixo
2018,11,2018-11-01,Centro-Oeste,DF,Brasília,23.5,26.6,17.1,150.9,64.2,30.4,1,Médio
2018,11,2018-11-01,Centro-Oeste,GO,Goiânia,29.8,35.6,26.7,37.7,42.3,13.4,1,Baixo
2018,11,2018-11-01,Centro-Oeste,GO,Aparecida de Goiânia,23.0,28.5,17.1,108.5,56.7,32.4,0,Médio
2018,11,2018-11-01,Centro-Oeste,MT,Cuiabá,27.1,31.2,22.7,157.9,35.1,18.7,3,Alto
2018,11,2018-11-01,Centro-Oeste,MS,Campo Grande,33.2,40.9,26.8,100.7,88.8,17.5,3,Baixo
2018,11,2018-11-01,Sudeste,SP,São Paulo,26.9,34.7,21.0,27.2,53.7,21.0,2,Crítico
2018,11,2018-11-01,Sudeste,SP,Campinas,25.2,31.1,19.4,107.3,61.6,22.1,1,Médio
2018,11,2018-11-01,Sudeste,SP,Ribeirão Preto,20.9,27.0,17.5,100.2,91.0,33.8,3,Médio
2018,11,2018-11-01,Sudeste,RJ,Rio de Janeiro,25.9,33.0,22.5,109.2,74.5,34.1,2,Crítico
2018,11,2018-11-01,Sudeste,RJ,Niterói,24.4,30.5,18.7,144.9,74.4,32.1,4,Médio
2018,11,2018-11-01,Sudeste,RJ,Nova Iguaçu,23.2,27.1,17.9,68.5,87.9,14.2,4,Crítico
2018,11,2018-11-01,Sudeste,RJ,Petrópolis,21.9,28.7,17.4,21.6,64.8,8.9,0,Crítico
2018,11,2018-11-01,Sudeste,MG,Belo Horizonte,28.7,32.9,23.6,190.5,67.6,7.7,4,Médio
2018,11,2018-11-01,Sudeste,MG,Uberlândia,24.2,31.6,18.8,128.8,80.5,33.0,2,Baixo
2018,11,2018-11-01,Sudeste,MG,Juiz de Fora,23.8,31.5,17.6,67.0,44.5,18.0,2,Baixo
2018,11,2018-11-01,Sudeste,ES,Vitória,18.7,26.0,15.0,54.2,55.6,29.0,0,Baixo
2018,11,2018-11-01,Sudeste,ES,Vila Velha,22.0,25.7,18.9,32.3,89.3,28.8,2,Crítico
2018,11,2018-11-01,Sudeste,ES,Serra,15.9,21.2,12.7,137.6,52.1,11.6,2,Crítico
2018,11,2018-11-01,Sul,PR,Curitiba,19.8,27.2,16.3,65.9,74.9,9.8,2,Baixo
2018,11,2018-11-01,Sul,PR,Londrina,28.0,32.9,21.9,135.3,73.8,32.3,2,Baixo
2018,11,2018-11-01,Sul,SC,Florianópolis,16.5,21.4,12.1,118.0,96.2,26.1,4,Médio
2018,11,2018-11-01,Sul,SC,Joinville,21.1,28.6,16.5,131.2,76.0,21.9,2,Alto
2018,11,2018-11-01,Sul,RS,Porto Alegre,19.6,23.0,14.7,128.7,50.5,10.3,0,Alto
2018,11,2018-11-01,Sul,RS,Caxias do Sul,22.5,30.0,18.4,81.7,38.8,34.7,1,Crítico
2018,12,2018-12-01,Norte,AM,Manaus,16.0,22.6,12.6,28.6,65.2,27.4,1,Crítico
2018,12,2018-12-01,Norte,PA,Belém,22.8,29.2,18.5,55.8,82.1,12.1,1,Alto
2018,12,2018-12-01,Norte,PA,Santarém,18.9,22.5,14.7,44.8,39.3,27.3,2,Alto
2018,12,2018-12-01,Norte,RO,Porto Velho,29.8,34.2,26.2,261.9,77.4,12.3,3,Crítico
2018,12,2018-12-01,Norte,TO,Palmas,25.8,30.3,19.2,107.6,50.4,17.7,1,Crítico
2018,12,2018-12-01,Nordeste,BA,Salvador,29.2,33.8,23.0,40.7,63.7,32.0,0,Crítico
2018,12,2018-12-01,Nordeste,BA,Feira de Santana,29.7,35.6,26.4,118.8,94.9,12.3,1,Alto
2018,12,2018-12-01,Nordeste,PE,Recife,29.8,36.5,25.7,29.1,90.6,6.7,0,Baixo
2018,12,2018-12-01,Nordeste,PE,Jaboatão dos Guararapes,21.5,26.0,17.1,77.6,69.9,22.0,1,Alto
2018,12,2018-12-01,Nordeste,CE,Fortaleza,32.5,37.7,26.4,57.0,68.0,2.0,0,Médio
2018,12,2018-12-01,Nordeste,CE,Juazeiro do Norte,31.2,34.5,24.9,332.4,39.4,22.7,4,Alto
2018,12,2018-12-01,Nordeste,MA,São Luís,20.8,28.8,17.8,64.0,73.7,35.0,3,Alto
2018,12,2018-12-01,Nordeste,PB,João Pessoa,29.9,33.9,24.1,66.5,48.2,15.7,1,Baixo
2018,12,2018-12-01,Centro-Oeste,DF,Brasília,29.3,32.5,24.6,134.6,81.2,8.7,0,Alto
2018,12,2018-12-01,Centro-Oeste,GO,Goiânia,25.5,29.5,20.4,65.6,81.7,34.9,3,Alto
2018,12,2018-12-01,Centro-Oeste,GO,Aparecida de Goiânia,25.7,32.8,19.4,281.9,94.7,19.0,2,Alto
2018,12,2018-12-01,Centro-Oeste,MT,Cuiabá,24.5,30.1,17.6,142.2,82.3,5.1,2,Médio
2018,12,2018-12-01,Centro-Oeste,MS,Campo Grande,30.1,35.9,24.6,86.8,47.5,27.2,0,Alto
2018,12,2018-12-01,Sudeste,SP,São Paulo,25.9,32.8,21.9,307.1,51.1,10.0,1,Crítico
2018,12,2018-12-01,Sudeste,SP,Campinas,29.8,34.8,23.4,138.8,40.0,28.4,3,Alto
2018,12,2018-12-01,Sudeste,SP,Ribeirão Preto,17.8,22.8,12.4,75.3,50.6,29.9,2,Médio
2018,12,2018-12-01,Sudeste,RJ,Rio de Janeiro,21.9,25.9,18.4,81.6,56.8,5.7,0,Médio
2018,12,2018-12-01,Sudeste,RJ,Niterói,26.7,33.2,20.8,88.1,51.5,3.6,1,Baixo
2018,12,2018-12-01,Sudeste,RJ,Nova Iguaçu,25.2,30.4,20.2,61.9,52.6,17.3,1,Médio
2018,12,2018-12-01,Sudeste,RJ,Petrópolis,24.8,30.3,20.2,77.7,66.3,14.5,1,Crítico
2018,12,2018-12-01,Sudeste,MG,Belo Horizonte,24.0,28.4,20.6,65.1,35.8,26.7,0,Médio
2018,12,2018-12-01,Sudeste,MG,Uberlândia,28.8,32.9,22.9,153.1,44.4,20.4,1,Alto
2018,12,2018-12-01,Sudeste,MG,Juiz de Fora,26.5,32.8,22.4,174.6,36.6,13.1,0,Médio
2018,12,2018-12-01,Sudeste,ES,Vitória,22.9,26.1,18.2,131.5,45.1,24.7,3,Baixo
2018,12,2018-12-01,Sudeste,ES,Vila Velha,26.3,34.0,22.2,96.1,93.9,26.0,4,Alto
2018,12,2018-12-01,Sudeste,ES,Serra,22.9,28.9,17.7,210.8,95.4,25.2,3,Médio
2018,12,2018-12-01,Sul,PR,Curitiba,25.8,33.3,21.4,79.6,35.6,27.7,2,Baixo
2018,12,2018-12-01,Sul,PR,Londrina,27.0,33.2,22.7,121.5,58.2,20.0,3,Crítico
2018,12,2018-12-01,Sul,SC,Florianópolis,20.9,27.8,15.1,128.4,75.8,21.4,1,Médio
2018,12,2018-12-01,Sul,SC,Joinville,23.7,29.6,16.9,65.1,80.6,28.2,1,Alto
2018,12,2018-12-01,Sul,RS,Porto Alegre,25.0,28.0,20.5,141.5,87.1,32.7,1,Baixo
2018,12,2018-12-01,Sul,RS,Caxias do Sul,23.4,30.4,20.0,100.5,84.5,21.4,1,Alto
2019,1,2019-01-01,Norte,AM,Manaus,28.6,34.4,24.2,144.6,45.8,8.5,3,Crítico
2019,1,2019-01-01,Norte,PA,Belém,30.0,38.0,26.1,62.8,82.8,25.8,3,Médio
2019,1,2019-01-01,Norte,PA,Santarém,27.2,31.5,20.4,102.0,77.3,14.9,3,Baixo
2019,1,2019-01-01,Norte,RO,Porto Velho,23.7,29.2,17.6,145.5,81.9,13.5,2,Crítico
2019,1,2019-01-01,Norte,TO,Palmas,29.2,35.6,25.5,117.0,60.1,13.0,2,Baixo
2019,1,2019-01-01,Nordeste,BA,Salvador,27.7,35.7,22.1,79.6,59.9,15.3,0,Alto
2019,1,2019-01-01,Nordeste,BA,Feira de Santana,23.2,28.6,18.0,217.8,73.7,12.2,0,Crítico
2019,1,2019-01-01,Nordeste,PE,Recife,17.7,22.5,14.7,172.5,70.7,8.9,0,Alto
2019,1,2019-01-01,Nordeste,PE,Jaboatão dos Guararapes,27.6,31.4,22.9,226.6,67.1,9.9,3,Médio
2019,1,2019-01-01,Nordeste,CE,Fortaleza,17.1,24.0,13.1,73.4,61.5,9.1,1,Alto
2019,1,2019-01-01,Nordeste,CE,Juazeiro do Norte,27.3,32.1,23.9,64.9,73.3,24.6,1,Baixo
2019,1,2019-01-01,Nordeste,MA,São Luís,29.6,35.4,26.1,39.6,96.7,11.0,2,Médio
2019,1,2019-01-01,Nordeste,PB,João Pessoa,22.3,26.7,17.3,121.0,55.1,30.5,2,Crítico
2019,1,2019-01-01,Centro-Oeste,DF,Brasília,25.8,31.4,20.5,81.4,54.3,30.2,0,Baixo
2019,1,2019-01-01,Centro-Oeste,GO,Goiânia,29.8,35.4,25.6,147.7,76.7,5.8,4,Alto
2019,1,2019-01-01,Centro-Oeste,GO,Aparecida de Goiânia,33.5,41.1,28.9,110.5,94.9,14.0,2,Baixo
2019,1,2019-01-01,Centro-Oeste,MT,Cuiabá,23.1,29.8,16.7,45.7,54.4,19.1,3,Crítico
2019,1,2019-01-01,Centro-Oeste,MS,Campo Grande,31.6,35.1,27.5,241.5,95.7,19.5,2,Crítico
2019,1,2019-01-01,Sudeste,SP,São Paulo,26.7,30.1,20.9,49.6,66.1,25.5,2,Médio
2019,1,2019-01-01,Sudeste,SP,Campinas,26.6,33.6,19.7,108.1,57.7,34.1,1,Alto
2019,1,2019-01-01,Sudeste,SP,Ribeirão Preto,32.1,35.9,27.0,106.1,75.2,9.2,3,Alto
2019,1,2019-01-01,Sudeste,RJ,Rio de Janeiro,20.9,26.3,15.2,77.5,95.3,15.5,3,Médio
2019,1,2019-01-01,Sudeste,RJ,Niterói,25.8,33.1,19.2,124.0,50.3,15.9,1,Crítico
2019,1,2019-01-01,Sudeste,RJ,Nova Iguaçu,21.7,25.9,14.9,157.7,35.5,2.6,2,Alto
2019,1,2019-01-01,Sudeste,RJ,Petrópolis,27.8,34.2,23.9,58.2,47.3,12.2,1,Crítico
2019,1,2019-01-01,Sudeste,MG,Belo Horizonte,24.7,31.4,19.0,47.2,58.3,13.5,1,Baixo
2019,1,2019-01-01,Sudeste,MG,Uberlândia,27.9,34.8,22.4,180.5,78.5,14.2,1,Crítico
2019,1,2019-01-01,Sudeste,MG,Juiz de Fora,27.9,32.7,21.2,127.4,90.2,34.4,3,Baixo
2019,1,2019-01-01,Sudeste,ES,Vitória,16.3,20.0,11.7,71.3,87.8,13.4,5,Baixo
2019,1,2019-01-01,Sudeste,ES,Vila Velha,29.7,37.5,23.9,119.8,69.2,9.8,2,Médio
2019,1,2019-01-01,Sudeste,ES,Serra,20.9,27.8,16.7,39.2,46.2,2.5,2,Baixo
2019,1,2019-01-01,Sul,PR,Curitiba,25.5,28.9,21.3,83.4,43.5,13.7,2,Baixo
2019,1,2019-01-01,Sul,PR,Londrina,25.5,33.0,19.1,32.4,46.3,32.5,2,Crítico
2019,1,2019-01-01,Sul,SC,Florianópolis,30.7,36.9,24.2,13.4,68.6,32.7,1,Baixo
2019,1,2019-01-01,Sul,SC,Joinville,17.5,21.2,13.2,124.5,70.2,2.2,4,Baixo
2019,1,2019-01-01,Sul,RS,Porto Alegre,27.1,34.1,21.4,51.2,82.3,7.6,3,Crítico
2019,1,2019-01-01,Sul,RS,Caxias do Sul,21.9,27.0,16.6,55.3,69.1,23.9,2,Baixo
2019,2,2019-02-01,Norte,AM,Manaus,27.7,32.8,22.9,89.5,54.8,8.8,0,Alto
2019,2,2019-02-01,Norte,PA,Belém,25.9,30.7,19.6,63.1,49.0,29.8,2,Alto
2019,2,2019-02-01,Norte,PA,Santarém,24.3,31.4,19.5,90.4,62.5,13.6,0,Baixo
2019,2,2019-02-01,Norte,RO,Porto Velho,28.0,34.1,23.7,125.4,43.3,33.0,2,Baixo
2019,2,2019-02-01,Norte,TO,Palmas,29.2,33.7,23.2,116.0,78.3,31.5,0,Médio
2019,2,2019-02-01,Nordeste,BA,Salvador,26.1,31.1,19.4,165.7,53.0,14.9,3,Baixo
2019,2,2019-02-01,Nordeste,BA,Feira de Santana,20.3,23.7,14.0,84.6,79.5,14.3,2,Alto
2019,2,2019-02-01,Nordeste,PE,Recife,22.7,28.9,19.2,135.7,86.8,14.9,0,Baixo
2019,2,2019-02-01,Nordeste,PE,Jaboatão dos Guararapes,20.3,23.4,14.8,177.9,96.8,23.8,0,Alto
2019,2,2019-02-01,Nordeste,CE,Fortaleza,28.4,34.5,24.9,144.3,70.2,33.1,2,Alto
2019,2,2019-02-01,Nordeste,CE,Juazeiro do Norte,20.2,26.4,15.6,126.6,67.6,27.5,3,Médio
2019,2,2019-02-01,Nordeste,MA,São Luís,26.1,30.9,21.2,205.6,84.6,33.0,1,Crítico
2019,2,2019-02-01,Nordeste,PB,João Pessoa,25.3,29.4,20.4,30.8,56.2,28.3,4,Médio
2019,2,2019-02-01,Centro-Oeste,DF,Brasília,31.4,37.8,24.5,100.4,76.1,18.6,2,Médio
2019,2,2019-02-01,Centro-Oeste,GO,Goiânia,31.3,37.6,26.1,42.9,67.0,34.1,2,Baixo
2019,2,2019-02-01,Centro-Oeste,GO,Aparecida de Goiânia,22.9,30.5,16.0,130.0,69.3,33.0,1,Crítico
2019,2,2019-02-01,Centro-Oeste,MT,Cuiabá,29.2,36.5,24.5,104.4,97.7,29.9,2,Crítico
2019,2,2019-02-01,Centro-Oeste,MS,Campo Grande,23.7,27.8,17.8,42.5,55.0,14.2,2,Crítico
2019,2,2019-02-01,Sudeste,SP,São Paulo,32.1,35.5,28.3,90.8,75.0,29.1,2,Crítico
2019,2,2019-02-01,Sudeste,SP,Campinas,29.2,35.7,25.2,153.6,74.6,17.5,2,Crítico
2019,2,2019-02-01,Sudeste,SP,Ribeirão Preto,23.9,31.9,17.6,68.8,93.8,25.2,3,Médio
2019,2,2019-02-01,Sudeste,RJ,Rio de Janeiro,20.4,28.3,16.6,132.6,38.0,18.6,2,Crítico
2019,2,2019-02-01,Sudeste,RJ,Niterói,20.1,24.9,13.8,193.0,97.8,3.5,2,Baixo
2019,2,2019-02-01,Sudeste,RJ,Nova Iguaçu,21.4,25.9,18.2,90.5,37.5,33.7,2,Médio
2019,2,2019-02-01,Sudeste,RJ,Petrópolis,21.5,24.5,17.9,149.2,47.4,5.2,1,Crítico
2019,2,2019-02-01,Sudeste,MG,Belo Horizonte,20.6,24.1,17.2,141.8,96.9,9.6,2,Alto
2019,2,2019-02-01,Sudeste,MG,Uberlândia,20.0,24.0,17.0,83.9,45.1,5.5,4,Baixo
2019,2,2019-02-01,Sudeste,MG,Juiz de Fora,15.8,23.4,10.0,115.0,46.2,8.3,0,Alto
2019,2,2019-02-01,Sudeste,ES,Vitória,32.4,35.9,27.3,44.8,45.5,9.2,2,Médio
2019,2,2019-02-01,Sudeste,ES,Vila Velha,18.9,23.3,15.8,220.8,64.6,24.5,2,Baixo
2019,2,2019-02-01,Sudeste,ES,Serra,24.0,27.2,19.9,176.4,50.0,30.6,3,Crítico
2019,2,2019-02-01,Sul,PR,Curitiba,25.3,30.8,20.0,90.6,42.6,18.7,3,Médio
2019,2,2019-02-01,Sul,PR,Londrina,27.8,33.8,22.8,40.4,58.4,26.8,1,Médio
2019,2,2019-02-01,Sul,SC,Florianópolis,22.3,30.0,15.6,151.5,41.7,4.9,1,Baixo
2019,2,2019-02-01,Sul,SC,Joinville,24.4,31.2,21.4,95.2,94.0,5.1,2,Baixo
2019,2,2019-02-01,Sul,RS,Porto Alegre,17.6,22.9,11.1,391.9,54.4,13.1,5,Médio
2019,2,2019-02-01,Sul,RS,Caxias do Sul,30.3,36.9,25.6,27.7,44.3,16.0,1,Baixo
2019,3,2019-03-01,Norte,AM,Manaus,18.1,25.9,13.8,35.3,87.6,4.5,2,Crítico
2019,3,2019-03-01,Norte,PA,Belém,25.5,31.8,20.0,100.5,60.8,15.6,1,Crítico
2019,3,2019-03-01,Norte,PA,Santarém,19.6,27.5,14.8,168.5,40.1,4.7,0,Crítico
2019,3,2019-03-01,Norte,RO,Porto Velho,24.6,28.9,18.1,27.1,46.3,13.2,1,Baixo
2019,3,2019-03-01,Norte,TO,Palmas,25.3,31.6,20.6,201.0,90.3,29.2,3,Médio
2019,3,2019-03-01,Nordeste,BA,Salvador,25.5,29.1,22.2,61.1,81.6,22.0,0,Médio
2019,3,2019-03-01,Nordeste,BA,Feira de Santana,26.1,32.8,23.1,85.3,79.4,31.1,3,Baixo
2019,3,2019-03-01,Nordeste,PE,Recife,26.4,32.6,20.5,79.1,73.9,23.1,0,Médio
2019,3,2019-03-01,Nordeste,PE,Jaboatão dos Guararapes,23.3,29.9,18.0,62.9,50.8,18.8,5,Alto
2019,3,2019-03-01,Nordeste,CE,Fortaleza,26.3,31.7,20.4,12.8,90.1,31.2,3,Baixo
2019,3,2019-03-01,Nordeste,CE,Juazeiro do Norte,13.1,19.4,6.8,128.3,83.9,23.4,0,Crítico
2019,3,2019-03-01,Nordeste,MA,São Luís,26.8,33.9,23.6,214.0,49.3,31.4,3,Médio
2019,3,2019-03-01,Nordeste,PB,João Pessoa,29.0,33.0,24.2,193.3,88.9,31.2,0,Alto
2019,3,2019-03-01,Centro-Oeste,DF,Brasília,14.7,19.3,8.7,122.8,45.9,30.5,1,Crítico
2019,3,2019-03-01,Centro-Oeste,GO,Goiânia,21.6,24.7,15.1,130.5,83.9,33.5,1,Alto
2019,3,2019-03-01,Centro-Oeste,GO,Aparecida de Goiânia,22.1,27.6,17.6,26.4,57.3,8.5,0,Médio
2019,3,2019-03-01,Centro-Oeste,MT,Cuiabá,29.4,32.6,23.3,55.1,86.7,34.0,4,Baixo
2019,3,2019-03-01,Centro-Oeste,MS,Campo Grande,29.1,35.8,23.1,51.3,96.4,3.4,2,Baixo
2019,3,2019-03-01,Sudeste,SP,São Paulo,21.0,26.1,16.5,29.6,88.7,7.0,5,Crítico
2019,3,2019-03-01,Sudeste,SP,Campinas,26.6,34.3,22.1,73.6,64.3,32.5,2,Baixo
2019,3,2019-03-01,Sudeste,SP,Ribeirão Preto,25.3,33.1,18.4,205.7,39.8,13.8,4,Baixo
2019,3,2019-03-01,Sudeste,RJ,Rio de Janeiro,18.0,25.2,13.3,46.6,57.7,17.7,1,Médio
2019,3,2019-03-01,Sudeste,RJ,Niterói,24.9,32.4,20.9,35.8,44.4,12.1,1,Alto
2019,3,2019-03-01,Sudeste,RJ,Nova Iguaçu,24.7,32.5,19.6,194.2,94.2,7.8,1,Crítico
2019,3,2019-03-01,Sudeste,RJ,Petrópolis,25.2,29.1,18.3,126.2,87.1,15.6,0,Médio
2019,3,2019-03-01,Sudeste,MG,Belo Horizonte,31.6,36.2,25.3,113.0,35.2,29.8,2,Baixo
2019,3,2019-03-01,Sudeste,MG,Uberlândia,24.2,28.4,19.6,99.7,58.7,32.7,2,Crítico
2019,3,2019-03-01,Sudeste,MG,Juiz de Fora,17.8,21.1,14.8,157.7,62.1,22.6,4,Baixo
2019,3,2019-03-01,Sudeste,ES,Vitória,25.4,28.8,20.0,51.4,48.6,21.6,1,Crítico
2019,3,2019-03-01,Sudeste,ES,Vila Velha,22.6,26.3,17.6,99.4,73.9,15.5,0,Alto
2019,3,2019-03-01,Sudeste,ES,Serra,25.5,29.9,20.3,65.8,87.9,23.2,2,Baixo
2019,3,2019-03-01,Sul,PR,Curitiba,23.5,31.2,17.1,74.5,60.9,8.6,1,Alto
2019,3,2019-03-01,Sul,PR,Londrina,27.6,31.3,22.6,131.7,64.3,7.6,5,Crítico
2019,3,2019-03-01,Sul,SC,Florianópolis,27.1,30.4,22.8,42.5,49.6,2.4,4,Crítico
2019,3,2019-03-01,Sul,SC,Joinville,14.6,18.2,10.1,231.2,40.0,33.4,1,Alto
2019,3,2019-03-01,Sul,RS,Porto Alegre,30.1,34.9,24.3,81.7,39.1,19.7,1,Crítico
2019,3,2019-03-01,Sul,RS,Caxias do Sul,25.2,29.4,19.1,155.2,86.9,28.6,3,Crítico
2019,4,2019-04-01,Norte,AM,Manaus,26.3,34.0,23.3,88.9,74.5,23.1,0,Alto
2019,4,2019-04-01,Norte,PA,Belém,17.0,24.2,13.6,172.4,63.2,23.9,1,Alto
2019,4,2019-04-01,Norte,PA,Santarém,25.2,28.3,19.4,116.2,43.9,7.6,2,Médio
2019,4,2019-04-01,Norte,RO,Porto Velho,25.3,29.7,18.5,56.4,69.9,33.2,2,Baixo
2019,4,2019-04-01,Norte,TO,Palmas,32.0,36.6,28.1,67.0,46.4,23.8,0,Alto
2019,4,2019-04-01,Nordeste,BA,Salvador,31.7,35.1,28.4,67.5,37.4,3.0,1,Alto
2019,4,2019-04-01,Nordeste,BA,Feira de Santana,27.6,31.6,20.8,47.8,65.8,24.1,1,Baixo
2019,4,2019-04-01,Nordeste,PE,Recife,22.0,28.0,15.3,247.4,87.4,29.9,3,Médio
2019,4,2019-04-01,Nordeste,PE,Jaboatão dos Guararapes,29.7,33.5,23.8,69.7,48.7,32.5,2,Médio
2019,4,2019-04-01,Nordeste,CE,Fortaleza,15.9,23.5,11.7,180.3,42.8,26.3,1,Alto
2019,4,2019-04-01,Nordeste,CE,Juazeiro do Norte,20.7,25.1,14.4,54.7,55.7,26.4,0,Médio
2019,4,2019-04-01,Nordeste,MA,São Luís,26.1,33.1,19.8,129.0,89.5,8.5,2,Alto
2019,4,2019-04-01,Nordeste,PB,João Pessoa,23.9,30.2,17.4,77.8,37.6,20.4,2,Médio
2019,4,2019-04-01,Centro-Oeste,DF,Brasília,32.8,36.6,27.1,213.9,47.6,32.9,2,Médio
2019,4,2019-04-01,Centro-Oeste,GO,Goiânia,27.1,30.9,21.7,53.6,47.2,2.9,2,Baixo
2019,4,2019-04-01,Centro-Oeste,GO,Aparecida de Goiânia,33.0,37.9,26.6,183.4,73.5,25.0,1,Baixo
2019,4,2019-04-01,Centro-Oeste,MT,Cuiabá,26.0,32.3,21.1,72.7,53.4,20.4,1,Médio
2019,4,2019-04-01,Centro-Oeste,MS,Campo Grande,19.7,25.6,14.2,145.9,85.5,8.3,1,Alto
2019,4,2019-04-01,Sudeste,SP,São Paulo,31.3,37.5,25.6,72.5,64.6,23.0,1,Crítico
2019,4,2019-04-01,Sudeste,SP,Campinas,24.0,31.3,18.1,311.6,93.0,25.7,1,Crítico
2019,4,2019-04-01,Sudeste,SP,Ribeirão Preto,23.8,28.3,18.3,22.9,67.2,28.4,0,Alto
2019,4,2019-04-01,Sudeste,RJ,Rio de Janeiro,20.6,24.7,17.5,150.6,74.4,33.6,2,Médio
2019,4,2019-04-01,Sudeste,RJ,Niterói,31.0,35.4,26.6,224.2,86.5,32.7,0,Alto
2019,4,2019-04-01,Sudeste,RJ,Nova Iguaçu,20.9,25.5,16.6,91.7,35.7,26.8,2,Crítico
2019,4,2019-04-01,Sudeste,RJ,Petrópolis,29.9,37.2,26.2,93.1,73.9,18.3,3,Crítico
2019,4,2019-04-01,Sudeste,MG,Belo Horizonte,26.0,29.9,19.3,36.6,48.1,32.0,2,Médio
2019,4,2019-04-01,Sudeste,MG,Uberlândia,21.6,26.0,18.0,169.6,45.7,12.3,1,Médio
2019,4,2019-04-01,Sudeste,MG,Juiz de Fora,23.5,26.7,18.5,155.3,47.9,28.0,1,Baixo
2019,4,2019-04-01,Sudeste,ES,Vitória,25.5,33.1,21.4,184.2,97.5,27.6,4,Médio
2019,4,2019-04-01,Sudeste,ES,Vila Velha,20.0,25.6,16.9,25.7,47.4,27.3,2,Médio
2019,4,2019-04-01,Sudeste,ES,Serra,23.2,30.7,17.2,128.7,72.4,19.2,1,Médio
2019,4,2019-04-01,Sul,PR,Curitiba,26.1,33.1,19.5,154.3,67.2,19.9,4,Baixo
2019,4,2019-04-01,Sul,PR,Londrina,26.0,32.9,21.8,153.7,81.4,26.9,0,Médio
2019,4,2019-04-01,Sul,SC,Florianópolis,24.1,29.4,18.8,78.8,38.6,25.1,2,Médio
2019,4,2019-04-01,Sul,SC,Joinville,28.1,32.8,23.8,169.4,38.3,19.4,2,Alto
2019,4,2019-04-01,Sul,RS,Porto Alegre,26.8,32.1,22.3,106.2,48.8,25.9,2,Baixo
2019,4,2019-04-01,Sul,RS,Caxias do Sul,18.9,23.4,13.3,53.3,63.9,31.0,4,Alto
2019,5,2019-05-01,Norte,AM,Manaus,29.1,36.9,24.5,114.0,75.0,4.2,0,Médio
2019,5,2019-05-01,Norte,PA,Belém,22.4,29.5,17.1,45.8,86.5,3.8,2,Crítico
2019,5,2019-05-01,Norte,PA,Santarém,26.6,30.2,23.0,136.5,59.8,6.8,0,Crítico
2019,5,2019-05-01,Norte,RO,Porto Velho,26.1,32.6,22.8,150.7,83.8,25.7,1,Alto
2019,5,2019-05-01,Norte,TO,Palmas,27.3,32.2,22.0,101.3,37.6,23.4,2,Baixo
2019,5,2019-05-01,Nordeste,BA,Salvador,28.1,31.9,24.0,87.2,69.6,2.3,2,Baixo
2019,5,2019-05-01,Nordeste,BA,Feira de Santana,18.9,25.9,15.1,205.7,51.4,4.9,1,Alto
2019,5,2019-05-01,Nordeste,PE,Recife,28.9,33.1,25.6,83.3,68.8,29.6,2,Médio
2019,5,2019-05-01,Nordeste,PE,Jaboatão dos Guararapes,24.7,28.0,18.7,96.9,60.5,34.8,0,Médio
2019,5,2019-05-01,Nordeste,CE,Fortaleza,24.4,28.8,20.3,61.1,52.3,28.5,0,Alto
2019,5,2019-05-01,Nordeste,CE,Juazeiro do Norte,26.9,31.1,20.5,87.6,67.3,14.0,2,Baixo
2019,5,2019-05-01,Nordeste,MA,São Luís,26.4,29.9,20.2,90.2,95.4,34.3,2,Médio
2019,5,2019-05-01,Nordeste,PB,João Pessoa,33.5,37.2,27.8,241.4,60.4,21.7,5,Alto
2019,5,2019-05-01,Centro-Oeste,DF,Brasília,21.7,25.2,15.2,5.1,50.1,18.9,0,Médio
2019,5,2019-05-01,Centro-Oeste,GO,Goiânia,27.2,32.3,21.8,40.1,43.8,26.4,4,Médio
2019,5,2019-05-01,Centro-Oeste,GO,Aparecida de Goiânia,19.6,25.6,15.5,120.7,81.2,17.1,3,Baixo
2019,5,2019-05-01,Centro-Oeste,MT,Cuiabá,26.2,29.5,19.6,165.3,44.2,32.6,1,Alto
2019,5,2019-05-01,Centro-Oeste,MS,Campo Grande,19.9,27.6,13.6,179.0,95.6,8.9,1,Médio
2019,5,2019-05-01,Sudeste,SP,São Paulo,23.9,27.6,17.2,92.3,91.3,22.6,2,Crítico
2019,5,2019-05-01,Sudeste,SP,Campinas,29.6,36.7,23.9,122.4,79.1,22.2,1,Baixo
2019,5,2019-05-01,Sudeste,SP,Ribeirão Preto,22.8,28.8,15.9,36.6,54.6,30.6,2,Crítico
2019,5,2019-05-01,Sudeste,RJ,Rio de Janeiro,23.6,27.5,18.9,50.4,36.6,3.7,1,Baixo
2019,5,2019-05-01,Sudeste,RJ,Niterói,29.3,35.8,23.5,47.8,35.2,7.4,2,Alto
2019,5,2019-05-01,Sudeste,RJ,Nova Iguaçu,21.0,26.0,16.1,162.8,47.7,31.2,1,Crítico
2019,5,2019-05-01,Sudeste,RJ,Petrópolis,19.8,25.1,15.6,63.0,46.1,23.2,3,Baixo
2019,5,2019-05-01,Sudeste,MG,Belo Horizonte,30.0,37.9,23.1,133.6,62.0,2.4,2,Alto
2019,5,2019-05-01,Sudeste,MG,Uberlândia,20.9,27.1,15.0,100.3,80.3,28.3,2,Crítico
2019,5,2019-05-01,Sudeste,MG,Juiz de Fora,29.4,34.6,25.4,175.4,91.2,7.8,4,Alto
2019,5,2019-05-01,Sudeste,ES,Vitória,29.2,36.9,22.8,26.2,73.0,26.5,2,Alto
2019,5,2019-05-01,Sudeste,ES,Vila Velha,16.7,21.2,11.9,92.5,97.4,8.6,3,Baixo
2019,5,2019-05-01,Sudeste,ES,Serra,24.4,30.7,21.4,195.9,73.7,24.6,1,Baixo
2019,5,2019-05-01,Sul,PR,Curitiba,20.9,26.6,15.7,45.4,61.1,4.2,2,Baixo
2019,5,2019-05-01,Sul,PR,Londrina,27.7,33.0,20.9,128.1,62.4,33.0,1,Alto
2019,5,2019-05-01,Sul,SC,Florianópolis,23.5,30.5,17.2,133.9,78.7,6.1,2,Médio
2019,5,2019-05-01,Sul,SC,Joinville,22.4,26.7,17.2,81.8,92.7,21.6,2,Baixo
2019,5,2019-05-01,Sul,RS,Porto Alegre,22.7,28.5,18.1,90.5,59.8,18.9,0,Alto
2019,5,2019-05-01,Sul,RS,Caxias do Sul,30.6,35.5,26.0,29.7,61.6,2.5,1,Baixo
2019,6,2019-06-01,Norte,AM,Manaus,27.1,32.5,23.2,144.4,73.4,17.2,2,Alto
2019,6,2019-06-01,Norte,PA,Belém,31.1,35.8,26.9,87.9,81.3,16.2,3,Crítico
2019,6,2019-06-01,Norte,PA,Santarém,28.5,35.6,24.8,140.5,65.8,19.0,4,Médio
2019,6,2019-06-01,Norte,RO,Porto Velho,22.1,25.2,16.4,79.0,38.7,7.0,0,Crítico
2019,6,2019-06-01,Norte,TO,Palmas,27.8,33.0,23.9,125.8,40.1,6.3,2,Alto
2019,6,2019-06-01,Nordeste,BA,Salvador,29.1,35.5,22.6,261.9,72.3,12.5,4,Alto
2019,6,2019-06-01,Nordeste,BA,Feira de Santana,21.2,27.5,16.0,90.9,69.1,19.0,3,Médio
2019,6,2019-06-01,Nordeste,PE,Recife,30.8,35.5,26.9,95.4,62.9,16.3,2,Baixo
2019,6,2019-06-01,Nordeste,PE,Jaboatão dos Guararapes,22.0,29.5,15.1,70.3,81.4,34.3,4,Crítico
2019,6,2019-06-01,Nordeste,CE,Fortaleza,25.5,32.4,21.0,99.9,89.5,29.2,3,Crítico
2019,6,2019-06-01,Nordeste,CE,Juazeiro do Norte,24.3,32.0,18.4,81.8,81.9,10.4,3,Baixo
2019,6,2019-06-01,Nordeste,MA,São Luís,20.1,24.2,14.4,75.2,39.0,9.9,1,Baixo
2019,6,2019-06-01,Nordeste,PB,João Pessoa,21.7,27.4,16.7,173.8,69.6,22.1,1,Baixo
2019,6,2019-06-01,Centro-Oeste,DF,Brasília,26.3,29.4,22.3,169.1,71.9,31.1,5,Médio
2019,6,2019-06-01,Centro-Oeste,GO,Goiânia,28.6,33.4,22.9,107.6,69.9,5.9,5,Alto
2019,6,2019-06-01,Centro-Oeste,GO,Aparecida de Goiânia,23.8,30.3,20.6,83.3,63.8,4.0,2,Baixo
2019,6,2019-06-01,Centro-Oeste,MT,Cuiabá,24.2,29.0,18.5,72.5,44.1,15.7,2,Baixo
2019,6,2019-06-01,Centro-Oeste,MS,Campo Grande,26.6,33.6,22.5,102.2,66.9,13.8,2,Crítico
2019,6,2019-06-01,Sudeste,SP,São Paulo,28.5,32.4,25.1,51.3,94.5,22.9,1,Baixo
2019,6,2019-06-01,Sudeste,SP,Campinas,23.0,29.6,17.2,208.0,39.6,22.3,2,Médio
2019,6,2019-06-01,Sudeste,SP,Ribeirão Preto,17.0,24.7,11.8,80.1,38.1,24.9,4,Alto
2019,6,2019-06-01,Sudeste,RJ,Rio de Janeiro,19.6,25.4,14.5,53.3,37.1,8.7,3,Crítico
2019,6,2019-06-01,Sudeste,RJ,Niterói,24.4,31.7,17.9,92.3,64.6,18.5,2,Alto
2019,6,2019-06-01,Sudeste,RJ,Nova Iguaçu,22.8,26.4,17.1,184.2,52.5,5.1,3,Crítico
2019,6,2019-06-01,Sudeste,RJ,Petrópolis,28.1,36.1,24.7,97.0,95.5,31.4,2,Médio
2019,6,2019-06-01,Sudeste,MG,Belo Horizonte,29.3,36.6,22.7,40.2,92.5,17.4,1,Alto
2019,6,2019-06-01,Sudeste,MG,Uberlândia,22.9,27.6,17.3,159.3,44.0,31.7,0,Alto
2019,6,2019-06-01,Sudeste,MG,Juiz de Fora,18.3,23.5,11.8,62.4,61.6,5.8,2,Baixo
2019,6,2019-06-01,Sudeste,ES,Vitória,21.3,26.3,18.1,36.1,37.6,13.0,2,Médio
2019,6,2019-06-01,Sudeste,ES,Vila Velha,22.7,26.6,19.2,48.7,55.9,4.2,3,Alto
2019,6,2019-06-01,Sudeste,ES,Serra,26.1,31.5,22.7,56.5,77.8,3.5,2,Alto
2019,6,2019-06-01,Sul,PR,Curitiba,17.9,23.1,11.5,62.7,91.5,29.7,0,Alto
2019,6,2019-06-01,Sul,PR,Londrina,20.9,25.4,15.4,61.5,83.5,7.6,2,Médio
2019,6,2019-06-01,Sul,SC,Florianópolis,30.0,34.4,26.2,68.8,53.4,26.3,3,Baixo
2019,6,2019-06-01,Sul,SC,Joinville,19.9,26.6,15.1,255.3,62.7,18.3,3,Baixo
2019,6,2019-06-01,Sul,RS,Porto Alegre,27.6,34.6,21.9,63.6,88.7,21.7,4,Crítico
2019,6,2019-06-01,Sul,RS,Caxias do Sul,28.0,32.8,22.4,109.0,57.3,28.4,1,Médio
2019,7,2019-07-01,Norte,AM,Manaus,25.5,32.8,18.8,96.1,81.3,5.8,0,Baixo
2019,7,2019-07-01,Norte,PA,Belém,23.5,30.3,18.9,21.2,95.5,16.1,4,Médio
2019,7,2019-07-01,Norte,PA,Santarém,26.5,33.6,21.8,116.1,42.9,5.8,2,Baixo
2019,7,2019-07-01,Norte,RO,Porto Velho,26.2,33.0,21.2,25.6,65.1,10.4,2,Baixo
2019,7,2019-07-01,Norte,TO,Palmas,23.4,28.9,18.0,91.1,74.6,29.4,1,Alto
2019,7,2019-07-01,Nordeste,BA,Salvador,30.1,35.4,24.7,121.0,92.7,25.2,1,Médio
2019,7,2019-07-01,Nordeste,BA,Feira de Santana,26.8,33.2,20.2,129.7,60.0,18.7,3,Baixo
2019,7,2019-07-01,Nordeste,PE,Recife,27.1,34.7,20.7,120.5,36.0,8.8,0,Crítico
2019,7,2019-07-01,Nordeste,PE,Jaboatão dos Guararapes,23.3,29.1,18.3,66.7,73.9,20.1,2,Médio
2019,7,2019-07-01,Nordeste,CE,Fortaleza,24.0,27.3,19.0,78.8,63.8,24.2,1,Alto
2019,7,2019-07-01,Nordeste,CE,Juazeiro do Norte,23.9,29.1,19.6,69.0,66.1,3.1,7,Baixo
2019,7,2019-07-01,Nordeste,MA,São Luís,27.9,33.0,23.2,46.1,67.1,13.6,1,Baixo
2019,7,2019-07-01,Nordeste,PB,João Pessoa,22.3,30.1,16.5,75.0,64.4,19.8,1,Médio
2019,7,2019-07-01,Centro-Oeste,DF,Brasília,22.5,28.9,18.3,182.6,45.9,32.5,2,Médio
2019,7,2019-07-01,Centro-Oeste,GO,Goiânia,32.5,40.1,26.8,42.3,88.3,33.1,1,Médio
2019,7,2019-07-01,Centro-Oeste,GO,Aparecida de Goiânia,16.4,23.1,9.4,64.1,95.6,24.4,1,Crítico
2019,7,2019-07-01,Centro-Oeste,MT,Cuiabá,22.0,25.5,16.7,80.1,54.5,17.2,1,Baixo
2019,7,2019-07-01,Centro-Oeste,MS,Campo Grande,26.8,31.8,20.4,13.1,87.1,6.0,2,Alto
2019,7,2019-07-01,Sudeste,SP,São Paulo,24.8,29.9,19.1,176.3,43.9,24.6,3,Baixo
2019,7,2019-07-01,Sudeste,SP,Campinas,24.9,30.2,17.9,40.1,67.1,28.9,2,Crítico
2019,7,2019-07-01,Sudeste,SP,Ribeirão Preto,32.1,38.6,25.3,200.1,74.8,7.1,2,Crítico
2019,7,2019-07-01,Sudeste,RJ,Rio de Janeiro,23.0,27.3,18.3,137.1,82.1,11.8,6,Baixo
2019,7,2019-07-01,Sudeste,RJ,Niterói,28.9,33.7,22.4,56.6,84.8,8.7,3,Baixo
2019,7,2019-07-01,Sudeste,RJ,Nova Iguaçu,29.2,35.1,24.0,78.1,97.3,4.2,3,Crítico
2019,7,2019-07-01,Sudeste,RJ,Petrópolis,22.9,25.9,17.1,46.2,55.1,15.8,4,Alto
2019,7,2019-07-01,Sudeste,MG,Belo Horizonte,21.5,24.9,15.0,58.3,48.1,5.5,2,Baixo
2019,7,2019-07-01,Sudeste,MG,Uberlândia,22.2,26.9,16.8,71.3,69.6,5.0,1,Médio
2019,7,2019-07-01,Sudeste,MG,Juiz de Fora,28.1,33.1,24.6,31.3,54.5,29.1,3,Baixo
2019,7,2019-07-01,Sudeste,ES,Vitória,30.9,35.7,23.9,71.8,46.1,19.7,1,Médio
2019,7,2019-07-01,Sudeste,ES,Vila Velha,29.7,33.0,24.7,34.3,56.5,10.4,2,Alto
2019,7,2019-07-01,Sudeste,ES,Serra,31.0,35.6,27.5,65.3,80.4,10.4,1,Crítico
2019,7,2019-07-01,Sul,PR,Curitiba,24.4,28.3,19.8,106.6,51.2,15.1,5,Médio
2019,7,2019-07-01,Sul,PR,Londrina,22.8,27.4,16.9,143.9,94.5,22.3,3,Crítico
2019,7,2019-07-01,Sul,SC,Florianópolis,22.5,28.8,17.7,104.7,61.1,10.2,0,Baixo
2019,7,2019-07-01,Sul,SC,Joinville,23.5,30.2,19.9,58.3,85.8,31.0,2,Baixo
2019,7,2019-07-01,Sul,RS,Porto Alegre,23.8,30.5,18.5,22.6,90.3,18.6,1,Alto
2019,7,2019-07-01,Sul,RS,Caxias do Sul,29.2,36.5,25.4,147.9,60.1,12.4,0,Baixo
2019,8,2019-08-01,Norte,AM,Manaus,24.7,29.7,18.6,73.2,41.3,6.5,0,Baixo
2019,8,2019-08-01,Norte,PA,Belém,25.0,32.9,20.9,73.1,81.4,27.1,1,Médio
2019,8,2019-08-01,Norte,PA,Santarém,26.4,31.4,22.8,73.1,64.3,32.8,1,Baixo
2019,8,2019-08-01,Norte,RO,Porto Velho,21.2,27.5,14.9,178.7,37.1,8.0,1,Baixo
2019,8,2019-08-01,Norte,TO,Palmas,22.0,26.2,16.9,148.5,74.1,18.0,2,Alto
2019,8,2019-08-01,Nordeste,BA,Salvador,26.3,30.6,19.9,137.4,86.8,32.2,3,Baixo
2019,8,2019-08-01,Nordeste,BA,Feira de Santana,25.2,33.1,22.1,164.6,92.5,28.2,2,Médio
2019,8,2019-08-01,Nordeste,PE,Recife,18.4,24.9,12.7,58.1,93.0,23.3,0,Médio
2019,8,2019-08-01,Nordeste,PE,Jaboatão dos Guararapes,25.8,31.7,22.0,113.4,49.9,16.6,1,Médio
2019,8,2019-08-01,Nordeste,CE,Fortaleza,27.6,32.0,22.6,157.0,82.0,4.1,2,Médio
2019,8,2019-08-01,Nordeste,CE,Juazeiro do Norte,19.8,23.5,15.3,43.4,94.7,11.7,2,Baixo
2019,8,2019-08-01,Nordeste,MA,São Luís,29.7,35.2,24.5,126.5,76.5,12.6,5,Crítico
2019,8,2019-08-01,Nordeste,PB,João Pessoa,16.8,24.5,11.2,183.2,48.1,7.4,1,Baixo
2019,8,2019-08-01,Centro-Oeste,DF,Brasília,19.4,26.8,13.3,212.5,77.1,8.4,5,Médio
2019,8,2019-08-01,Centro-Oeste,GO,Goiânia,23.7,31.3,17.9,112.7,64.5,10.5,2,Crítico
2019,8,2019-08-01,Centro-Oeste,GO,Aparecida de Goiânia,22.0,25.6,16.3,40.1,76.2,13.3,3,Baixo
2019,8,2019-08-01,Centro-Oeste,MT,Cuiabá,30.1,37.9,24.4,210.8,81.0,23.2,1,Médio
2019,8,2019-08-01,Centro-Oeste,MS,Campo Grande,25.4,33.1,22.3,69.0,47.0,3.1,3,Crítico
2019,8,2019-08-01,Sudeste,SP,São Paulo,27.4,30.9,22.4,136.0,59.6,25.0,4,Médio
2019,8,2019-08-01,Sudeste,SP,Campinas,28.6,31.9,23.0,162.1,68.5,5.5,1,Baixo
2019,8,2019-08-01,Sudeste,SP,Ribeirão Preto,31.2,35.0,25.6,139.2,52.9,29.8,5,Baixo
2019,8,2019-08-01,Sudeste,RJ,Rio de Janeiro,28.1,33.0,24.4,142.8,90.3,17.8,0,Baixo
2019,8,2019-08-01,Sudeste,RJ,Niterói,24.6,31.3,20.3,107.3,75.9,26.9,1,Alto
2019,8,2019-08-01,Sudeste,RJ,Nova Iguaçu,25.4,29.9,20.1,75.3,79.0,28.3,1,Alto
2019,8,2019-08-01,Sudeste,RJ,Petrópolis,25.2,28.8,19.9,97.0,42.0,15.0,2,Crítico
2019,8,2019-08-01,Sudeste,MG,Belo Horizonte,24.2,30.0,19.8,36.2,88.8,6.9,1,Alto
2019,8,2019-08-01,Sudeste,MG,Uberlândia,33.7,40.5,27.9,55.4,44.3,29.8,2,Crítico
2019,8,2019-08-01,Sudeste,MG,Juiz de Fora,24.0,29.8,20.1,54.4,52.7,15.4,1,Alto
2019,8,2019-08-01,Sudeste,ES,Vitória,25.7,29.5,20.4,57.4,81.7,2.2,2,Crítico
2019,8,2019-08-01,Sudeste,ES,Vila Velha,24.1,31.6,19.1,107.1,76.1,20.2,4,Médio
2019,8,2019-08-01,Sudeste,ES,Serra,27.3,32.8,23.1,113.1,53.7,7.3,3,Baixo
2019,8,2019-08-01,Sul,PR,Curitiba,31.6,38.6,27.1,95.1,38.3,31.5,2,Crítico
2019,8,2019-08-01,Sul,PR,Londrina,23.9,30.8,17.6,45.2,85.7,11.3,2,Baixo
2019,8,2019-08-01,Sul,SC,Florianópolis,19.7,23.0,12.9,171.9,66.4,12.9,2,Alto
2019,8,2019-08-01,Sul,SC,Joinville,24.3,32.1,20.1,50.0,75.7,9.4,2,Alto
2019,8,2019-08-01,Sul,RS,Porto Alegre,25.5,30.3,20.8,144.8,77.4,17.5,4,Médio
2019,8,2019-08-01,Sul,RS,Caxias do Sul,19.0,23.7,12.5,75.3,60.9,23.3,0,Baixo
2019,9,2019-09-01,Norte,AM,Manaus,27.3,30.9,21.4,92.0,44.4,26.3,2,Baixo
2019,9,2019-09-01,Norte,PA,Belém,32.9,37.7,29.3,187.0,67.4,24.9,0,Baixo
2019,9,2019-09-01,Norte,PA,Santarém,23.1,30.1,17.1,42.1,64.7,32.9,3,Crítico
2019,9,2019-09-01,Norte,RO,Porto Velho,29.9,35.1,23.1,92.1,94.1,30.0,1,Baixo
2019,9,2019-09-01,Norte,TO,Palmas,34.7,41.6,31.5,128.1,59.6,31.3,2,Baixo
2019,9,2019-09-01,Nordeste,BA,Salvador,21.5,24.6,17.0,106.4,82.0,24.7,3,Alto
2019,9,2019-09-01,Nordeste,BA,Feira de Santana,22.4,27.5,18.9,161.7,68.3,2.9,2,Crítico
2019,9,2019-09-01,Nordeste,PE,Recife,20.9,25.4,14.6,76.4,89.0,33.0,5,Alto
2019,9,2019-09-01,Nordeste,PE,Jaboatão dos Guararapes,28.6,34.5,23.3,46.1,49.4,4.9,2,Alto
2019,9,2019-09-01,Nordeste,CE,Fortaleza,24.4,30.3,19.6,97.0,93.3,28.3,2,Médio
2019,9,2019-09-01,Nordeste,CE,Juazeiro do Norte,25.6,31.4,20.0,247.1,54.7,28.8,1,Alto
2019,9,2019-09-01,Nordeste,MA,São Luís,28.0,31.8,23.8,31.5,37.3,28.7,2,Médio
2019,9,2019-09-01,Nordeste,PB,João Pessoa,29.3,35.6,22.9,130.6,67.4,23.9,2,Alto
2019,9,2019-09-01,Centro-Oeste,DF,Brasília,30.7,33.9,23.9,86.0,52.9,29.3,1,Alto
2019,9,2019-09-01,Centro-Oeste,GO,Goiânia,28.8,35.6,25.0,65.6,60.2,16.2,3,Baixo
2019,9,2019-09-01,Centro-Oeste,GO,Aparecida de Goiânia,18.0,24.7,11.4,47.9,77.8,23.0,2,Médio
2019,9,2019-09-01,Centro-Oeste,MT,Cuiabá,23.3,29.6,17.6,164.3,96.9,16.2,3,Alto
2019,9,2019-09-01,Centro-Oeste,MS,Campo Grande,23.9,28.0,19.1,104.4,35.7,23.6,4,Crítico
2019,9,2019-09-01,Sudeste,SP,São Paulo,19.2,26.3,15.3,80.9,71.1,9.8,1,Crítico
2019,9,2019-09-01,Sudeste,SP,Campinas,18.6,23.1,15.0,45.9,55.7,16.8,1,Alto
2019,9,2019-09-01,Sudeste,SP,Ribeirão Preto,22.0,28.1,18.7,274.9,74.6,6.5,2,Baixo
2019,9,2019-09-01,Sudeste,RJ,Rio de Janeiro,18.1,23.3,13.4,37.5,41.7,20.8,1,Médio
2019,9,2019-09-01,Sudeste,RJ,Niterói,28.0,33.3,22.2,220.0,59.1,14.8,2,Baixo
2019,9,2019-09-01,Sudeste,RJ,Nova Iguaçu,22.4,28.2,18.3,65.8,49.0,31.4,0,Médio
2019,9,2019-09-01,Sudeste,RJ,Petrópolis,24.2,29.7,17.5,21.0,48.5,6.7,1,Médio
2019,9,2019-09-01,Sudeste,MG,Belo Horizonte,25.8,30.7,22.5,95.7,75.6,27.4,1,Baixo
2019,9,2019-09-01,Sudeste,MG,Uberlândia,22.1,26.4,18.5,433.8,74.3,27.6,3,Crítico
2019,9,2019-09-01,Sudeste,MG,Juiz de Fora,24.7,31.8,19.8,145.5,79.3,6.4,2,Médio
2019,9,2019-09-01,Sudeste,ES,Vitória,21.7,24.8,16.4,49.4,69.8,4.4,4,Baixo
2019,9,2019-09-01,Sudeste,ES,Vila Velha,23.5,27.7,20.3,234.6,87.5,16.9,3,Alto
2019,9,2019-09-01,Sudeste,ES,Serra,17.7,23.5,11.2,118.5,87.2,27.0,1,Baixo
2019,9,2019-09-01,Sul,PR,Curitiba,25.5,33.3,21.2,110.3,89.1,3.4,2,Crítico
2019,9,2019-09-01,Sul,PR,Londrina,24.1,30.3,21.0,60.5,90.8,33.8,1,Baixo
2019,9,2019-09-01,Sul,SC,Florianópolis,22.9,27.8,19.3,104.8,39.4,5.0,3,Baixo
2019,9,2019-09-01,Sul,SC,Joinville,25.1,31.4,20.0,62.3,53.0,30.3,2,Baixo
2019,9,2019-09-01,Sul,RS,Porto Alegre,17.7,24.0,13.9,156.0,93.7,12.7,2,Alto
2019,9,2019-09-01,Sul,RS,Caxias do Sul,23.9,30.7,19.5,103.0,69.2,32.9,2,Alto
2019,10,2019-10-01,Norte,AM,Manaus,17.6,24.6,12.6,23.9,82.3,35.0,2,Baixo
2019,10,2019-10-01,Norte,PA,Belém,25.7,32.7,22.3,106.2,74.9,15.5,4,Baixo
2019,10,2019-10-01,Norte,PA,Santarém,28.7,36.5,23.8,71.5,96.4,6.9,1,Médio
2019,10,2019-10-01,Norte,RO,Porto Velho,26.7,32.3,23.3,58.4,94.4,4.1,0,Baixo
2019,10,2019-10-01,Norte,TO,Palmas,28.5,32.1,25.0,50.5,69.9,7.5,2,Médio
2019,10,2019-10-01,Nordeste,BA,Salvador,24.8,31.6,20.7,243.3,72.0,9.6,4,Alto
2019,10,2019-10-01,Nordeste,BA,Feira de Santana,23.8,29.1,19.3,84.0,48.8,21.2,1,Crítico
2019,10,2019-10-01,Nordeste,PE,Recife,23.2,27.0,18.3,42.2,38.3,5.1,1,Alto
2019,10,2019-10-01,Nordeste,PE,Jaboatão dos Guararapes,20.6,27.6,16.8,288.5,61.1,11.2,0,Alto
2019,10,2019-10-01,Nordeste,CE,Fortaleza,25.6,32.2,22.1,132.2,55.4,30.5,2,Médio
2019,10,2019-10-01,Nordeste,CE,Juazeiro do Norte,29.0,33.3,25.0,60.3,81.8,3.4,1,Alto
2019,10,2019-10-01,Nordeste,MA,São Luís,26.9,33.4,22.0,123.4,38.9,20.7,1,Crítico
2019,10,2019-10-01,Nordeste,PB,João Pessoa,23.1,29.9,16.7,113.0,40.2,26.0,6,Baixo
2019,10,2019-10-01,Centro-Oeste,DF,Brasília,29.7,33.1,25.2,115.3,70.6,33.2,2,Crítico
2019,10,2019-10-01,Centro-Oeste,GO,Goiânia,22.4,30.3,17.4,157.4,36.9,7.0,6,Médio
2019,10,2019-10-01,Centro-Oeste,GO,Aparecida de Goiânia,28.0,35.2,21.5,79.6,49.8,34.6,2,Médio
2019,10,2019-10-01,Centro-Oeste,MT,Cuiabá,17.3,23.5,10.8,117.3,90.3,2.9,5,Médio
2019,10,2019-10-01,Centro-Oeste,MS,Campo Grande,25.5,29.6,19.7,48.7,63.4,32.8,1,Baixo
2019,10,2019-10-01,Sudeste,SP,São Paulo,25.1,31.1,21.9,136.6,54.0,27.6,3,Crítico
2019,10,2019-10-01,Sudeste,SP,Campinas,20.8,28.8,14.5,60.9,36.6,2.6,4,Alto
2019,10,2019-10-01,Sudeste,SP,Ribeirão Preto,19.9,25.7,16.9,18.6,72.9,20.6,0,Crítico
2019,10,2019-10-01,Sudeste,RJ,Rio de Janeiro,21.0,26.8,17.0,108.3,44.3,13.7,1,Médio
2019,10,2019-10-01,Sudeste,RJ,Niterói,32.4,37.7,26.4,133.2,89.3,21.8,2,Alto
2019,10,2019-10-01,Sudeste,RJ,Nova Iguaçu,31.4,35.6,24.4,92.3,71.5,17.4,2,Baixo
2019,10,2019-10-01,Sudeste,RJ,Petrópolis,18.7,23.6,12.4,34.8,56.0,12.9,0,Médio
2019,10,2019-10-01,Sudeste,MG,Belo Horizonte,21.5,25.3,16.7,86.1,69.2,9.1,0,Baixo
2019,10,2019-10-01,Sudeste,MG,Uberlândia,23.7,27.6,20.3,65.2,38.0,27.5,4,Alto
2019,10,2019-10-01,Sudeste,MG,Juiz de Fora,22.7,27.5,18.9,68.4,73.5,28.4,1,Crítico
2019,10,2019-10-01,Sudeste,ES,Vitória,24.2,31.7,18.0,128.4,71.2,19.1,2,Médio
2019,10,2019-10-01,Sudeste,ES,Vila Velha,22.8,28.1,18.7,117.3,76.2,22.0,4,Alto
2019,10,2019-10-01,Sudeste,ES,Serra,22.4,26.5,18.0,73.7,85.9,19.7,0,Crítico
2019,10,2019-10-01,Sul,PR,Curitiba,28.1,36.0,22.8,85.1,48.2,26.6,0,Baixo
2019,10,2019-10-01,Sul,PR,Londrina,22.9,28.7,19.4,110.4,94.1,12.6,4,Crítico
2019,10,2019-10-01,Sul,SC,Florianópolis,19.2,24.9,13.1,88.7,50.6,7.2,3,Médio
2019,10,2019-10-01,Sul,SC,Joinville,21.4,27.5,15.0,130.3,93.9,17.0,1,Médio
2019,10,2019-10-01,Sul,RS,Porto Alegre,28.2,36.1,22.6,161.0,75.8,13.3,6,Médio
2019,10,2019-10-01,Sul,RS,Caxias do Sul,27.9,35.3,22.2,166.3,63.6,9.2,2,Baixo
2019,11,2019-11-01,Norte,AM,Manaus,29.6,35.8,25.4,120.8,93.0,22.6,1,Alto
2019,11,2019-11-01,Norte,PA,Belém,29.9,36.3,23.2,142.7,66.3,31.1,0,Alto
2019,11,2019-11-01,Norte,PA,Santarém,19.3,23.8,14.2,27.5,95.9,30.6,2,Médio
2019,11,2019-11-01,Norte,RO,Porto Velho,17.0,21.6,10.4,135.8,58.1,22.5,0,Alto
2019,11,2019-11-01,Norte,TO,Palmas,28.4,32.5,23.1,238.4,53.6,25.9,1,Baixo
2019,11,2019-11-01,Nordeste,BA,Salvador,23.3,27.7,17.3,204.3,86.1,22.8,4,Alto
2019,11,2019-11-01,Nordeste,BA,Feira de Santana,22.1,27.8,17.9,63.9,84.4,17.0,1,Médio
2019,11,2019-11-01,Nordeste,PE,Recife,25.8,30.1,19.6,38.0,92.8,31.9,1,Médio
2019,11,2019-11-01,Nordeste,PE,Jaboatão dos Guararapes,15.5,20.7,9.8,76.4,51.7,8.7,3,Médio
2019,11,2019-11-01,Nordeste,CE,Fortaleza,25.6,32.6,20.3,88.9,77.5,34.9,2,Alto
2019,11,2019-11-01,Nordeste,CE,Juazeiro do Norte,28.6,35.5,22.5,60.0,90.2,32.4,0,Crítico
2019,11,2019-11-01,Nordeste,MA,São Luís,23.7,27.5,17.1,81.8,97.4,14.1,3,Baixo
2019,11,2019-11-01,Nordeste,PB,João Pessoa,33.3,39.6,30.0,67.3,53.4,27.9,2,Alto
2019,11,2019-11-01,Centro-Oeste,DF,Brasília,24.6,28.1,21.3,128.4,66.2,34.5,1,Crítico
2019,11,2019-11-01,Centro-Oeste,GO,Goiânia,28.8,31.8,24.0,95.1,67.5,17.7,3,Baixo
2019,11,2019-11-01,Centro-Oeste,GO,Aparecida de Goiânia,15.7,19.8,8.7,300.7,92.3,13.2,3,Crítico
2019,11,2019-11-01,Centro-Oeste,MT,Cuiabá,23.6,30.7,19.2,72.8,68.6,6.8,4,Baixo
2019,11,2019-11-01,Centro-Oeste,MS,Campo Grande,29.1,35.3,24.8,123.4,49.6,7.7,4,Alto
2019,11,2019-11-01,Sudeste,SP,São Paulo,24.1,28.8,17.9,27.8,60.2,19.9,2,Baixo
2019,11,2019-11-01,Sudeste,SP,Campinas,17.5,20.5,10.9,127.2,87.3,12.9,4,Baixo
2019,11,2019-11-01,Sudeste,SP,Ribeirão Preto,30.2,33.4,23.7,99.3,55.5,6.7,2,Alto
2019,11,2019-11-01,Sudeste,RJ,Rio de Janeiro,22.9,27.6,17.8,106.1,81.7,25.4,3,Baixo
2019,11,2019-11-01,Sudeste,RJ,Niterói,23.9,28.8,20.3,139.9,88.5,21.2,2,Baixo
2019,11,2019-11-01,Sudeste,RJ,Nova Iguaçu,29.0,36.8,24.5,168.8,57.3,17.7,3,Baixo
2019,11,2019-11-01,Sudeste,RJ,Petrópolis,26.5,33.4,21.5,144.5,71.3,34.7,2,Médio
2019,11,2019-11-01,Sudeste,MG,Belo Horizonte,29.2,32.7,23.1,143.2,35.5,10.2,0,Baixo
2019,11,2019-11-01,Sudeste,MG,Uberlândia,20.3,27.8,16.7,55.7,86.5,33.5,1,Baixo
2019,11,2019-11-01,Sudeste,MG,Juiz de Fora,22.2,25.8,16.9,35.9,75.9,31.7,0,Médio
2019,11,2019-11-01,Sudeste,ES,Vitória,23.9,31.5,17.2,96.2,46.9,22.7,3,Baixo
2019,11,2019-11-01,Sudeste,ES,Vila Velha,24.4,29.1,19.0,66.0,67.3,27.9,2,Crítico
2019,11,2019-11-01,Sudeste,ES,Serra,22.4,28.5,18.6,153.6,85.7,8.2,1,Alto
2019,11,2019-11-01,Sul,PR,Curitiba,31.8,39.7,25.3,114.1,75.5,28.7,0,Alto
2019,11,2019-11-01,Sul,PR,Londrina,22.2,25.9,18.7,126.7,41.1,15.2,1,Crítico
2019,11,2019-11-01,Sul,SC,Florianópolis,29.9,37.8,23.7,38.1,86.6,2.6,0,Médio
2019,11,2019-11-01,Sul,SC,Joinville,26.9,32.4,22.4,124.4,72.4,27.5,4,Baixo
2019,11,2019-11-01,Sul,RS,Porto Alegre,21.5,28.0,15.7,121.7,85.0,2.1,4,Alto
2019,11,2019-11-01,Sul,RS,Caxias do Sul,30.3,37.8,24.2,80.0,89.4,14.2,0,Crítico
2019,12,2019-12-01,Norte,AM,Manaus,32.9,38.9,26.8,119.2,56.2,11.6,1,Crítico
2019,12,2019-12-01,Norte,PA,Belém,29.4,32.5,24.9,125.2,68.3,27.2,1,Baixo
2019,12,2019-12-01,Norte,PA,Santarém,22.9,27.0,17.9,110.4,63.8,4.6,2,Alto
2019,12,2019-12-01,Norte,RO,Porto Velho,34.4,42.0,27.4,236.5,37.3,29.4,0,Baixo
2019,12,2019-12-01,Norte,TO,Palmas,25.4,31.5,21.5,254.9,58.1,5.7,3,Médio
2019,12,2019-12-01,Nordeste,BA,Salvador,27.1,33.7,20.7,127.9,82.4,10.6,1,Alto
2019,12,2019-12-01,Nordeste,BA,Feira de Santana,25.9,32.1,20.1,65.6,58.6,5.2,1,Baixo
2019,12,2019-12-01,Nordeste,PE,Recife,29.9,34.6,26.0,128.1,86.2,14.5,0,Médio
2019,12,2019-12-01,Nordeste,PE,Jaboatão dos Guararapes,20.6,27.0,16.7,36.7,93.4,24.4,0,Baixo
2019,12,2019-12-01,Nordeste,CE,Fortaleza,25.9,29.6,21.5,113.2,58.7,3.4,3,Crítico
2019,12,2019-12-01,Nordeste,CE,Juazeiro do Norte,13.4,16.7,7.3,203.6,71.1,7.3,6,Crítico
2019,12,2019-12-01,Nordeste,MA,São Luís,18.7,22.3,15.2,320.2,39.1,2.3,1,Médio
2019,12,2019-12-01,Nordeste,PB,João Pessoa,20.4,25.0,15.5,183.3,46.3,20.4,1,Baixo
2019,12,2019-12-01,Centro-Oeste,DF,Brasília,23.4,29.1,16.9,45.3,61.6,18.3,1,Crítico
2019,12,2019-12-01,Centro-Oeste,GO,Goiânia,28.6,32.2,24.8,219.5,42.8,21.4,4,Baixo
2019,12,2019-12-01,Centro-Oeste,GO,Aparecida de Goiânia,22.1,27.9,17.8,66.8,53.9,12.1,1,Alto
2019,12,2019-12-01,Centro-Oeste,MT,Cuiabá,31.0,38.9,27.0,66.3,82.6,24.0,1,Médio
2019,12,2019-12-01,Centro-Oeste,MS,Campo Grande,24.4,27.9,19.5,77.1,38.8,22.5,2,Médio
2019,12,2019-12-01,Sudeste,SP,São Paulo,26.3,32.8,19.5,38.9,92.8,30.8,4,Crítico
2019,12,2019-12-01,Sudeste,SP,Campinas,24.3,29.0,20.8,37.5,46.0,16.5,1,Médio
2019,12,2019-12-01,Sudeste,SP,Ribeirão Preto,18.7,26.1,12.0,145.8,67.4,14.4,4,Crítico
2019,12,2019-12-01,Sudeste,RJ,Rio de Janeiro,30.2,34.3,25.6,112.7,67.9,26.9,0,Baixo
2019,12,2019-12-01,Sudeste,RJ,Niterói,26.2,30.9,21.1,17.4,84.9,30.1,2,Alto
2019,12,2019-12-01,Sudeste,RJ,Nova Iguaçu,24.0,31.7,19.2,251.7,59.7,12.1,0,Alto
2019,12,2019-12-01,Sudeste,RJ,Petrópolis,20.5,25.3,14.7,79.4,94.1,19.6,2,Médio
2019,12,2019-12-01,Sudeste,MG,Belo Horizonte,24.6,29.0,18.5,118.7,96.9,16.0,1,Médio
2019,12,2019-12-01,Sudeste,MG,Uberlândia,27.0,32.0,23.5,192.2,60.1,32.8,5,Baixo
2019,12,2019-12-01,Sudeste,MG,Juiz de Fora,24.5,32.2,17.5,66.3,95.3,29.2,1,Crítico
2019,12,2019-12-01,Sudeste,ES,Vitória,24.4,31.2,20.0,40.6,53.6,31.8,0,Médio
2019,12,2019-12-01,Sudeste,ES,Vila Velha,28.5,32.4,22.1,87.0,80.0,17.6,2,Médio
2019,12,2019-12-01,Sudeste,ES,Serra,23.1,30.8,17.8,130.3,59.3,31.2,2,Crítico
2019,12,2019-12-01,Sul,PR,Curitiba,23.1,30.8,19.3,77.9,37.1,7.9,2,Alto
2019,12,2019-12-01,Sul,PR,Londrina,29.4,33.5,26.3,93.7,75.4,30.3,4,Baixo
2019,12,2019-12-01,Sul,SC,Florianópolis,27.6,31.0,23.3,84.2,57.9,9.2,1,Médio
2019,12,2019-12-01,Sul,SC,Joinville,24.4,30.9,20.4,105.6,40.5,34.0,2,Médio
2019,12,2019-12-01,Sul,RS,Porto Alegre,30.7,38.5,24.0,89.2,67.7,10.7,1,Alto
2019,12,2019-12-01,Sul,RS,Caxias do Sul,22.6,29.6,16.2,30.5,45.1,23.0,2,Médio
2020,1,2020-01-01,Norte,AM,Manaus,31.6,39.5,26.8,67.3,35.0,10.2,3,Médio
2020,1,2020-01-01,Norte,PA,Belém,21.9,25.1,16.3,34.8,75.3,4.1,0,Alto
2020,1,2020-01-01,Norte,PA,Santarém,25.5,31.0,21.1,19.2,42.5,21.9,3,Baixo
2020,1,2020-01-01,Norte,RO,Porto Velho,23.4,27.8,18.0,136.1,46.3,28.4,3,Médio
2020,1,2020-01-01,Norte,TO,Palmas,30.6,35.3,24.6,44.3,70.2,25.6,2,Alto
2020,1,2020-01-01,Nordeste,BA,Salvador,28.2,33.2,22.4,50.3,65.2,6.5,0,Crítico
2020,1,2020-01-01,Nordeste,BA,Feira de Santana,32.3,36.1,28.6,209.3,48.0,23.1,3,Baixo
2020,1,2020-01-01,Nordeste,PE,Recife,23.0,28.8,17.9,50.7,43.7,24.5,4,Crítico
2020,1,2020-01-01,Nordeste,PE,Jaboatão dos Guararapes,25.5,30.0,19.7,52.4,77.7,24.0,3,Alto
2020,1,2020-01-01,Nordeste,CE,Fortaleza,30.1,36.4,23.5,164.4,40.8,11.0,2,Baixo
2020,1,2020-01-01,Nordeste,CE,Juazeiro do Norte,23.6,26.7,20.4,269.9,74.3,11.4,1,Alto
2020,1,2020-01-01,Nordeste,MA,São Luís,26.7,33.4,20.6,86.2,76.0,27.0,2,Médio
2020,1,2020-01-01,Nordeste,PB,João Pessoa,23.3,29.6,18.2,51.0,81.0,5.3,1,Médio
2020,1,2020-01-01,Centro-Oeste,DF,Brasília,19.9,27.4,13.3,56.9,84.2,11.6,4,Crítico
2020,1,2020-01-01,Centro-Oeste,GO,Goiânia,25.0,28.4,20.9,348.8,56.8,13.6,3,Alto
2020,1,2020-01-01,Centro-Oeste,GO,Aparecida de Goiânia,20.5,24.4,14.1,221.2,80.0,10.7,4,Crítico
2020,1,2020-01-01,Centro-Oeste,MT,Cuiabá,26.5,30.9,21.1,151.4,79.0,15.5,1,Baixo
2020,1,2020-01-01,Centro-Oeste,MS,Campo Grande,20.1,24.5,15.1,68.1,88.1,18.3,2,Médio
2020,1,2020-01-01,Sudeste,SP,São Paulo,28.2,35.8,25.1,138.5,76.6,15.0,2,Crítico
2020,1,2020-01-01,Sudeste,SP,Campinas,19.1,25.7,15.2,130.7,40.6,18.7,1,Médio
2020,1,2020-01-01,Sudeste,SP,Ribeirão Preto,34.9,39.6,28.7,54.2,43.4,13.3,2,Médio
2020,1,2020-01-01,Sudeste,RJ,Rio de Janeiro,28.3,33.2,24.2,39.4,58.1,14.0,0,Médio
2020,1,2020-01-01,Sudeste,RJ,Niterói,26.3,29.4,22.0,117.2,75.6,5.9,2,Alto
2020,1,2020-01-01,Sudeste,RJ,Nova Iguaçu,31.2,39.1,26.6,129.7,79.0,21.2,0,Médio
2020,1,2020-01-01,Sudeste,RJ,Petrópolis,27.0,30.0,23.6,39.7,78.6,8.6,5,Médio
2020,1,2020-01-01,Sudeste,MG,Belo Horizonte,24.1,30.9,19.7,76.6,72.9,31.9,1,Baixo
2020,1,2020-01-01,Sudeste,MG,Uberlândia,26.8,33.7,22.4,177.1,89.1,3.9,0,Crítico
2020,1,2020-01-01,Sudeste,MG,Juiz de Fora,29.1,35.9,25.4,103.4,93.8,20.1,1,Alto
2020,1,2020-01-01,Sudeste,ES,Vitória,25.7,33.1,20.5,94.7,43.0,12.6,2,Crítico
2020,1,2020-01-01,Sudeste,ES,Vila Velha,30.0,37.8,25.0,49.9,85.1,16.6,0,Baixo
2020,1,2020-01-01,Sudeste,ES,Serra,31.8,35.1,24.8,31.6,35.7,25.0,1,Médio
2020,1,2020-01-01,Sul,PR,Curitiba,29.1,34.8,23.8,78.7,88.0,9.4,4,Crítico
2020,1,2020-01-01,Sul,PR,Londrina,23.7,28.3,19.3,110.5,44.2,27.7,0,Alto
2020,1,2020-01-01,Sul,SC,Florianópolis,24.5,30.2,18.2,35.8,66.3,31.6,0,Crítico
2020,1,2020-01-01,Sul,SC,Joinville,25.6,28.8,20.8,54.1,88.3,10.2,2,Baixo
2020,1,2020-01-01,Sul,RS,Porto Alegre,25.4,31.3,20.9,85.8,38.1,3.9,0,Baixo
2020,1,2020-01-01,Sul,RS,Caxias do Sul,27.1,30.5,23.3,76.9,72.2,15.6,2,Médio
2020,2,2020-02-01,Norte,AM,Manaus,26.3,31.7,21.8,24.9,95.4,23.6,4,Médio
2020,2,2020-02-01,Norte,PA,Belém,26.7,31.2,21.2,73.5,93.1,5.8,1,Baixo
2020,2,2020-02-01,Norte,PA,Santarém,25.8,30.4,19.5,41.2,42.3,24.8,0,Baixo
2020,2,2020-02-01,Norte,RO,Porto Velho,27.6,34.3,24.5,156.5,90.4,27.1,2,Alto
2020,2,2020-02-01,Norte,TO,Palmas,21.8,26.4,18.2,161.2,63.4,29.4,1,Alto
2020,2,2020-02-01,Nordeste,BA,Salvador,24.2,31.9,20.4,77.2,89.8,33.5,1,Alto
2020,2,2020-02-01,Nordeste,BA,Feira de Santana,25.5,29.8,19.6,73.0,84.6,10.9,3,Alto
2020,2,2020-02-01,Nordeste,PE,Recife,26.0,33.9,20.2,78.7,56.1,26.2,2,Baixo
2020,2,2020-02-01,Nordeste,PE,Jaboatão dos Guararapes,29.6,34.0,25.5,84.9,48.5,30.6,3,Baixo
2020,2,2020-02-01,Nordeste,CE,Fortaleza,26.5,31.2,22.9,184.4,94.8,31.7,2,Crítico
2020,2,2020-02-01,Nordeste,CE,Juazeiro do Norte,26.6,32.0,22.5,48.3,94.5,12.1,3,Médio
2020,2,2020-02-01,Nordeste,MA,São Luís,27.1,32.3,20.1,110.3,82.8,5.2,4,Crítico
2020,2,2020-02-01,Nordeste,PB,João Pessoa,18.3,21.7,14.0,62.2,61.4,24.9,1,Alto
2020,2,2020-02-01,Centro-Oeste,DF,Brasília,25.4,29.7,18.8,40.1,75.8,31.9,4,Médio
2020,2,2020-02-01,Centro-Oeste,GO,Goiânia,28.3,32.9,24.4,32.1,48.1,14.6,1,Baixo
2020,2,2020-02-01,Centro-Oeste,GO,Aparecida de Goiânia,22.9,28.7,16.5,134.9,40.4,31.4,1,Médio
2020,2,2020-02-01,Centro-Oeste,MT,Cuiabá,22.6,25.6,18.3,99.7,45.8,5.1,5,Crítico
2020,2,2020-02-01,Centro-Oeste,MS,Campo Grande,25.6,30.9,22.5,75.1,53.0,8.0,0,Crítico
2020,2,2020-02-01,Sudeste,SP,São Paulo,19.5,22.5,13.4,93.8,37.6,24.9,1,Baixo
2020,2,2020-02-01,Sudeste,SP,Campinas,26.8,32.6,23.1,77.1,38.8,11.1,4,Alto
2020,2,2020-02-01,Sudeste,SP,Ribeirão Preto,24.8,29.6,17.9,200.1,89.0,7.2,2,Médio
2020,2,2020-02-01,Sudeste,RJ,Rio de Janeiro,24.1,30.4,17.3,92.6,61.8,14.8,5,Crítico
2020,2,2020-02-01,Sudeste,RJ,Niterói,21.5,26.8,17.2,153.3,84.3,9.4,1,Baixo
2020,2,2020-02-01,Sudeste,RJ,Nova Iguaçu,19.7,26.5,16.0,109.9,42.0,24.3,1,Médio
2020,2,2020-02-01,Sudeste,RJ,Petrópolis,29.1,33.3,25.8,37.0,65.5,19.3,1,Crítico
2020,2,2020-02-01,Sudeste,MG,Belo Horizonte,33.4,40.5,29.6,82.0,35.2,34.5,2,Crítico
2020,2,2020-02-01,Sudeste,MG,Uberlândia,21.2,27.1,17.8,155.3,45.7,23.8,5,Alto
2020,2,2020-02-01,Sudeste,MG,Juiz de Fora,26.8,34.0,20.6,61.9,57.0,23.4,2,Baixo
2020,2,2020-02-01,Sudeste,ES,Vitória,24.0,31.2,18.6,145.3,49.8,10.0,1,Crítico
2020,2,2020-02-01,Sudeste,ES,Vila Velha,28.2,34.7,24.5,110.9,67.1,23.9,4,Médio
2020,2,2020-02-01,Sudeste,ES,Serra,28.8,35.7,22.8,103.7,73.6,2.3,3,Crítico
2020,2,2020-02-01,Sul,PR,Curitiba,18.7,24.5,12.3,142.9,51.7,2.2,2,Crítico
2020,2,2020-02-01,Sul,PR,Londrina,23.8,30.3,20.6,119.8,51.1,4.1,0,Médio
2020,2,2020-02-01,Sul,SC,Florianópolis,22.0,26.9,17.9,125.9,81.5,28.0,2,Crítico
2020,2,2020-02-01,Sul,SC,Joinville,21.6,28.9,17.5,73.7,97.1,16.0,2,Alto
2020,2,2020-02-01,Sul,RS,Porto Alegre,22.0,25.8,15.0,50.2,50.6,26.9,1,Crítico
2020,2,2020-02-01,Sul,RS,Caxias do Sul,19.8,24.2,13.5,84.4,74.9,26.2,0,Baixo
2020,3,2020-03-01,Norte,AM,Manaus,20.4,25.5,15.9,168.7,35.7,21.0,2,Médio
2020,3,2020-03-01,Norte,PA,Belém,27.8,33.3,24.2,156.5,85.1,28.7,0,Baixo
2020,3,2020-03-01,Norte,PA,Santarém,27.4,31.8,22.7,93.4,38.7,8.2,1,Alto
2020,3,2020-03-01,Norte,RO,Porto Velho,24.9,32.1,18.8,211.2,96.0,14.7,3,Crítico
2020,3,2020-03-01,Norte,TO,Palmas,27.4,30.9,24.4,122.9,42.4,33.5,0,Crítico
2020,3,2020-03-01,Nordeste,BA,Salvador,25.1,31.2,19.9,76.1,88.3,8.4,1,Alto
2020,3,2020-03-01,Nordeste,BA,Feira de Santana,23.8,30.4,17.1,227.1,85.8,10.7,0,Crítico
2020,3,2020-03-01,Nordeste,PE,Recife,23.9,30.4,17.4,157.9,63.0,22.0,1,Médio
2020,3,2020-03-01,Nordeste,PE,Jaboatão dos Guararapes,29.0,33.9,22.9,121.9,95.3,30.3,4,Baixo
2020,3,2020-03-01,Nordeste,CE,Fortaleza,28.0,33.6,24.3,133.7,59.0,22.6,3,Médio
2020,3,2020-03-01,Nordeste,CE,Juazeiro do Norte,18.2,23.6,12.0,76.8,80.1,34.8,5,Médio
2020,3,2020-03-01,Nordeste,MA,São Luís,25.8,33.4,19.8,133.2,35.6,33.2,4,Baixo
2020,3,2020-03-01,Nordeste,PB,João Pessoa,24.5,29.1,19.6,136.9,43.6,32.8,1,Alto
2020,3,2020-03-01,Centro-Oeste,DF,Brasília,26.5,31.2,23.1,129.3,84.4,21.9,3,Alto
2020,3,2020-03-01,Centro-Oeste,GO,Goiânia,28.4,33.0,22.2,157.4,75.9,12.0,3,Médio
2020,3,2020-03-01,Centro-Oeste,GO,Aparecida de Goiânia,24.1,31.3,20.1,49.9,77.9,21.4,3,Crítico
2020,3,2020-03-01,Centro-Oeste,MT,Cuiabá,22.6,30.5,18.7,234.0,65.8,19.2,6,Crítico
2020,3,2020-03-01,Centro-Oeste,MS,Campo Grande,24.8,30.6,18.1,83.5,83.7,8.0,3,Crítico
2020,3,2020-03-01,Sudeste,SP,São Paulo,23.0,29.1,17.2,44.8,35.8,26.1,1,Crítico
2020,3,2020-03-01,Sudeste,SP,Campinas,27.6,34.7,23.6,44.4,75.3,10.3,3,Médio
2020,3,2020-03-01,Sudeste,SP,Ribeirão Preto,24.9,32.4,18.3,96.4,51.9,9.3,0,Alto
2020,3,2020-03-01,Sudeste,RJ,Rio de Janeiro,24.8,30.9,21.8,194.5,87.2,31.0,3,Médio
2020,3,2020-03-01,Sudeste,RJ,Niterói,26.0,30.6,19.5,241.4,74.8,10.1,2,Baixo
2020,3,2020-03-01,Sudeste,RJ,Nova Iguaçu,18.4,22.4,12.7,203.9,79.0,14.9,0,Crítico
2020,3,2020-03-01,Sudeste,RJ,Petrópolis,25.8,31.6,20.0,60.1,39.8,26.8,6,Alto
2020,3,2020-03-01,Sudeste,MG,Belo Horizonte,25.0,29.0,20.7,185.6,87.3,5.8,0,Alto
2020,3,2020-03-01,Sudeste,MG,Uberlândia,25.6,32.5,21.4,51.0,65.4,2.4,0,Alto
2020,3,2020-03-01,Sudeste,MG,Juiz de Fora,31.2,35.0,27.4,65.7,36.1,32.6,3,Médio
2020,3,2020-03-01,Sudeste,ES,Vitória,28.7,31.8,22.5,107.8,57.5,30.8,0,Crítico
2020,3,2020-03-01,Sudeste,ES,Vila Velha,27.6,31.7,21.1,92.3,62.9,13.4,5,Crítico
2020,3,2020-03-01,Sudeste,ES,Serra,28.2,34.0,23.1,30.7,38.2,17.5,0,Baixo
2020,3,2020-03-01,Sul,PR,Curitiba,26.2,32.6,20.9,66.3,68.5,2.5,0,Baixo
2020,3,2020-03-01,Sul,PR,Londrina,28.5,33.2,22.6,77.5,91.4,4.1,3,Crítico
2020,3,2020-03-01,Sul,SC,Florianópolis,26.9,32.5,20.1,55.5,93.6,15.5,2,Crítico
2020,3,2020-03-01,Sul,SC,Joinville,27.1,34.4,21.1,156.1,69.8,11.5,2,Alto
2020,3,2020-03-01,Sul,RS,Porto Alegre,29.8,34.5,25.5,112.0,35.4,21.1,2,Baixo
2020,3,2020-03-01,Sul,RS,Caxias do Sul,26.9,30.1,22.3,23.4,90.8,31.7,2,Médio
2020,4,2020-04-01,Norte,AM,Manaus,22.0,26.8,17.4,70.8,76.0,12.2,0,Crítico
2020,4,2020-04-01,Norte,PA,Belém,22.3,28.9,17.8,66.3,52.8,21.4,0,Alto
2020,4,2020-04-01,Norte,PA,Santarém,27.7,31.7,21.7,56.5,50.5,11.9,3,Alto
2020,4,2020-04-01,Norte,RO,Porto Velho,24.0,31.3,18.2,43.8,89.3,16.0,3,Baixo
2020,4,2020-04-01,Norte,TO,Palmas,25.0,32.1,19.7,244.7,69.4,5.7,2,Alto
2020,4,2020-04-01,Nordeste,BA,Salvador,28.5,35.4,25.2,80.9,60.1,7.8,1,Baixo
2020,4,2020-04-01,Nordeste,BA,Feira de Santana,29.2,34.0,24.6,92.8,77.5,3.7,3,Médio
2020,4,2020-04-01,Nordeste,PE,Recife,29.9,37.4,23.9,180.2,85.7,9.9,4,Alto
2020,4,2020-04-01,Nordeste,PE,Jaboatão dos Guararapes,21.6,29.4,17.4,31.2,89.9,30.0,1,Alto
2020,4,2020-04-01,Nordeste,CE,Fortaleza,22.4,27.6,16.1,147.6,35.7,16.8,3,Crítico
2020,4,2020-04-01,Nordeste,CE,Juazeiro do Norte,24.4,30.7,19.2,111.6,73.6,9.9,1,Médio
2020,4,2020-04-01,Nordeste,MA,São Luís,11.4,16.5,5.7,144.4,67.6,23.9,1,Baixo
2020,4,2020-04-01,Nordeste,PB,João Pessoa,25.9,30.4,22.5,221.8,67.7,26.8,1,Baixo
2020,4,2020-04-01,Centro-Oeste,DF,Brasília,20.0,26.1,16.6,120.9,90.3,21.4,1,Baixo
2020,4,2020-04-01,Centro-Oeste,GO,Goiânia,22.8,28.5,19.2,103.1,56.0,12.8,1,Alto
2020,4,2020-04-01,Centro-Oeste,GO,Aparecida de Goiânia,22.5,26.7,15.5,71.7,70.5,28.1,0,Médio
2020,4,2020-04-01,Centro-Oeste,MT,Cuiabá,23.3,27.7,17.0,28.8,55.7,20.9,0,Crítico
2020,4,2020-04-01,Centro-Oeste,MS,Campo Grande,25.9,29.2,19.9,27.9,36.0,6.2,5,Alto
2020,4,2020-04-01,Sudeste,SP,São Paulo,29.4,36.6,24.8,63.1,86.5,30.0,2,Alto
2020,4,2020-04-01,Sudeste,SP,Campinas,24.0,27.6,20.5,140.9,87.9,30.2,5,Baixo
2020,4,2020-04-01,Sudeste,SP,Ribeirão Preto,29.6,33.6,24.3,94.3,69.6,13.1,1,Baixo
2020,4,2020-04-01,Sudeste,RJ,Rio de Janeiro,23.4,28.8,20.4,39.3,41.2,25.0,2,Crítico
2020,4,2020-04-01,Sudeste,RJ,Niterói,17.3,22.0,10.5,74.8,84.9,9.2,2,Baixo
2020,4,2020-04-01,Sudeste,RJ,Nova Iguaçu,22.9,30.3,17.9,89.1,55.4,14.7,2,Crítico
2020,4,2020-04-01,Sudeste,RJ,Petrópolis,32.2,39.9,28.1,126.9,40.9,17.4,1,Crítico
2020,4,2020-04-01,Sudeste,MG,Belo Horizonte,21.8,27.4,18.6,32.7,36.4,4.4,2,Crítico
2020,4,2020-04-01,Sudeste,MG,Uberlândia,25.9,29.1,22.4,94.6,53.1,33.4,1,Médio
2020,4,2020-04-01,Sudeste,MG,Juiz de Fora,29.6,37.6,25.6,103.7,60.1,6.6,2,Crítico
2020,4,2020-04-01,Sudeste,ES,Vitória,28.4,32.9,23.1,90.1,58.2,26.4,0,Alto
2020,4,2020-04-01,Sudeste,ES,Vila Velha,27.7,32.2,23.6,183.0,89.8,20.8,1,Crítico
2020,4,2020-04-01,Sudeste,ES,Serra,30.8,37.9,24.1,77.0,66.4,18.8,2,Alto
2020,4,2020-04-01,Sul,PR,Curitiba,20.2,27.4,16.4,37.6,93.6,24.4,1,Crítico
2020,4,2020-04-01,Sul,PR,Londrina,23.5,28.7,18.8,132.8,89.8,34.1,1,Crítico
2020,4,2020-04-01,Sul,SC,Florianópolis,20.5,28.4,16.1,57.6,89.7,5.3,4,Médio
2020,4,2020-04-01,Sul,SC,Joinville,22.3,29.0,15.6,101.5,75.6,3.0,2,Médio
2020,4,2020-04-01,Sul,RS,Porto Alegre,20.8,28.7,15.4,62.2,39.8,26.9,3,Baixo
2020,4,2020-04-01,Sul,RS,Caxias do Sul,27.1,33.3,23.0,86.8,60.0,20.9,2,Crítico
2020,5,2020-05-01,Norte,AM,Manaus,23.9,31.2,17.1,58.2,60.2,23.6,1,Baixo
2020,5,2020-05-01,Norte,PA,Belém,23.8,31.3,19.8,105.7,90.8,4.8,2,Médio
2020,5,2020-05-01,Norte,PA,Santarém,21.2,27.1,15.1,134.0,85.0,14.5,1,Crítico
2020,5,2020-05-01,Norte,RO,Porto Velho,20.0,24.9,16.0,131.2,53.0,14.8,0,Crítico
2020,5,2020-05-01,Norte,TO,Palmas,18.1,21.7,12.0,87.9,48.7,13.0,1,Alto
2020,5,2020-05-01,Nordeste,BA,Salvador,31.2,36.6,27.1,46.2,94.1,9.8,1,Baixo
2020,5,2020-05-01,Nordeste,BA,Feira de Santana,26.0,31.8,19.8,49.8,58.4,5.4,1,Crítico
2020,5,2020-05-01,Nordeste,PE,Recife,33.1,39.1,26.3,45.9,49.5,11.4,3,Médio
2020,5,2020-05-01,Nordeste,PE,Jaboatão dos Guararapes,25.4,32.1,21.3,86.4,47.8,10.5,1,Crítico
2020,5,2020-05-01,Nordeste,CE,Fortaleza,23.8,27.6,17.0,159.8,44.9,33.2,2,Baixo
2020,5,2020-05-01,Nordeste,CE,Juazeiro do Norte,26.4,32.1,19.9,78.9,87.1,29.6,3,Alto
2020,5,2020-05-01,Nordeste,MA,São Luís,18.8,22.1,11.8,99.5,96.3,26.4,5,Médio
2020,5,2020-05-01,Nordeste,PB,João Pessoa,27.3,30.7,21.0,45.2,83.6,33.1,2,Alto
2020,5,2020-05-01,Centro-Oeste,DF,Brasília,22.9,27.5,17.6,72.8,73.1,12.7,3,Alto
2020,5,2020-05-01,Centro-Oeste,GO,Goiânia,21.1,26.9,14.5,71.1,82.1,3.9,1,Crítico
2020,5,2020-05-01,Centro-Oeste,GO,Aparecida de Goiânia,26.6,32.3,23.2,51.5,38.1,32.5,3,Alto
2020,5,2020-05-01,Centro-Oeste,MT,Cuiabá,19.2,23.6,14.5,42.7,44.1,33.5,2,Crítico
2020,5,2020-05-01,Centro-Oeste,MS,Campo Grande,31.2,37.2,28.0,165.8,63.2,8.9,2,Baixo
2020,5,2020-05-01,Sudeste,SP,São Paulo,15.8,18.8,8.8,118.6,70.6,33.6,5,Crítico
2020,5,2020-05-01,Sudeste,SP,Campinas,28.9,32.0,22.8,73.0,90.3,32.5,2,Médio
2020,5,2020-05-01,Sudeste,SP,Ribeirão Preto,29.5,34.7,25.9,188.7,52.9,9.9,1,Crítico
2020,5,2020-05-01,Sudeste,RJ,Rio de Janeiro,24.9,32.6,21.5,225.3,73.1,27.3,2,Médio
2020,5,2020-05-01,Sudeste,RJ,Niterói,30.4,35.6,24.2,94.1,61.2,12.3,5,Baixo
2020,5,2020-05-01,Sudeste,RJ,Nova Iguaçu,26.9,34.5,20.3,89.4,64.2,15.3,3,Médio
2020,5,2020-05-01,Sudeste,RJ,Petrópolis,26.5,34.2,20.0,135.2,66.6,8.2,3,Alto
2020,5,2020-05-01,Sudeste,MG,Belo Horizonte,23.6,29.2,16.7,334.7,70.4,25.7,1,Alto
2020,5,2020-05-01,Sudeste,MG,Uberlândia,24.0,27.2,20.6,32.3,74.2,9.0,0,Médio
2020,5,2020-05-01,Sudeste,MG,Juiz de Fora,29.0,35.2,23.1,56.0,92.9,32.4,2,Crítico
2020,5,2020-05-01,Sudeste,ES,Vitória,26.5,32.6,22.9,235.5,94.1,8.3,3,Alto
2020,5,2020-05-01,Sudeste,ES,Vila Velha,22.9,30.9,18.2,101.8,92.7,5.8,2,Alto
2020,5,2020-05-01,Sudeste,ES,Serra,26.6,33.1,23.4,54.1,39.4,8.7,1,Crítico
2020,5,2020-05-01,Sul,PR,Curitiba,29.4,33.4,24.9,170.7,84.3,17.1,0,Baixo
2020,5,2020-05-01,Sul,PR,Londrina,18.4,25.5,12.0,126.8,38.3,6.0,0,Crítico
2020,5,2020-05-01,Sul,SC,Florianópolis,23.2,28.4,17.4,228.9,60.1,5.9,1,Crítico
2020,5,2020-05-01,Sul,SC,Joinville,26.1,30.7,19.6,127.4,46.5,6.7,1,Baixo
2020,5,2020-05-01,Sul,RS,Porto Alegre,18.0,21.7,13.6,52.8,45.9,27.8,2,Médio
2020,5,2020-05-01,Sul,RS,Caxias do Sul,27.2,34.5,22.2,59.7,69.1,3.1,3,Crítico
2020,6,2020-06-01,Norte,AM,Manaus,27.6,34.1,21.6,167.7,43.4,6.8,1,Médio
2020,6,2020-06-01,Norte,PA,Belém,27.0,32.8,22.4,133.2,42.6,6.7,1,Médio
2020,6,2020-06-01,Norte,PA,Santarém,28.1,33.0,22.7,13.3,45.8,5.9,1,Baixo
2020,6,2020-06-01,Norte,RO,Porto Velho,20.8,28.4,14.6,24.6,68.6,19.1,0,Crítico
2020,6,2020-06-01,Norte,TO,Palmas,24.6,28.7,20.2,112.2,47.4,33.9,0,Baixo
2020,6,2020-06-01,Nordeste,BA,Salvador,23.1,28.3,16.9,137.4,43.9,31.2,0,Médio
2020,6,2020-06-01,Nordeste,BA,Feira de Santana,24.9,30.6,19.6,209.1,50.9,16.3,0,Médio
2020,6,2020-06-01,Nordeste,PE,Recife,27.9,34.6,22.6,32.0,96.6,34.9,2,Baixo
2020,6,2020-06-01,Nordeste,PE,Jaboatão dos Guararapes,27.2,30.9,21.2,216.9,84.3,12.3,4,Baixo
2020,6,2020-06-01,Nordeste,CE,Fortaleza,23.3,28.5,19.5,186.9,70.8,27.3,2,Crítico
2020,6,2020-06-01,Nordeste,CE,Juazeiro do Norte,28.2,32.4,23.1,207.2,44.8,28.6,0,Alto
2020,6,2020-06-01,Nordeste,MA,São Luís,25.3,28.8,21.4,189.1,57.0,18.9,4,Médio
2020,6,2020-06-01,Nordeste,PB,João Pessoa,26.0,33.6,22.2,70.5,62.2,11.5,1,Alto
2020,6,2020-06-01,Centro-Oeste,DF,Brasília,26.2,32.8,21.6,71.8,97.4,27.7,5,Crítico
2020,6,2020-06-01,Centro-Oeste,GO,Goiânia,30.7,37.6,24.8,172.3,62.6,34.1,0,Alto
2020,6,2020-06-01,Centro-Oeste,GO,Aparecida de Goiânia,30.9,37.3,25.7,39.5,83.6,15.0,1,Alto
2020,6,2020-06-01,Centro-Oeste,MT,Cuiabá,21.2,26.4,14.3,106.0,45.8,2.4,3,Médio
2020,6,2020-06-01,Centro-Oeste,MS,Campo Grande,24.4,28.4,20.3,144.8,95.7,5.5,2,Baixo
2020,6,2020-06-01,Sudeste,SP,São Paulo,23.2,29.4,19.4,139.0,74.2,14.5,0,Médio
2020,6,2020-06-01,Sudeste,SP,Campinas,20.3,25.1,14.3,128.2,38.1,11.5,4,Médio
2020,6,2020-06-01,Sudeste,SP,Ribeirão Preto,27.0,32.5,20.8,137.4,86.1,2.6,4,Médio
2020,6,2020-06-01,Sudeste,RJ,Rio de Janeiro,30.6,37.8,26.1,90.7,61.2,34.4,1,Baixo
2020,6,2020-06-01,Sudeste,RJ,Niterói,23.7,27.8,16.9,53.7,88.3,31.9,2,Baixo
2020,6,2020-06-01,Sudeste,RJ,Nova Iguaçu,31.9,37.6,25.6,61.6,64.5,20.1,1,Baixo
2020,6,2020-06-01,Sudeste,RJ,Petrópolis,20.6,23.7,15.1,116.4,74.4,28.8,1,Médio
2020,6,2020-06-01,Sudeste,MG,Belo Horizonte,29.5,35.7,22.6,58.6,56.6,18.9,0,Baixo
2020,6,2020-06-01,Sudeste,MG,Uberlândia,21.6,28.5,16.4,73.5,78.3,33.8,4,Alto
2020,6,2020-06-01,Sudeste,MG,Juiz de Fora,22.6,26.6,19.2,69.9,77.5,9.9,1,Médio
2020,6,2020-06-01,Sudeste,ES,Vitória,23.5,26.7,16.7,186.7,70.5,33.3,2,Alto
2020,6,2020-06-01,Sudeste,ES,Vila Velha,27.3,34.1,21.5,42.8,63.1,2.5,1,Baixo
2020,6,2020-06-01,Sudeste,ES,Serra,27.6,32.9,24.6,56.6,81.0,5.4,0,Baixo
2020,6,2020-06-01,Sul,PR,Curitiba,23.1,26.6,20.1,24.2,79.5,22.8,2,Baixo
2020,6,2020-06-01,Sul,PR,Londrina,28.1,35.0,25.0,40.5,35.3,27.0,4,Médio
2020,6,2020-06-01,Sul,SC,Florianópolis,26.5,34.3,20.2,127.3,59.8,12.4,3,Crítico
2020,6,2020-06-01,Sul,SC,Joinville,21.0,27.4,17.1,121.9,84.4,18.7,5,Médio
2020,6,2020-06-01,Sul,RS,Porto Alegre,29.7,36.0,25.5,31.8,78.5,27.6,4,Baixo
2020,6,2020-06-01,Sul,RS,Caxias do Sul,25.4,32.2,21.1,213.2,36.3,9.6,4,Baixo
2020,7,2020-07-01,Norte,AM,Manaus,26.1,32.1,22.7,16.9,58.8,15.1,2,Alto
2020,7,2020-07-01,Norte,PA,Belém,26.3,29.8,22.2,77.7,72.7,17.7,2,Médio
2020,7,2020-07-01,Norte,PA,Santarém,28.9,36.2,24.1,77.1,94.1,15.6,0,Alto
2020,7,2020-07-01,Norte,RO,Porto Velho,26.5,29.7,19.6,121.6,51.8,23.8,3,Alto
2020,7,2020-07-01,Norte,TO,Palmas,19.7,22.8,14.2,278.7,81.3,5.6,4,Crítico
2020,7,2020-07-01,Nordeste,BA,Salvador,26.3,30.7,22.6,73.1,80.9,6.5,5,Baixo
2020,7,2020-07-01,Nordeste,BA,Feira de Santana,26.7,33.0,22.7,92.4,94.9,11.9,4,Médio
2020,7,2020-07-01,Nordeste,PE,Recife,26.2,31.3,20.9,73.1,46.4,30.4,0,Baixo
2020,7,2020-07-01,Nordeste,PE,Jaboatão dos Guararapes,23.3,29.3,18.6,74.9,77.6,12.8,5,Crítico
2020,7,2020-07-01,Nordeste,CE,Fortaleza,27.4,34.6,23.8,108.8,51.6,13.9,2,Crítico
2020,7,2020-07-01,Nordeste,CE,Juazeiro do Norte,23.4,28.6,20.3,47.9,70.9,29.2,1,Crítico
2020,7,2020-07-01,Nordeste,MA,São Luís,23.0,28.9,19.6,250.4,51.5,18.1,2,Médio
2020,7,2020-07-01,Nordeste,PB,João Pessoa,25.4,32.0,20.1,58.2,37.5,3.0,0,Crítico
2020,7,2020-07-01,Centro-Oeste,DF,Brasília,25.0,32.3,21.2,165.8,49.4,27.5,4,Médio
2020,7,2020-07-01,Centro-Oeste,GO,Goiânia,27.4,34.1,21.3,108.3,53.2,31.8,0,Médio
2020,7,2020-07-01,Centro-Oeste,GO,Aparecida de Goiânia,23.8,27.8,18.5,58.6,40.9,3.4,1,Médio
2020,7,2020-07-01,Centro-Oeste,MT,Cuiabá,29.8,36.4,25.4,79.6,43.1,30.5,1,Alto
2020,7,2020-07-01,Centro-Oeste,MS,Campo Grande,26.0,33.1,22.7,99.5,65.8,30.5,5,Baixo
2020,7,2020-07-01,Sudeste,SP,São Paulo,25.1,30.5,19.9,56.5,43.3,12.0,2,Crítico
2020,7,2020-07-01,Sudeste,SP,Campinas,27.6,35.5,23.6,58.8,67.9,3.5,1,Alto
2020,7,2020-07-01,Sudeste,SP,Ribeirão Preto,26.3,30.0,22.7,95.5,71.4,20.9,2,Crítico
2020,7,2020-07-01,Sudeste,RJ,Rio de Janeiro,19.6,24.0,13.4,233.4,40.4,19.2,2,Crítico
2020,7,2020-07-01,Sudeste,RJ,Niterói,22.2,26.7,18.9,39.4,83.5,30.6,3,Crítico
2020,7,2020-07-01,Sudeste,RJ,Nova Iguaçu,24.7,30.5,20.9,145.7,69.3,21.4,3,Baixo
2020,7,2020-07-01,Sudeste,RJ,Petrópolis,29.5,37.2,24.7,273.1,80.3,9.5,2,Médio
2020,7,2020-07-01,Sudeste,MG,Belo Horizonte,26.7,30.4,23.2,139.6,91.6,8.3,1,Baixo
2020,7,2020-07-01,Sudeste,MG,Uberlândia,20.3,26.5,16.0,29.3,69.8,14.5,3,Crítico
2020,7,2020-07-01,Sudeste,MG,Juiz de Fora,24.0,31.9,17.9,62.4,57.3,33.6,1,Crítico
2020,7,2020-07-01,Sudeste,ES,Vitória,25.5,32.3,20.9,22.6,40.9,32.4,0,Alto
2020,7,2020-07-01,Sudeste,ES,Vila Velha,23.7,28.3,20.0,180.6,51.4,19.4,1,Alto
2020,7,2020-07-01,Sudeste,ES,Serra,27.8,33.8,21.1,63.7,76.7,17.1,2,Alto
2020,7,2020-07-01,Sul,PR,Curitiba,25.1,31.3,18.5,109.1,92.1,26.5,2,Alto
2020,7,2020-07-01,Sul,PR,Londrina,28.6,32.7,25.3,138.7,52.2,29.3,0,Alto
2020,7,2020-07-01,Sul,SC,Florianópolis,25.3,30.3,19.7,80.4,58.6,18.7,0,Médio
2020,7,2020-07-01,Sul,SC,Joinville,25.6,29.4,21.9,168.5,73.1,4.9,2,Alto
2020,7,2020-07-01,Sul,RS,Porto Alegre,28.4,33.8,21.7,75.1,61.5,3.8,1,Crítico
2020,7,2020-07-01,Sul,RS,Caxias do Sul,23.5,26.7,17.1,201.9,94.4,22.7,1,Baixo
2020,8,2020-08-01,Norte,AM,Manaus,25.0,32.9,20.9,78.1,91.9,21.9,1,Alto
2020,8,2020-08-01,Norte,PA,Belém,24.3,32.1,18.1,25.6,51.5,18.8,4,Baixo
2020,8,2020-08-01,Norte,PA,Santarém,31.0,36.4,27.8,33.3,48.1,23.7,3,Médio
2020,8,2020-08-01,Norte,RO,Porto Velho,25.2,30.0,19.7,183.3,77.7,7.5,3,Baixo
2020,8,2020-08-01,Norte,TO,Palmas,30.4,36.1,25.2,144.5,72.5,32.2,4,Baixo
2020,8,2020-08-01,Nordeste,BA,Salvador,23.8,27.6,19.0,125.9,89.5,15.7,4,Alto
2020,8,2020-08-01,Nordeste,BA,Feira de Santana,22.9,28.2,18.7,31.7,37.1,17.8,2,Médio
2020,8,2020-08-01,Nordeste,PE,Recife,27.8,34.0,23.7,165.8,48.4,14.5,0,Médio
2020,8,2020-08-01,Nordeste,PE,Jaboatão dos Guararapes,25.0,30.9,20.3,34.1,54.9,11.2,2,Crítico
2020,8,2020-08-01,Nordeste,CE,Fortaleza,27.6,34.8,21.5,52.7,88.7,22.4,3,Alto
2020,8,2020-08-01,Nordeste,CE,Juazeiro do Norte,30.4,35.5,24.0,37.8,37.1,20.6,4,Crítico
2020,8,2020-08-01,Nordeste,MA,São Luís,25.9,29.8,19.9,44.3,59.7,15.0,1,Crítico
2020,8,2020-08-01,Nordeste,PB,João Pessoa,18.1,21.2,14.3,181.5,42.7,6.6,2,Baixo
2020,8,2020-08-01,Centro-Oeste,DF,Brasília,16.1,20.0,12.7,264.3,45.4,20.9,2,Médio
2020,8,2020-08-01,Centro-Oeste,GO,Goiânia,24.9,31.4,18.8,89.6,59.8,18.3,3,Alto
2020,8,2020-08-01,Centro-Oeste,GO,Aparecida de Goiânia,27.4,33.8,22.5,41.5,83.7,10.9,1,Alto
2020,8,2020-08-01,Centro-Oeste,MT,Cuiabá,20.9,28.5,15.0,43.3,62.3,11.9,1,Baixo
2020,8,2020-08-01,Centro-Oeste,MS,Campo Grande,20.5,27.4,13.8,63.3,42.4,4.4,4,Médio
2020,8,2020-08-01,Sudeste,SP,São Paulo,29.0,33.8,22.6,105.2,65.3,18.0,2,Crítico
2020,8,2020-08-01,Sudeste,SP,Campinas,19.2,26.8,14.7,17.1,95.9,25.3,2,Baixo
2020,8,2020-08-01,Sudeste,SP,Ribeirão Preto,21.7,26.0,15.0,51.7,37.2,28.1,1,Alto
2020,8,2020-08-01,Sudeste,RJ,Rio de Janeiro,25.0,31.0,19.9,98.9,96.4,23.5,2,Baixo
2020,8,2020-08-01,Sudeste,RJ,Niterói,20.9,27.5,16.8,137.4,78.6,28.4,0,Baixo
2020,8,2020-08-01,Sudeste,RJ,Nova Iguaçu,31.4,38.9,28.0,32.1,65.4,13.9,1,Médio
2020,8,2020-08-01,Sudeste,RJ,Petrópolis,24.6,29.8,18.8,178.8,91.2,34.7,1,Baixo
2020,8,2020-08-01,Sudeste,MG,Belo Horizonte,25.4,32.3,19.8,65.3,73.8,12.5,3,Baixo
2020,8,2020-08-01,Sudeste,MG,Uberlândia,28.4,33.0,23.4,109.6,96.7,5.6,0,Crítico
2020,8,2020-08-01,Sudeste,MG,Juiz de Fora,25.2,32.5,20.9,16.9,92.3,13.2,1,Crítico
2020,8,2020-08-01,Sudeste,ES,Vitória,19.0,23.3,13.0,278.4,68.5,8.0,1,Médio
2020,8,2020-08-01,Sudeste,ES,Vila Velha,22.7,30.6,18.6,79.9,36.4,24.0,1,Baixo
2020,8,2020-08-01,Sudeste,ES,Serra,29.1,34.6,24.8,32.8,45.3,24.4,1,Crítico
2020,8,2020-08-01,Sul,PR,Curitiba,27.1,34.7,21.3,85.9,41.4,8.1,3,Crítico
2020,8,2020-08-01,Sul,PR,Londrina,17.4,22.9,13.9,88.7,95.9,25.7,1,Alto
2020,8,2020-08-01,Sul,SC,Florianópolis,27.2,31.3,20.8,33.1,82.4,22.7,5,Crítico
2020,8,2020-08-01,Sul,SC,Joinville,30.9,35.1,24.8,150.9,68.7,31.8,3,Alto
2020,8,2020-08-01,Sul,RS,Porto Alegre,23.0,30.5,18.2,49.2,43.4,14.7,3,Médio
2020,8,2020-08-01,Sul,RS,Caxias do Sul,27.7,31.2,24.4,75.9,78.4,13.8,2,Alto
2020,9,2020-09-01,Norte,AM,Manaus,25.8,30.1,20.2,158.1,35.0,34.5,4,Crítico
2020,9,2020-09-01,Norte,PA,Belém,30.3,35.3,27.1,130.8,88.3,25.5,1,Baixo
2020,9,2020-09-01,Norte,PA,Santarém,25.8,33.1,20.7,19.8,38.5,26.8,2,Médio
2020,9,2020-09-01,Norte,RO,Porto Velho,27.3,33.7,21.2,92.1,42.8,13.6,1,Crítico
2020,9,2020-09-01,Norte,TO,Palmas,24.4,27.7,19.8,35.9,59.2,32.7,4,Médio
2020,9,2020-09-01,Nordeste,BA,Salvador,28.8,33.0,22.4,78.6,94.8,7.4,2,Baixo
2020,9,2020-09-01,Nordeste,BA,Feira de Santana,30.6,38.3,27.1,116.5,70.4,24.1,0,Médio
2020,9,2020-09-01,Nordeste,PE,Recife,20.8,24.2,15.7,196.1,75.2,21.6,2,Baixo
2020,9,2020-09-01,Nordeste,PE,Jaboatão dos Guararapes,23.0,27.1,19.1,211.7,51.6,3.1,5,Médio
2020,9,2020-09-01,Nordeste,CE,Fortaleza,24.9,32.9,21.0,94.8,45.2,12.7,2,Alto
2020,9,2020-09-01,Nordeste,CE,Juazeiro do Norte,29.0,32.6,23.7,80.8,56.1,4.2,1,Baixo
2020,9,2020-09-01,Nordeste,MA,São Luís,25.1,30.5,19.7,79.0,72.4,14.2,2,Crítico
2020,9,2020-09-01,Nordeste,PB,João Pessoa,28.9,32.5,24.8,59.9,58.3,32.6,3,Médio
2020,9,2020-09-01,Centro-Oeste,DF,Brasília,26.8,32.8,23.1,65.5,92.8,16.9,2,Crítico
2020,9,2020-09-01,Centro-Oeste,GO,Goiânia,19.7,25.1,15.3,177.6,83.3,11.0,3,Crítico
2020,9,2020-09-01,Centro-Oeste,GO,Aparecida de Goiânia,19.7,24.1,15.6,70.4,37.3,23.6,1,Crítico
2020,9,2020-09-01,Centro-Oeste,MT,Cuiabá,27.5,32.7,22.0,24.5,55.8,26.1,1,Crítico
2020,9,2020-09-01,Centro-Oeste,MS,Campo Grande,21.0,28.7,17.5,77.3,49.3,10.2,4,Alto
2020,9,2020-09-01,Sudeste,SP,São Paulo,24.7,32.4,21.5,54.3,65.9,22.3,2,Crítico
2020,9,2020-09-01,Sudeste,SP,Campinas,29.3,34.8,25.3,143.6,42.7,16.6,0,Baixo
2020,9,2020-09-01,Sudeste,SP,Ribeirão Preto,21.8,26.9,18.4,102.7,96.7,27.8,3,Alto
2020,9,2020-09-01,Sudeste,RJ,Rio de Janeiro,32.0,37.7,25.0,70.2,56.4,2.8,5,Baixo
2020,9,2020-09-01,Sudeste,RJ,Niterói,26.6,33.6,20.2,75.1,41.5,30.1,2,Médio
2020,9,2020-09-01,Sudeste,RJ,Nova Iguaçu,27.2,31.9,22.0,198.7,84.9,3.5,2,Baixo
2020,9,2020-09-01,Sudeste,RJ,Petrópolis,18.2,23.9,15.0,82.3,83.4,8.8,1,Alto
2020,9,2020-09-01,Sudeste,MG,Belo Horizonte,23.6,29.4,20.6,128.1,68.6,4.1,3,Alto
2020,9,2020-09-01,Sudeste,MG,Uberlândia,28.6,35.5,23.4,45.3,92.3,27.7,0,Crítico
2020,9,2020-09-01,Sudeste,MG,Juiz de Fora,23.7,29.5,19.8,140.9,38.9,26.7,6,Crítico
2020,9,2020-09-01,Sudeste,ES,Vitória,21.9,25.6,18.7,61.2,38.6,2.5,3,Médio
2020,9,2020-09-01,Sudeste,ES,Vila Velha,22.2,30.1,16.0,39.3,67.9,11.6,3,Crítico
2020,9,2020-09-01,Sudeste,ES,Serra,20.1,27.9,16.6,83.0,51.1,34.0,3,Alto
2020,9,2020-09-01,Sul,PR,Curitiba,23.7,31.6,18.9,80.0,65.8,19.3,3,Crítico
2020,9,2020-09-01,Sul,PR,Londrina,23.7,30.1,18.2,52.0,60.3,6.5,1,Médio
2020,9,2020-09-01,Sul,SC,Florianópolis,22.6,26.9,18.3,101.9,46.4,6.9,0,Médio
2020,9,2020-09-01,Sul,SC,Joinville,23.8,28.0,19.3,41.1,74.6,30.7,0,Alto
2020,9,2020-09-01,Sul,RS,Porto Alegre,26.7,32.6,20.7,113.9,45.4,17.0,6,Baixo
2020,9,2020-09-01,Sul,RS,Caxias do Sul,26.1,32.5,19.2,77.0,91.1,21.0,2,Crítico
2020,10,2020-10-01,Norte,AM,Manaus,26.5,32.8,20.2,73.8,94.7,23.3,2,Baixo
2020,10,2020-10-01,Norte,PA,Belém,31.4,35.6,25.2,76.6,64.5,20.2,3,Baixo
2020,10,2020-10-01,Norte,PA,Santarém,26.2,34.0,22.7,188.3,42.8,3.3,2,Baixo
2020,10,2020-10-01,Norte,RO,Porto Velho,22.7,26.8,16.7,97.3,50.6,15.8,2,Baixo
2020,10,2020-10-01,Norte,TO,Palmas,19.6,26.2,13.4,101.7,85.4,9.3,1,Crítico
2020,10,2020-10-01,Nordeste,BA,Salvador,27.0,30.3,20.8,66.3,62.3,18.8,1,Alto
2020,10,2020-10-01,Nordeste,BA,Feira de Santana,24.3,30.8,20.4,63.2,69.4,2.3,4,Baixo
2020,10,2020-10-01,Nordeste,PE,Recife,29.2,32.8,25.1,122.1,68.1,14.1,2,Baixo
2020,10,2020-10-01,Nordeste,PE,Jaboatão dos Guararapes,25.2,32.9,22.1,70.2,86.3,13.4,0,Médio
2020,10,2020-10-01,Nordeste,CE,Fortaleza,27.3,34.9,20.4,68.4,49.8,31.6,1,Baixo
2020,10,2020-10-01,Nordeste,CE,Juazeiro do Norte,26.5,32.1,21.8,117.0,46.8,10.7,1,Alto
2020,10,2020-10-01,Nordeste,MA,São Luís,24.9,29.4,20.4,85.7,36.2,18.7,2,Médio
2020,10,2020-10-01,Nordeste,PB,João Pessoa,21.5,29.3,17.2,197.4,48.9,29.8,2,Alto
2020,10,2020-10-01,Centro-Oeste,DF,Brasília,33.2,38.2,28.4,150.5,94.9,11.6,3,Crítico
2020,10,2020-10-01,Centro-Oeste,GO,Goiânia,24.0,28.8,17.1,56.3,70.7,13.1,0,Médio
2020,10,2020-10-01,Centro-Oeste,GO,Aparecida de Goiânia,26.5,31.5,22.0,138.1,77.6,31.3,1,Baixo
2020,10,2020-10-01,Centro-Oeste,MT,Cuiabá,33.1,37.5,26.7,203.6,75.6,12.4,0,Médio
2020,10,2020-10-01,Centro-Oeste,MS,Campo Grande,24.4,29.6,19.3,96.4,44.7,12.6,4,Baixo
2020,10,2020-10-01,Sudeste,SP,São Paulo,25.2,32.3,19.9,49.6,79.0,18.0,0,Alto
2020,10,2020-10-01,Sudeste,SP,Campinas,19.4,26.0,16.3,149.3,71.6,10.1,1,Alto
2020,10,2020-10-01,Sudeste,SP,Ribeirão Preto,23.1,29.4,17.0,143.6,57.0,5.4,1,Baixo
2020,10,2020-10-01,Sudeste,RJ,Rio de Janeiro,23.2,29.3,19.6,107.1,88.5,13.8,2,Alto
2020,10,2020-10-01,Sudeste,RJ,Niterói,26.2,30.0,19.4,52.7,39.3,8.6,1,Crítico
2020,10,2020-10-01,Sudeste,RJ,Nova Iguaçu,20.4,24.1,14.6,125.6,95.7,11.0,4,Crítico
2020,10,2020-10-01,Sudeste,RJ,Petrópolis,24.3,30.9,18.4,119.8,41.1,19.1,2,Crítico
2020,10,2020-10-01,Sudeste,MG,Belo Horizonte,17.4,22.6,13.6,172.6,60.0,17.1,2,Baixo
2020,10,2020-10-01,Sudeste,MG,Uberlândia,21.0,27.5,14.0,165.6,54.9,10.4,3,Médio
2020,10,2020-10-01,Sudeste,MG,Juiz de Fora,16.5,22.1,12.9,70.8,64.9,27.0,0,Baixo
2020,10,2020-10-01,Sudeste,ES,Vitória,29.1,35.5,22.9,233.7,43.6,23.9,2,Baixo
2020,10,2020-10-01,Sudeste,ES,Vila Velha,28.0,35.5,23.1,29.4,77.7,11.6,2,Crítico
2020,10,2020-10-01,Sudeste,ES,Serra,18.5,24.6,15.3,44.1,64.9,23.4,5,Baixo
2020,10,2020-10-01,Sul,PR,Curitiba,25.8,30.9,22.7,89.3,48.0,15.3,3,Crítico
2020,10,2020-10-01,Sul,PR,Londrina,25.9,33.0,20.6,61.5,81.5,9.2,0,Alto
2020,10,2020-10-01,Sul,SC,Florianópolis,19.8,24.6,12.9,153.2,38.4,6.8,1,Alto
2020,10,2020-10-01,Sul,SC,Joinville,32.0,35.3,27.1,35.6,92.4,31.9,4,Médio
2020,10,2020-10-01,Sul,RS,Porto Alegre,27.2,33.1,21.7,132.7,69.1,14.8,1,Baixo
2020,10,2020-10-01,Sul,RS,Caxias do Sul,24.2,31.9,20.6,62.1,52.4,18.4,2,Médio
2020,11,2020-11-01,Norte,AM,Manaus,28.0,35.9,24.5,138.8,54.7,21.0,1,Alto
2020,11,2020-11-01,Norte,PA,Belém,22.1,30.0,17.8,65.5,59.0,8.7,0,Médio
2020,11,2020-11-01,Norte,PA,Santarém,27.4,34.1,23.0,217.4,77.3,20.2,0,Alto
2020,11,2020-11-01,Norte,RO,Porto Velho,26.9,32.9,20.7,133.8,96.0,10.4,1,Médio
2020,11,2020-11-01,Norte,TO,Palmas,20.8,24.3,16.6,101.1,75.8,20.1,1,Baixo
2020,11,2020-11-01,Nordeste,BA,Salvador,23.2,28.4,18.5,101.1,63.3,15.0,5,Alto
2020,11,2020-11-01,Nordeste,BA,Feira de Santana,26.3,31.6,21.7,26.9,41.4,26.0,2,Crítico
2020,11,2020-11-01,Nordeste,PE,Recife,27.6,32.1,20.7,189.7,90.2,18.4,2,Crítico
2020,11,2020-11-01,Nordeste,PE,Jaboatão dos Guararapes,21.6,27.9,15.5,89.7,75.9,7.1,1,Crítico
2020,11,2020-11-01,Nordeste,CE,Fortaleza,25.5,31.6,20.5,110.5,41.1,34.7,2,Alto
2020,11,2020-11-01,Nordeste,CE,Juazeiro do Norte,29.3,36.4,26.3,157.0,51.6,29.1,2,Baixo
2020,11,2020-11-01,Nordeste,MA,São Luís,24.6,31.0,19.5,15.1,95.2,31.7,3,Baixo
2020,11,2020-11-01,Nordeste,PB,João Pessoa,21.0,28.0,14.3,40.9,85.8,5.5,3,Médio
2020,11,2020-11-01,Centro-Oeste,DF,Brasília,27.3,34.0,23.8,122.1,96.4,14.6,1,Médio
2020,11,2020-11-01,Centro-Oeste,GO,Goiânia,22.8,27.0,19.3,55.2,81.2,20.5,1,Alto
2020,11,2020-11-01,Centro-Oeste,GO,Aparecida de Goiânia,32.0,35.1,27.7,151.8,37.4,34.8,3,Alto
2020,11,2020-11-01,Centro-Oeste,MT,Cuiabá,24.6,31.3,21.5,92.4,55.1,14.0,4,Crítico
2020,11,2020-11-01,Centro-Oeste,MS,Campo Grande,25.5,33.0,20.6,142.4,62.7,20.0,1,Crítico
2020,11,2020-11-01,Sudeste,SP,São Paulo,29.9,36.8,23.1,44.6,63.3,25.2,4,Médio
2020,11,2020-11-01,Sudeste,SP,Campinas,23.2,30.6,18.0,55.6,68.5,8.1,3,Crítico
2020,11,2020-11-01,Sudeste,SP,Ribeirão Preto,24.9,32.8,19.9,64.4,91.6,6.9,3,Alto
2020,11,2020-11-01,Sudeste,RJ,Rio de Janeiro,28.8,36.1,23.8,127.7,59.7,16.5,2,Crítico
2020,11,2020-11-01,Sudeste,RJ,Niterói,22.6,28.7,16.4,26.4,60.7,17.7,1,Baixo
2020,11,2020-11-01,Sudeste,RJ,Nova Iguaçu,23.1,30.6,19.8,33.6,86.1,32.6,3,Alto
2020,11,2020-11-01,Sudeste,RJ,Petrópolis,24.8,30.6,19.2,75.3,75.2,32.9,0,Baixo
2020,11,2020-11-01,Sudeste,MG,Belo Horizonte,22.6,28.9,18.7,84.6,72.6,3.5,3,Médio
2020,11,2020-11-01,Sudeste,MG,Uberlândia,20.4,25.9,16.3,33.4,63.5,19.8,1,Baixo
2020,11,2020-11-01,Sudeste,MG,Juiz de Fora,22.5,29.2,17.3,67.2,44.9,25.3,3,Crítico
2020,11,2020-11-01,Sudeste,ES,Vitória,22.9,27.5,17.2,173.9,67.1,9.2,2,Médio
2020,11,2020-11-01,Sudeste,ES,Vila Velha,25.1,30.2,21.2,134.6,83.6,12.4,0,Baixo
2020,11,2020-11-01,Sudeste,ES,Serra,20.1,25.1,14.5,190.3,96.4,2.5,1,Crítico
2020,11,2020-11-01,Sul,PR,Curitiba,23.0,29.0,18.9,93.8,75.1,26.9,5,Médio
2020,11,2020-11-01,Sul,PR,Londrina,23.0,28.1,17.8,36.8,54.5,11.0,3,Crítico
2020,11,2020-11-01,Sul,SC,Florianópolis,26.9,33.6,21.1,101.8,58.2,20.8,2,Baixo
2020,11,2020-11-01,Sul,SC,Joinville,21.2,27.2,17.9,58.5,45.3,26.0,1,Crítico
2020,11,2020-11-01,Sul,RS,Porto Alegre,17.4,20.4,11.7,146.3,52.9,2.2,3,Crítico
2020,11,2020-11-01,Sul,RS,Caxias do Sul,26.3,30.1,21.8,86.0,83.8,18.9,0,Baixo
2020,12,2020-12-01,Norte,AM,Manaus,21.8,26.9,17.1,105.4,79.3,33.8,1,Alto
2020,12,2020-12-01,Norte,PA,Belém,26.6,29.9,22.7,111.6,60.7,34.0,1,Alto
2020,12,2020-12-01,Norte,PA,Santarém,25.4,31.0,19.1,70.8,50.8,15.6,2,Baixo
2020,12,2020-12-01,Norte,RO,Porto Velho,22.7,26.3,17.3,71.5,36.4,22.1,4,Alto
2020,12,2020-12-01,Norte,TO,Palmas,21.7,27.7,15.3,203.3,41.8,13.2,2,Médio
2020,12,2020-12-01,Nordeste,BA,Salvador,24.9,31.4,19.4,77.6,94.5,31.6,3,Baixo
2020,12,2020-12-01,Nordeste,BA,Feira de Santana,27.8,32.3,23.3,70.5,54.0,32.6,2,Médio
2020,12,2020-12-01,Nordeste,PE,Recife,28.5,32.5,21.6,92.2,90.8,31.1,1,Médio
2020,12,2020-12-01,Nordeste,PE,Jaboatão dos Guararapes,23.1,30.5,19.6,96.3,41.8,7.9,2,Médio
2020,12,2020-12-01,Nordeste,CE,Fortaleza,26.5,32.4,21.9,148.2,46.6,7.9,1,Crítico
2020,12,2020-12-01,Nordeste,CE,Juazeiro do Norte,26.4,32.4,21.2,73.8,68.5,15.1,1,Crítico
2020,12,2020-12-01,Nordeste,MA,São Luís,25.3,29.6,19.4,148.2,44.7,12.3,2,Médio
2020,12,2020-12-01,Nordeste,PB,João Pessoa,22.1,29.4,19.1,63.1,62.1,4.4,2,Alto
2020,12,2020-12-01,Centro-Oeste,DF,Brasília,27.9,34.6,21.0,105.8,93.9,11.3,3,Crítico
2020,12,2020-12-01,Centro-Oeste,GO,Goiânia,19.2,23.2,12.9,17.2,63.7,30.9,2,Alto
2020,12,2020-12-01,Centro-Oeste,GO,Aparecida de Goiânia,18.9,23.2,12.3,69.0,46.4,26.5,0,Baixo
2020,12,2020-12-01,Centro-Oeste,MT,Cuiabá,25.9,31.3,19.8,27.6,94.9,3.0,3,Alto
2020,12,2020-12-01,Centro-Oeste,MS,Campo Grande,24.1,29.1,19.3,183.9,78.1,17.0,3,Crítico
2020,12,2020-12-01,Sudeste,SP,São Paulo,20.5,27.0,14.2,58.5,64.6,34.1,2,Baixo
2020,12,2020-12-01,Sudeste,SP,Campinas,17.3,24.4,13.8,141.6,43.3,33.5,2,Médio
2020,12,2020-12-01,Sudeste,SP,Ribeirão Preto,24.5,30.5,20.6,105.5,59.4,26.6,0,Médio
2020,12,2020-12-01,Sudeste,RJ,Rio de Janeiro,28.9,33.7,24.4,108.9,53.4,16.5,1,Crítico
2020,12,2020-12-01,Sudeste,RJ,Niterói,25.5,29.1,18.9,103.9,46.0,25.7,2,Crítico
2020,12,2020-12-01,Sudeste,RJ,Nova Iguaçu,23.6,29.6,17.9,133.3,55.9,31.1,3,Médio
2020,12,2020-12-01,Sudeste,RJ,Petrópolis,26.1,31.7,21.6,156.2,48.1,7.6,3,Médio
2020,12,2020-12-01,Sudeste,MG,Belo Horizonte,24.1,27.7,21.0,180.9,88.0,12.6,2,Médio
2020,12,2020-12-01,Sudeste,MG,Uberlândia,22.0,28.4,15.4,111.7,89.8,17.9,3,Crítico
2020,12,2020-12-01,Sudeste,MG,Juiz de Fora,27.6,32.6,23.9,37.2,50.9,24.6,0,Crítico
2020,12,2020-12-01,Sudeste,ES,Vitória,29.1,35.9,23.1,150.2,77.5,4.8,1,Baixo
2020,12,2020-12-01,Sudeste,ES,Vila Velha,32.2,39.1,27.0,194.4,45.7,32.6,0,Baixo
2020,12,2020-12-01,Sudeste,ES,Serra,22.7,30.1,19.0,25.4,53.1,25.8,5,Alto
2020,12,2020-12-01,Sul,PR,Curitiba,26.6,32.2,22.9,64.6,44.2,27.0,1,Alto
2020,12,2020-12-01,Sul,PR,Londrina,22.7,26.0,18.4,173.5,70.7,29.6,1,Baixo
2020,12,2020-12-01,Sul,SC,Florianópolis,26.8,31.4,20.6,117.6,67.2,15.1,1,Médio
2020,12,2020-12-01,Sul,SC,Joinville,23.9,31.3,17.8,129.7,51.4,18.4,2,Baixo
2020,12,2020-12-01,Sul,RS,Porto Alegre,24.5,28.9,20.5,100.1,39.9,11.4,2,Alto
2020,12,2020-12-01,Sul,RS,Caxias do Sul,23.7,28.3,17.4,94.6,72.6,23.4,2,Médio
2021,1,2021-01-01,Norte,AM,Manaus,25.5,32.3,18.5,128.9,78.2,21.0,2,Alto
2021,1,2021-01-01,Norte,PA,Belém,25.8,29.5,19.1,97.2,45.3,7.9,2,Médio
2021,1,2021-01-01,Norte,PA,Santarém,26.3,31.9,22.2,71.6,39.8,7.3,3,Médio
2021,1,2021-01-01,Norte,RO,Porto Velho,24.1,28.4,20.0,114.8,62.7,29.8,4,Crítico
2021,1,2021-01-01,Norte,TO,Palmas,18.4,25.0,12.8,151.8,97.2,11.2,5,Crítico
2021,1,2021-01-01,Nordeste,BA,Salvador,27.6,35.5,22.8,207.8,96.9,34.2,2,Crítico
2021,1,2021-01-01,Nordeste,BA,Feira de Santana,29.8,35.5,26.4,130.5,78.9,31.2,6,Baixo
2021,1,2021-01-01,Nordeste,PE,Recife,22.5,27.8,16.8,52.2,66.2,29.6,0,Alto
2021,1,2021-01-01,Nordeste,PE,Jaboatão dos Guararapes,22.8,28.9,19.1,87.1,84.9,24.0,1,Baixo
2021,1,2021-01-01,Nordeste,CE,Fortaleza,25.9,30.4,22.0,77.7,82.7,6.9,2,Alto
2021,1,2021-01-01,Nordeste,CE,Juazeiro do Norte,24.7,30.2,20.7,77.2,93.5,28.3,2,Médio
2021,1,2021-01-01,Nordeste,MA,São Luís,36.2,39.9,31.5,72.7,79.2,22.1,3,Alto
2021,1,2021-01-01,Nordeste,PB,João Pessoa,29.1,36.9,25.5,95.4,50.2,12.5,3,Baixo
2021,1,2021-01-01,Centro-Oeste,DF,Brasília,25.0,30.8,20.6,225.1,92.1,19.3,2,Crítico
2021,1,2021-01-01,Centro-Oeste,GO,Goiânia,26.9,31.0,19.9,182.5,88.6,18.4,2,Crítico
2021,1,2021-01-01,Centro-Oeste,GO,Aparecida de Goiânia,19.5,25.4,13.3,130.8,75.0,10.3,1,Alto
2021,1,2021-01-01,Centro-Oeste,MT,Cuiabá,23.9,28.6,19.8,27.0,50.7,8.5,4,Alto
2021,1,2021-01-01,Centro-Oeste,MS,Campo Grande,23.4,27.2,20.3,38.5,58.3,18.5,2,Médio
2021,1,2021-01-01,Sudeste,SP,São Paulo,23.3,28.6,19.9,81.5,35.0,31.1,3,Alto
2021,1,2021-01-01,Sudeste,SP,Campinas,29.9,35.0,26.9,72.1,45.1,32.6,3,Alto
2021,1,2021-01-01,Sudeste,SP,Ribeirão Preto,23.5,27.3,19.9,46.7,35.8,20.3,0,Baixo
2021,1,2021-01-01,Sudeste,RJ,Rio de Janeiro,21.0,28.8,16.3,57.7,54.3,28.4,1,Médio
2021,1,2021-01-01,Sudeste,RJ,Niterói,23.9,26.9,19.7,108.4,49.4,30.8,7,Alto
2021,1,2021-01-01,Sudeste,RJ,Nova Iguaçu,22.7,28.0,19.2,134.4,42.9,16.4,0,Crítico
2021,1,2021-01-01,Sudeste,RJ,Petrópolis,24.5,29.1,17.9,115.1,62.6,34.2,4,Crítico
2021,1,2021-01-01,Sudeste,MG,Belo Horizonte,24.8,29.4,19.5,133.2,67.7,26.0,4,Crítico
2021,1,2021-01-01,Sudeste,MG,Uberlândia,31.2,37.2,27.1,134.9,77.2,4.8,3,Baixo
2021,1,2021-01-01,Sudeste,MG,Juiz de Fora,29.3,36.2,22.7,129.3,48.3,14.2,1,Alto
2021,1,2021-01-01,Sudeste,ES,Vitória,27.1,30.4,23.6,81.9,94.4,31.2,1,Crítico
2021,1,2021-01-01,Sudeste,ES,Vila Velha,21.5,27.2,16.4,85.5,66.6,4.0,1,Médio
2021,1,2021-01-01,Sudeste,ES,Serra,26.5,30.2,22.2,35.1,42.2,22.0,0,Alto
2021,1,2021-01-01,Sul,PR,Curitiba,30.2,34.7,26.7,150.5,57.8,32.5,4,Alto
2021,1,2021-01-01,Sul,PR,Londrina,30.7,36.5,25.5,72.1,60.1,10.6,1,Alto
2021,1,2021-01-01,Sul,SC,Florianópolis,24.4,29.5,21.1,177.9,95.6,3.2,0,Alto
2021,1,2021-01-01,Sul,SC,Joinville,30.7,35.0,26.1,160.3,58.5,17.4,1,Baixo
2021,1,2021-01-01,Sul,RS,Porto Alegre,25.3,32.5,20.6,104.9,65.0,15.4,5,Crítico
2021,1,2021-01-01,Sul,RS,Caxias do Sul,24.8,28.3,18.1,193.5,57.7,2.5,3,Baixo
2021,2,2021-02-01,Norte,AM,Manaus,27.1,33.5,20.2,66.7,36.9,5.3,0,Crítico
2021,2,2021-02-01,Norte,PA,Belém,22.5,29.0,17.4,126.7,57.8,23.2,1,Médio
2021,2,2021-02-01,Norte,PA,Santarém,19.8,27.0,15.0,26.1,72.7,20.0,3,Alto
2021,2,2021-02-01,Norte,RO,Porto Velho,35.6,41.4,29.2,150.8,82.0,26.5,4,Médio
2021,2,2021-02-01,Norte,TO,Palmas,33.0,40.7,27.7,122.0,57.4,8.0,2,Médio
2021,2,2021-02-01,Nordeste,BA,Salvador,24.0,29.1,20.7,190.3,43.6,10.6,2,Alto
2021,2,2021-02-01,Nordeste,BA,Feira de Santana,21.6,26.2,17.6,71.1,53.1,32.6,2,Crítico
2021,2,2021-02-01,Nordeste,PE,Recife,32.4,39.0,25.4,169.2,78.5,26.0,2,Médio
2021,2,2021-02-01,Nordeste,PE,Jaboatão dos Guararapes,25.8,29.6,20.6,75.2,44.3,9.1,1,Alto
2021,2,2021-02-01,Nordeste,CE,Fortaleza,30.4,34.2,25.2,87.7,68.9,15.7,1,Médio
2021,2,2021-02-01,Nordeste,CE,Juazeiro do Norte,30.3,38.0,25.6,69.1,59.5,2.9,2,Médio
2021,2,2021-02-01,Nordeste,MA,São Luís,17.5,21.9,14.0,48.9,93.1,18.1,5,Baixo
2021,2,2021-02-01,Nordeste,PB,João Pessoa,23.9,27.0,18.1,103.8,58.9,11.6,2,Alto
2021,2,2021-02-01,Centro-Oeste,DF,Brasília,28.6,34.6,25.0,77.9,84.2,18.0,3,Crítico
2021,2,2021-02-01,Centro-Oeste,GO,Goiânia,30.5,36.4,24.2,151.2,68.6,14.9,2,Crítico
2021,2,2021-02-01,Centro-Oeste,GO,Aparecida de Goiânia,24.6,31.0,19.4,283.5,61.8,17.5,1,Crítico
2021,2,2021-02-01,Centro-Oeste,MT,Cuiabá,32.4,36.7,28.2,61.1,65.2,4.2,1,Baixo
2021,2,2021-02-01,Centro-Oeste,MS,Campo Grande,26.1,34.0,22.7,92.8,75.9,4.6,2,Crítico
2021,2,2021-02-01,Sudeste,SP,São Paulo,25.7,33.2,20.8,34.3,76.8,34.8,4,Alto
2021,2,2021-02-01,Sudeste,SP,Campinas,24.1,31.2,19.5,88.7,90.6,23.0,2,Médio
2021,2,2021-02-01,Sudeste,SP,Ribeirão Preto,17.1,22.6,11.5,75.9,59.4,5.0,4,Alto
2021,2,2021-02-01,Sudeste,RJ,Rio de Janeiro,20.3,23.6,13.8,45.4,72.0,25.8,1,Baixo
2021,2,2021-02-01,Sudeste,RJ,Niterói,24.8,32.3,19.4,124.7,95.9,21.0,1,Crítico
2021,2,2021-02-01,Sudeste,RJ,Nova Iguaçu,26.7,32.0,22.3,92.8,37.8,17.4,5,Crítico
2021,2,2021-02-01,Sudeste,RJ,Petrópolis,26.4,30.8,21.4,161.4,44.2,17.9,4,Alto
2021,2,2021-02-01,Sudeste,MG,Belo Horizonte,23.6,29.2,19.7,81.4,73.8,31.2,2,Médio
2021,2,2021-02-01,Sudeste,MG,Uberlândia,28.0,31.0,24.1,38.8,37.9,14.5,2,Alto
2021,2,2021-02-01,Sudeste,MG,Juiz de Fora,30.9,36.0,24.1,21.8,83.0,4.4,1,Crítico
2021,2,2021-02-01,Sudeste,ES,Vitória,24.7,28.1,17.9,157.9,79.0,31.7,0,Baixo
2021,2,2021-02-01,Sudeste,ES,Vila Velha,24.2,30.0,18.6,49.2,49.0,5.1,0,Baixo
2021,2,2021-02-01,Sudeste,ES,Serra,25.5,31.2,19.3,87.9,95.0,24.5,0,Crítico
2021,2,2021-02-01,Sul,PR,Curitiba,16.6,23.9,13.3,71.1,92.4,31.1,4,Médio
2021,2,2021-02-01,Sul,PR,Londrina,29.0,33.7,24.1,142.8,76.7,3.6,1,Médio
2021,2,2021-02-01,Sul,SC,Florianópolis,19.3,23.7,14.3,111.1,76.5,7.8,1,Baixo
2021,2,2021-02-01,Sul,SC,Joinville,28.2,36.1,24.7,87.5,84.6,3.7,2,Alto
2021,2,2021-02-01,Sul,RS,Porto Alegre,24.5,29.3,18.6,85.6,69.7,11.5,1,Médio
2021,2,2021-02-01,Sul,RS,Caxias do Sul,31.1,37.0,24.3,108.5,89.7,15.0,4,Alto
2021,3,2021-03-01,Norte,AM,Manaus,24.2,30.1,19.7,25.4,88.5,14.0,0,Médio
2021,3,2021-03-01,Norte,PA,Belém,20.3,23.7,13.5,89.3,45.0,22.8,1,Baixo
2021,3,2021-03-01,Norte,PA,Santarém,24.0,27.5,18.6,125.2,66.2,31.8,0,Médio
2021,3,2021-03-01,Norte,RO,Porto Velho,30.0,34.8,23.2,128.3,41.9,6.0,1,Alto
2021,3,2021-03-01,Norte,TO,Palmas,22.9,29.6,18.9,172.8,67.0,27.1,2,Baixo
2021,3,2021-03-01,Nordeste,BA,Salvador,26.6,33.0,22.9,117.6,96.0,9.5,0,Alto
2021,3,2021-03-01,Nordeste,BA,Feira de Santana,31.0,34.6,27.8,11.6,69.9,9.2,7,Médio
2021,3,2021-03-01,Nordeste,PE,Recife,25.8,28.9,22.7,104.0,54.4,13.4,3,Alto
2021,3,2021-03-01,Nordeste,PE,Jaboatão dos Guararapes,19.1,25.0,12.2,142.3,66.6,17.5,0,Alto
2021,3,2021-03-01,Nordeste,CE,Fortaleza,23.8,30.6,16.9,188.5,45.3,31.6,3,Médio
2021,3,2021-03-01,Nordeste,CE,Juazeiro do Norte,28.4,36.0,22.2,209.8,40.1,11.0,0,Alto
2021,3,2021-03-01,Nordeste,MA,São Luís,20.9,25.1,16.5,75.9,96.4,29.9,1,Baixo
2021,3,2021-03-01,Nordeste,PB,João Pessoa,24.0,27.9,18.0,79.9,81.5,20.8,0,Crítico
2021,3,2021-03-01,Centro-Oeste,DF,Brasília,30.3,36.1,27.1,118.3,66.8,34.9,3,Crítico
2021,3,2021-03-01,Centro-Oeste,GO,Goiânia,23.3,27.5,19.6,105.4,66.2,20.9,3,Crítico
2021,3,2021-03-01,Centro-Oeste,GO,Aparecida de Goiânia,22.6,28.3,16.9,46.9,87.2,7.2,2,Médio
2021,3,2021-03-01,Centro-Oeste,MT,Cuiabá,30.5,38.0,26.4,36.9,49.7,13.7,1,Alto
2021,3,2021-03-01,Centro-Oeste,MS,Campo Grande,29.4,34.2,24.2,22.2,54.6,3.5,4,Alto
2021,3,2021-03-01,Sudeste,SP,São Paulo,30.4,36.5,27.1,75.3,92.5,18.4,3,Alto
2021,3,2021-03-01,Sudeste,SP,Campinas,26.3,31.9,21.6,149.1,97.2,19.8,1,Médio
2021,3,2021-03-01,Sudeste,SP,Ribeirão Preto,20.1,26.0,16.0,110.0,86.7,20.9,3,Baixo
2021,3,2021-03-01,Sudeste,RJ,Rio de Janeiro,21.7,29.4,16.7,220.8,64.7,15.7,0,Alto
2021,3,2021-03-01,Sudeste,RJ,Niterói,30.1,37.6,25.0,58.3,63.7,25.0,1,Alto
2021,3,2021-03-01,Sudeste,RJ,Nova Iguaçu,31.7,39.0,24.9,36.5,68.3,19.1,2,Baixo
2021,3,2021-03-01,Sudeste,RJ,Petrópolis,18.7,26.0,12.1,47.2,63.6,6.3,2,Médio
2021,3,2021-03-01,Sudeste,MG,Belo Horizonte,24.2,30.4,19.7,70.2,64.7,27.8,2,Médio
2021,3,2021-03-01,Sudeste,MG,Uberlândia,25.7,31.9,20.1,27.0,47.5,7.6,2,Crítico
2021,3,2021-03-01,Sudeste,MG,Juiz de Fora,23.1,29.4,17.3,41.5,70.6,30.3,3,Baixo
2021,3,2021-03-01,Sudeste,ES,Vitória,29.5,33.8,26.2,101.6,75.6,19.4,2,Baixo
2021,3,2021-03-01,Sudeste,ES,Vila Velha,26.0,32.0,21.5,114.6,39.6,18.8,4,Crítico
2021,3,2021-03-01,Sudeste,ES,Serra,21.1,25.7,15.9,227.4,43.2,10.5,0,Médio
2021,3,2021-03-01,Sul,PR,Curitiba,26.5,34.0,22.2,191.1,65.9,20.4,4,Crítico
2021,3,2021-03-01,Sul,PR,Londrina,22.6,28.0,16.1,117.6,46.6,31.5,1,Crítico
2021,3,2021-03-01,Sul,SC,Florianópolis,19.2,26.0,14.1,55.6,46.8,26.3,2,Alto
2021,3,2021-03-01,Sul,SC,Joinville,27.8,32.0,21.2,155.8,96.8,21.7,3,Baixo
2021,3,2021-03-01,Sul,RS,Porto Alegre,25.4,30.8,20.7,137.3,93.4,30.4,3,Baixo
2021,3,2021-03-01,Sul,RS,Caxias do Sul,21.1,28.0,15.6,172.6,77.8,24.9,3,Médio
2021,4,2021-04-01,Norte,AM,Manaus,26.6,31.8,21.7,56.0,96.5,29.2,2,Alto
2021,4,2021-04-01,Norte,PA,Belém,29.1,35.9,25.2,149.5,54.2,16.3,1,Baixo
2021,4,2021-04-01,Norte,PA,Santarém,22.6,27.7,19.6,152.2,57.2,19.1,0,Baixo
2021,4,2021-04-01,Norte,RO,Porto Velho,22.2,27.9,17.3,26.7,90.6,10.6,3,Médio
2021,4,2021-04-01,Norte,TO,Palmas,29.4,34.6,23.9,123.9,90.1,27.8,1,Crítico
2021,4,2021-04-01,Nordeste,BA,Salvador,24.1,28.3,17.4,25.4,63.3,30.1,3,Baixo
2021,4,2021-04-01,Nordeste,BA,Feira de Santana,22.8,29.6,17.1,179.7,79.5,32.5,7,Alto
2021,4,2021-04-01,Nordeste,PE,Recife,23.1,30.0,18.1,47.0,80.6,14.7,3,Crítico
2021,4,2021-04-01,Nordeste,PE,Jaboatão dos Guararapes,16.0,21.6,10.0,187.6,83.0,25.7,4,Médio
2021,4,2021-04-01,Nordeste,CE,Fortaleza,22.5,27.1,19.3,98.0,97.5,34.6,3,Médio
2021,4,2021-04-01,Nordeste,CE,Juazeiro do Norte,27.1,34.1,20.5,150.3,38.2,13.5,3,Alto
2021,4,2021-04-01,Nordeste,MA,São Luís,26.2,32.2,22.7,121.1,57.5,13.8,0,Crítico
2021,4,2021-04-01,Nordeste,PB,João Pessoa,31.8,38.0,28.3,82.4,80.8,33.2,4,Médio
2021,4,2021-04-01,Centro-Oeste,DF,Brasília,24.5,27.7,19.4,171.4,63.8,24.4,2,Médio
2021,4,2021-04-01,Centro-Oeste,GO,Goiânia,23.8,30.8,17.1,51.4,82.8,11.1,1,Médio
2021,4,2021-04-01,Centro-Oeste,GO,Aparecida de Goiânia,29.6,35.9,23.4,170.3,80.4,34.3,1,Médio
2021,4,2021-04-01,Centro-Oeste,MT,Cuiabá,26.0,30.1,21.5,244.3,56.5,4.9,2,Médio
2021,4,2021-04-01,Centro-Oeste,MS,Campo Grande,24.5,32.5,20.7,68.9,51.9,8.9,2,Crítico
2021,4,2021-04-01,Sudeste,SP,São Paulo,24.9,31.0,19.1,160.6,66.6,18.2,5,Crítico
2021,4,2021-04-01,Sudeste,SP,Campinas,24.2,27.7,20.7,116.6,82.9,2.7,3,Crítico
2021,4,2021-04-01,Sudeste,SP,Ribeirão Preto,19.0,25.2,13.6,93.8,66.1,4.6,3,Crítico
2021,4,2021-04-01,Sudeste,RJ,Rio de Janeiro,24.9,32.3,20.1,107.7,40.4,21.9,1,Médio
2021,4,2021-04-01,Sudeste,RJ,Niterói,23.6,30.3,20.3,164.2,80.7,22.4,2,Alto
2021,4,2021-04-01,Sudeste,RJ,Nova Iguaçu,25.1,30.6,21.4,78.9,35.3,25.4,0,Crítico
2021,4,2021-04-01,Sudeste,RJ,Petrópolis,18.2,24.3,11.6,51.5,47.2,32.2,3,Baixo
2021,4,2021-04-01,Sudeste,MG,Belo Horizonte,23.7,26.7,19.2,51.5,93.1,6.2,2,Crítico
2021,4,2021-04-01,Sudeste,MG,Uberlândia,20.7,24.2,14.0,122.3,83.9,30.5,1,Baixo
2021,4,2021-04-01,Sudeste,MG,Juiz de Fora,32.3,38.8,25.8,48.0,50.1,7.0,1,Crítico
2021,4,2021-04-01,Sudeste,ES,Vitória,22.7,26.5,16.6,105.9,48.4,13.2,1,Crítico
2021,4,2021-04-01,Sudeste,ES,Vila Velha,21.5,28.8,17.2,60.3,42.5,23.6,6,Médio
2021,4,2021-04-01,Sudeste,ES,Serra,24.3,32.0,18.6,138.5,82.9,17.1,2,Alto
2021,4,2021-04-01,Sul,PR,Curitiba,18.7,22.0,12.6,112.8,76.7,32.3,1,Baixo
2021,4,2021-04-01,Sul,PR,Londrina,20.6,24.7,14.1,156.5,37.0,31.0,6,Crítico
2021,4,2021-04-01,Sul,SC,Florianópolis,25.9,33.1,22.0,178.1,69.4,11.4,3,Médio
2021,4,2021-04-01,Sul,SC,Joinville,25.9,30.5,21.3,184.0,65.8,8.3,2,Baixo
2021,4,2021-04-01,Sul,RS,Porto Alegre,30.0,36.4,25.7,37.0,49.3,35.0,1,Médio
2021,4,2021-04-01,Sul,RS,Caxias do Sul,22.5,27.8,16.5,112.5,67.4,8.0,3,Baixo
2021,5,2021-05-01,Norte,AM,Manaus,25.9,29.7,21.2,63.7,35.2,11.3,3,Médio
2021,5,2021-05-01,Norte,PA,Belém,25.8,30.3,19.1,105.5,79.1,19.0,0,Médio
2021,5,2021-05-01,Norte,PA,Santarém,22.5,27.4,17.3,180.1,41.2,19.8,5,Médio
2021,5,2021-05-01,Norte,RO,Porto Velho,20.6,27.4,14.2,14.8,96.5,33.5,3,Alto
2021,5,2021-05-01,Norte,TO,Palmas,25.4,32.0,20.8,216.7,50.0,26.3,3,Baixo
2021,5,2021-05-01,Nordeste,BA,Salvador,24.7,29.2,20.3,155.7,79.6,18.3,1,Médio
2021,5,2021-05-01,Nordeste,BA,Feira de Santana,27.2,32.2,22.2,102.0,65.9,3.3,1,Alto
2021,5,2021-05-01,Nordeste,PE,Recife,31.0,38.9,24.7,51.3,74.1,13.8,1,Baixo
2021,5,2021-05-01,Nordeste,PE,Jaboatão dos Guararapes,24.8,28.4,20.6,56.2,81.3,23.0,2,Médio
2021,5,2021-05-01,Nordeste,CE,Fortaleza,28.2,33.3,22.9,94.1,96.3,15.7,2,Baixo
2021,5,2021-05-01,Nordeste,CE,Juazeiro do Norte,27.2,30.4,23.0,122.6,52.6,32.6,0,Alto
2021,5,2021-05-01,Nordeste,MA,São Luís,16.5,23.3,11.7,169.2,90.3,16.7,3,Alto
2021,5,2021-05-01,Nordeste,PB,João Pessoa,26.4,29.7,19.4,71.1,95.9,7.6,2,Alto
2021,5,2021-05-01,Centro-Oeste,DF,Brasília,24.4,29.4,20.4,156.8,78.4,25.4,0,Crítico
2021,5,2021-05-01,Centro-Oeste,GO,Goiânia,23.9,27.5,20.8,94.3,49.6,13.1,3,Médio
2021,5,2021-05-01,Centro-Oeste,GO,Aparecida de Goiânia,29.3,34.7,25.7,157.4,36.5,2.4,0,Alto
2021,5,2021-05-01,Centro-Oeste,MT,Cuiabá,25.3,28.5,22.0,91.1,54.1,10.4,4,Médio
2021,5,2021-05-01,Centro-Oeste,MS,Campo Grande,30.2,38.1,25.0,90.8,53.6,5.5,1,Baixo
2021,5,2021-05-01,Sudeste,SP,São Paulo,29.4,37.4,25.5,67.6,51.4,21.0,4,Baixo
2021,5,2021-05-01,Sudeste,SP,Campinas,26.5,30.6,19.7,101.2,38.3,17.1,2,Médio
2021,5,2021-05-01,Sudeste,SP,Ribeirão Preto,30.6,37.9,24.0,61.1,41.0,15.3,2,Alto
2021,5,2021-05-01,Sudeste,RJ,Rio de Janeiro,26.6,31.7,20.1,74.5,59.7,25.4,0,Médio
2021,5,2021-05-01,Sudeste,RJ,Niterói,28.3,34.2,22.3,151.7,45.6,11.3,2,Médio
2021,5,2021-05-01,Sudeste,RJ,Nova Iguaçu,24.7,31.2,17.9,103.2,83.7,11.8,2,Crítico
2021,5,2021-05-01,Sudeste,RJ,Petrópolis,15.9,20.6,11.3,99.9,79.2,23.0,1,Baixo
2021,5,2021-05-01,Sudeste,MG,Belo Horizonte,25.1,28.2,18.7,77.8,90.5,29.7,2,Médio
2021,5,2021-05-01,Sudeste,MG,Uberlândia,28.2,32.9,25.1,70.4,79.0,23.9,3,Alto
2021,5,2021-05-01,Sudeste,MG,Juiz de Fora,29.7,34.8,26.3,65.3,61.4,7.3,3,Crítico
2021,5,2021-05-01,Sudeste,ES,Vitória,30.0,35.2,25.9,84.6,67.1,15.5,1,Médio
2021,5,2021-05-01,Sudeste,ES,Vila Velha,29.6,34.8,25.4,68.6,79.8,27.3,3,Alto
2021,5,2021-05-01,Sudeste,ES,Serra,25.4,33.3,20.7,71.2,62.1,7.0,0,Médio
2021,5,2021-05-01,Sul,PR,Curitiba,22.7,29.4,16.1,105.2,67.2,22.6,2,Alto
2021,5,2021-05-01,Sul,PR,Londrina,22.1,30.0,16.2,151.0,97.9,21.3,2,Crítico
2021,5,2021-05-01,Sul,SC,Florianópolis,21.1,28.1,15.4,111.1,65.2,13.9,1,Baixo
2021,5,2021-05-01,Sul,SC,Joinville,28.6,36.0,21.9,93.6,36.2,31.8,1,Alto
2021,5,2021-05-01,Sul,RS,Porto Alegre,20.9,25.5,16.7,145.7,85.6,29.6,6,Baixo
2021,5,2021-05-01,Sul,RS,Caxias do Sul,24.1,29.6,17.6,86.1,53.9,22.1,0,Médio
2021,6,2021-06-01,Norte,AM,Manaus,19.3,26.3,13.4,152.5,58.4,32.6,4,Alto
2021,6,2021-06-01,Norte,PA,Belém,23.5,27.4,18.7,165.4,66.9,29.2,2,Alto
2021,6,2021-06-01,Norte,PA,Santarém,20.6,26.6,16.4,48.0,82.3,5.5,3,Crítico
2021,6,2021-06-01,Norte,RO,Porto Velho,27.1,34.1,22.2,81.0,43.3,8.4,3,Alto
2021,6,2021-06-01,Norte,TO,Palmas,25.6,33.1,19.5,125.0,54.0,28.1,1,Médio
2021,6,2021-06-01,Nordeste,BA,Salvador,21.8,28.8,17.0,67.4,81.3,7.1,2,Alto
2021,6,2021-06-01,Nordeste,BA,Feira de Santana,26.7,33.1,22.9,131.9,62.6,24.1,1,Médio
2021,6,2021-06-01,Nordeste,PE,Recife,21.8,26.2,15.1,38.2,35.3,8.3,4,Alto
2021,6,2021-06-01,Nordeste,PE,Jaboatão dos Guararapes,31.0,38.6,27.1,87.8,74.2,7.6,3,Crítico
2021,6,2021-06-01,Nordeste,CE,Fortaleza,23.1,26.6,16.9,60.5,55.8,7.3,0,Crítico
2021,6,2021-06-01,Nordeste,CE,Juazeiro do Norte,23.2,27.0,17.4,71.2,53.5,5.2,2,Alto
2021,6,2021-06-01,Nordeste,MA,São Luís,19.1,26.8,12.5,110.1,88.7,2.4,2,Crítico
2021,6,2021-06-01,Nordeste,PB,João Pessoa,24.9,29.0,20.3,56.8,91.8,29.6,0,Crítico
2021,6,2021-06-01,Centro-Oeste,DF,Brasília,22.0,28.5,15.2,62.4,59.8,18.8,2,Baixo
2021,6,2021-06-01,Centro-Oeste,GO,Goiânia,27.8,33.5,24.4,64.8,36.3,16.5,1,Baixo
2021,6,2021-06-01,Centro-Oeste,GO,Aparecida de Goiânia,30.5,37.2,23.7,81.8,92.3,11.7,5,Baixo
2021,6,2021-06-01,Centro-Oeste,MT,Cuiabá,26.7,30.9,20.7,177.7,62.3,21.0,1,Alto
2021,6,2021-06-01,Centro-Oeste,MS,Campo Grande,22.9,27.8,16.3,87.2,44.6,9.6,2,Médio
2021,6,2021-06-01,Sudeste,SP,São Paulo,20.2,23.3,15.3,130.0,85.9,3.7,2,Alto
2021,6,2021-06-01,Sudeste,SP,Campinas,25.9,30.7,20.9,65.3,49.9,29.8,1,Baixo
2021,6,2021-06-01,Sudeste,SP,Ribeirão Preto,28.2,35.5,24.2,31.6,89.6,13.4,5,Baixo
2021,6,2021-06-01,Sudeste,RJ,Rio de Janeiro,25.5,29.6,19.9,111.3,94.5,20.4,0,Alto
2021,6,2021-06-01,Sudeste,RJ,Niterói,17.1,23.8,10.1,148.9,65.2,4.4,1,Médio
2021,6,2021-06-01,Sudeste,RJ,Nova Iguaçu,29.3,33.2,24.8,120.5,86.6,8.9,4,Médio
2021,6,2021-06-01,Sudeste,RJ,Petrópolis,18.8,26.0,11.8,70.1,37.9,34.7,2,Baixo
2021,6,2021-06-01,Sudeste,MG,Belo Horizonte,30.0,36.7,23.3,51.6,65.5,25.4,3,Médio
2021,6,2021-06-01,Sudeste,MG,Uberlândia,27.3,30.5,21.3,64.3,93.6,30.8,1,Crítico
2021,6,2021-06-01,Sudeste,MG,Juiz de Fora,28.2,33.1,24.9,113.2,70.6,2.9,2,Baixo
2021,6,2021-06-01,Sudeste,ES,Vitória,24.4,27.5,20.4,153.1,52.4,6.1,1,Baixo
2021,6,2021-06-01,Sudeste,ES,Vila Velha,22.7,30.2,18.0,179.3,44.5,5.8,5,Alto
2021,6,2021-06-01,Sudeste,ES,Serra,24.1,29.9,19.0,45.3,46.7,7.0,2,Alto
2021,6,2021-06-01,Sul,PR,Curitiba,24.3,30.3,18.9,92.3,49.1,11.8,1,Crítico
2021,6,2021-06-01,Sul,PR,Londrina,27.3,31.2,22.1,59.4,61.8,20.3,0,Alto
2021,6,2021-06-01,Sul,SC,Florianópolis,21.6,25.9,14.9,139.7,40.0,10.8,3,Crítico
2021,6,2021-06-01,Sul,SC,Joinville,35.2,41.3,28.9,140.5,91.4,34.0,1,Crítico
2021,6,2021-06-01,Sul,RS,Porto Alegre,24.9,31.8,21.4,96.2,44.2,22.8,2,Médio
2021,6,2021-06-01,Sul,RS,Caxias do Sul,27.6,34.3,23.4,99.6,77.4,16.4,0,Alto
2021,7,2021-07-01,Norte,AM,Manaus,24.1,30.6,17.2,78.9,95.0,20.7,4,Médio
2021,7,2021-07-01,Norte,PA,Belém,33.8,36.9,28.9,61.9,78.3,23.7,4,Alto
2021,7,2021-07-01,Norte,PA,Santarém,27.8,35.0,24.7,188.0,49.2,4.9,0,Crítico
2021,7,2021-07-01,Norte,RO,Porto Velho,26.0,29.8,19.8,82.1,61.8,15.9,0,Médio
2021,7,2021-07-01,Norte,TO,Palmas,19.6,23.1,16.5,171.1,43.5,22.3,0,Alto
2021,7,2021-07-01,Nordeste,BA,Salvador,30.9,38.2,26.4,59.2,65.0,33.9,2,Crítico
2021,7,2021-07-01,Nordeste,BA,Feira de Santana,26.7,31.8,20.9,143.9,95.1,28.9,1,Baixo
2021,7,2021-07-01,Nordeste,PE,Recife,23.8,27.0,18.0,45.8,40.4,23.8,2,Alto
2021,7,2021-07-01,Nordeste,PE,Jaboatão dos Guararapes,19.4,25.5,12.5,71.5,43.6,8.8,2,Crítico
2021,7,2021-07-01,Nordeste,CE,Fortaleza,22.8,27.5,19.5,183.5,94.5,12.4,3,Médio
2021,7,2021-07-01,Nordeste,CE,Juazeiro do Norte,17.4,23.5,13.4,77.4,93.1,13.2,1,Médio
2021,7,2021-07-01,Nordeste,MA,São Luís,26.0,33.7,19.8,121.6,49.0,30.9,1,Alto
2021,7,2021-07-01,Nordeste,PB,João Pessoa,20.0,27.1,13.3,85.0,53.0,30.2,2,Baixo
2021,7,2021-07-01,Centro-Oeste,DF,Brasília,27.6,33.0,24.2,42.1,62.5,30.8,3,Médio
2021,7,2021-07-01,Centro-Oeste,GO,Goiânia,20.3,26.2,17.0,287.7,44.0,3.6,7,Alto
2021,7,2021-07-01,Centro-Oeste,GO,Aparecida de Goiânia,25.5,31.1,20.1,40.4,90.8,4.1,1,Crítico
2021,7,2021-07-01,Centro-Oeste,MT,Cuiabá,28.4,32.9,23.5,134.5,95.8,28.4,2,Alto
2021,7,2021-07-01,Centro-Oeste,MS,Campo Grande,22.7,29.1,16.3,159.1,96.8,34.0,2,Baixo
2021,7,2021-07-01,Sudeste,SP,São Paulo,25.1,29.9,18.6,75.2,39.4,13.5,3,Médio
2021,7,2021-07-01,Sudeste,SP,Campinas,28.4,32.3,23.4,116.1,56.2,14.6,1,Baixo
2021,7,2021-07-01,Sudeste,SP,Ribeirão Preto,23.5,28.7,19.7,87.7,95.4,19.6,0,Alto
2021,7,2021-07-01,Sudeste,RJ,Rio de Janeiro,21.0,27.3,15.3,149.8,70.0,32.7,2,Médio
2021,7,2021-07-01,Sudeste,RJ,Niterói,21.7,25.3,17.2,95.1,90.2,13.6,1,Crítico
2021,7,2021-07-01,Sudeste,RJ,Nova Iguaçu,19.2,22.3,13.6,68.6,51.5,17.0,1,Alto
2021,7,2021-07-01,Sudeste,RJ,Petrópolis,29.0,34.0,24.8,50.1,76.4,28.5,1,Baixo
2021,7,2021-07-01,Sudeste,MG,Belo Horizonte,24.5,29.1,19.7,96.6,64.1,30.9,2,Alto
2021,7,2021-07-01,Sudeste,MG,Uberlândia,32.8,40.5,28.0,61.5,89.5,34.5,2,Crítico
2021,7,2021-07-01,Sudeste,MG,Juiz de Fora,19.3,24.0,12.7,125.5,60.7,22.9,2,Alto
2021,7,2021-07-01,Sudeste,ES,Vitória,28.4,33.6,24.7,106.6,47.6,16.8,2,Crítico
2021,7,2021-07-01,Sudeste,ES,Vila Velha,19.7,23.1,15.5,46.7,51.2,11.4,4,Médio
2021,7,2021-07-01,Sudeste,ES,Serra,21.0,25.8,14.9,129.1,52.8,15.6,4,Alto
2021,7,2021-07-01,Sul,PR,Curitiba,21.5,26.8,15.9,198.5,78.4,10.7,1,Baixo
2021,7,2021-07-01,Sul,PR,Londrina,24.2,29.7,21.1,153.3,61.0,5.9,2,Alto
2021,7,2021-07-01,Sul,SC,Florianópolis,26.4,30.1,21.3,125.7,70.0,18.0,1,Médio
2021,7,2021-07-01,Sul,SC,Joinville,24.2,27.8,17.6,133.0,35.2,28.1,1,Baixo
2021,7,2021-07-01,Sul,RS,Porto Alegre,18.8,24.9,13.6,56.8,76.2,29.8,2,Médio
2021,7,2021-07-01,Sul,RS,Caxias do Sul,23.4,29.8,17.3,86.7,66.7,6.1,2,Médio
2021,8,2021-08-01,Norte,AM,Manaus,28.8,34.0,25.8,86.8,43.1,16.8,6,Alto
2021,8,2021-08-01,Norte,PA,Belém,21.3,24.4,14.6,39.4,91.9,8.0,1,Alto
2021,8,2021-08-01,Norte,PA,Santarém,22.1,26.7,18.3,63.9,59.2,34.0,1,Crítico
2021,8,2021-08-01,Norte,RO,Porto Velho,27.3,30.4,24.0,200.7,74.8,2.3,1,Médio
2021,8,2021-08-01,Norte,TO,Palmas,31.0,37.3,26.4,85.0,81.0,26.9,4,Alto
2021,8,2021-08-01,Nordeste,BA,Salvador,20.5,27.5,15.9,47.7,50.9,9.5,0,Médio
2021,8,2021-08-01,Nordeste,BA,Feira de Santana,26.7,34.7,20.0,205.6,38.1,11.2,1,Crítico
2021,8,2021-08-01,Nordeste,PE,Recife,17.8,23.2,10.9,97.8,87.5,27.3,1,Baixo
2021,8,2021-08-01,Nordeste,PE,Jaboatão dos Guararapes,25.5,29.0,19.8,93.3,49.8,5.2,3,Médio
2021,8,2021-08-01,Nordeste,CE,Fortaleza,22.6,28.6,18.3,190.5,43.4,22.3,5,Crítico
2021,8,2021-08-01,Nordeste,CE,Juazeiro do Norte,24.3,30.6,19.8,175.4,66.1,12.6,2,Crítico
2021,8,2021-08-01,Nordeste,MA,São Luís,21.0,26.7,17.5,60.6,37.1,14.3,4,Alto
2021,8,2021-08-01,Nordeste,PB,João Pessoa,24.6,31.2,19.0,189.9,39.5,9.6,1,Baixo
2021,8,2021-08-01,Centro-Oeste,DF,Brasília,31.4,35.3,27.5,118.3,42.0,12.6,1,Alto
2021,8,2021-08-01,Centro-Oeste,GO,Goiânia,27.5,31.3,23.3,205.4,67.7,23.1,2,Baixo
2021,8,2021-08-01,Centro-Oeste,GO,Aparecida de Goiânia,25.4,30.6,21.8,87.8,71.8,30.5,2,Médio
2021,8,2021-08-01,Centro-Oeste,MT,Cuiabá,15.0,19.5,8.0,149.9,86.6,21.9,2,Baixo
2021,8,2021-08-01,Centro-Oeste,MS,Campo Grande,21.3,28.1,17.6,67.3,41.3,3.6,3,Baixo
2021,8,2021-08-01,Sudeste,SP,São Paulo,23.4,27.0,18.2,44.8,56.0,6.4,3,Alto
2021,8,2021-08-01,Sudeste,SP,Campinas,25.4,31.6,20.7,106.5,76.4,31.1,1,Crítico
2021,8,2021-08-01,Sudeste,SP,Ribeirão Preto,24.0,30.3,20.3,236.7,83.8,34.6,1,Médio
2021,8,2021-08-01,Sudeste,RJ,Rio de Janeiro,27.9,31.4,24.4,51.8,79.6,26.3,4,Médio
2021,8,2021-08-01,Sudeste,RJ,Niterói,26.3,29.6,19.3,206.0,45.3,10.5,0,Crítico
2021,8,2021-08-01,Sudeste,RJ,Nova Iguaçu,18.8,22.9,14.6,76.8,82.3,12.2,1,Baixo
2021,8,2021-08-01,Sudeste,RJ,Petrópolis,24.5,30.7,18.1,206.9,40.8,24.9,2,Alto
2021,8,2021-08-01,Sudeste,MG,Belo Horizonte,26.8,30.3,21.2,36.2,96.4,19.7,5,Baixo
2021,8,2021-08-01,Sudeste,MG,Uberlândia,27.2,34.5,22.8,190.3,40.8,9.7,3,Baixo
2021,8,2021-08-01,Sudeste,MG,Juiz de Fora,22.3,27.5,16.6,99.8,51.6,2.0,4,Baixo
2021,8,2021-08-01,Sudeste,ES,Vitória,27.8,34.8,21.5,159.7,47.4,19.9,2,Médio
2021,8,2021-08-01,Sudeste,ES,Vila Velha,25.4,31.6,21.4,62.1,68.8,2.2,1,Baixo
2021,8,2021-08-01,Sudeste,ES,Serra,28.1,34.3,22.0,61.7,84.1,33.8,3,Baixo
2021,8,2021-08-01,Sul,PR,Curitiba,25.4,30.3,18.5,207.9,57.2,9.0,0,Baixo
2021,8,2021-08-01,Sul,PR,Londrina,26.5,31.7,22.8,150.6,52.7,23.2,2,Crítico
2021,8,2021-08-01,Sul,SC,Florianópolis,25.5,33.0,19.1,107.5,46.7,16.5,0,Alto
2021,8,2021-08-01,Sul,SC,Joinville,24.6,30.7,19.0,105.0,86.8,29.9,3,Médio
2021,8,2021-08-01,Sul,RS,Porto Alegre,32.0,35.8,25.8,89.5,94.0,10.2,2,Médio
2021,8,2021-08-01,Sul,RS,Caxias do Sul,18.8,24.1,12.8,74.3,61.5,30.1,2,Alto
2021,9,2021-09-01,Norte,AM,Manaus,21.5,28.6,15.0,127.8,89.5,19.8,3,Baixo
2021,9,2021-09-01,Norte,PA,Belém,27.5,32.2,23.5,33.6,36.5,19.3,1,Baixo
2021,9,2021-09-01,Norte,PA,Santarém,32.9,40.3,29.3,126.0,45.8,8.4,3,Baixo
2021,9,2021-09-01,Norte,RO,Porto Velho,24.2,27.7,17.4,42.3,40.3,31.4,1,Alto
2021,9,2021-09-01,Norte,TO,Palmas,29.2,36.1,24.3,236.1,76.8,6.8,1,Crítico
2021,9,2021-09-01,Nordeste,BA,Salvador,25.4,30.3,19.2,83.1,48.7,28.8,4,Baixo
2021,9,2021-09-01,Nordeste,BA,Feira de Santana,26.6,30.2,21.8,44.5,47.1,14.6,2,Médio
2021,9,2021-09-01,Nordeste,PE,Recife,21.1,27.5,16.1,170.3,64.2,14.6,1,Alto
2021,9,2021-09-01,Nordeste,PE,Jaboatão dos Guararapes,30.1,37.1,25.7,91.4,93.6,5.9,4,Crítico
2021,9,2021-09-01,Nordeste,CE,Fortaleza,18.2,26.0,13.5,218.8,69.2,10.9,1,Baixo
2021,9,2021-09-01,Nordeste,CE,Juazeiro do Norte,29.9,32.9,24.1,184.1,90.1,29.1,2,Médio
2021,9,2021-09-01,Nordeste,MA,São Luís,23.4,27.6,19.5,74.8,52.2,22.1,0,Médio
2021,9,2021-09-01,Nordeste,PB,João Pessoa,32.1,35.9,25.9,84.1,67.1,24.7,1,Médio
2021,9,2021-09-01,Centro-Oeste,DF,Brasília,30.7,36.5,27.3,161.0,38.3,3.6,2,Alto
2021,9,2021-09-01,Centro-Oeste,GO,Goiânia,26.1,31.1,22.2,28.2,54.1,17.9,1,Baixo
2021,9,2021-09-01,Centro-Oeste,GO,Aparecida de Goiânia,28.2,34.9,22.9,123.1,90.9,3.8,0,Baixo
2021,9,2021-09-01,Centro-Oeste,MT,Cuiabá,23.1,30.7,18.8,42.0,58.4,29.3,1,Médio
2021,9,2021-09-01,Centro-Oeste,MS,Campo Grande,21.9,27.3,15.3,122.0,58.0,19.8,5,Médio
2021,9,2021-09-01,Sudeste,SP,São Paulo,24.7,32.0,21.4,236.8,44.1,24.4,2,Alto
2021,9,2021-09-01,Sudeste,SP,Campinas,27.7,34.7,23.2,87.8,39.3,28.9,1,Médio
2021,9,2021-09-01,Sudeste,SP,Ribeirão Preto,23.8,30.8,20.6,156.9,57.3,32.8,1,Alto
2021,9,2021-09-01,Sudeste,RJ,Rio de Janeiro,26.7,33.0,20.2,85.6,41.0,25.5,4,Baixo
2021,9,2021-09-01,Sudeste,RJ,Niterói,26.9,30.9,23.1,114.6,37.4,11.1,2,Alto
2021,9,2021-09-01,Sudeste,RJ,Nova Iguaçu,27.3,33.1,21.3,86.9,41.5,23.6,2,Baixo
2021,9,2021-09-01,Sudeste,RJ,Petrópolis,19.8,26.8,15.8,32.3,76.3,24.0,2,Baixo
2021,9,2021-09-01,Sudeste,MG,Belo Horizonte,26.1,29.4,22.4,104.6,71.4,9.2,1,Médio
2021,9,2021-09-01,Sudeste,MG,Uberlândia,29.0,36.1,22.8,242.2,61.5,31.6,0,Médio
2021,9,2021-09-01,Sudeste,MG,Juiz de Fora,27.1,33.2,22.5,72.5,75.2,13.7,0,Alto
2021,9,2021-09-01,Sudeste,ES,Vitória,21.4,28.8,18.1,101.3,78.6,7.3,0,Crítico
2021,9,2021-09-01,Sudeste,ES,Vila Velha,17.2,20.9,10.4,89.9,64.1,29.4,4,Baixo
2021,9,2021-09-01,Sudeste,ES,Serra,24.4,31.7,21.3,123.2,79.1,19.3,4,Alto
2021,9,2021-09-01,Sul,PR,Curitiba,21.3,25.9,15.8,130.9,42.1,3.9,2,Médio
2021,9,2021-09-01,Sul,PR,Londrina,21.5,29.0,16.3,35.3,89.5,34.0,0,Crítico
2021,9,2021-09-01,Sul,SC,Florianópolis,23.7,30.7,18.1,169.1,91.6,26.9,1,Baixo
2021,9,2021-09-01,Sul,SC,Joinville,29.1,33.2,22.8,58.4,72.7,22.9,3,Médio
2021,9,2021-09-01,Sul,RS,Porto Alegre,22.0,25.2,18.2,24.4,67.4,9.6,3,Crítico
2021,9,2021-09-01,Sul,RS,Caxias do Sul,29.1,32.3,24.3,79.9,43.8,9.1,0,Baixo
2021,10,2021-10-01,Norte,AM,Manaus,22.2,29.7,16.1,154.6,91.7,6.6,2,Baixo
2021,10,2021-10-01,Norte,PA,Belém,22.0,26.5,17.5,160.6,35.4,4.4,2,Médio
2021,10,2021-10-01,Norte,PA,Santarém,27.8,35.5,23.6,66.4,47.7,5.1,4,Baixo
2021,10,2021-10-01,Norte,RO,Porto Velho,31.0,37.7,25.6,103.7,59.2,20.6,1,Baixo
2021,10,2021-10-01,Norte,TO,Palmas,31.6,36.8,24.6,142.5,88.9,29.2,4,Médio
2021,10,2021-10-01,Nordeste,BA,Salvador,24.1,29.0,20.4,32.0,69.1,29.7,3,Crítico
2021,10,2021-10-01,Nordeste,BA,Feira de Santana,17.6,25.4,10.7,159.3,36.5,23.4,4,Crítico
2021,10,2021-10-01,Nordeste,PE,Recife,18.6,25.3,13.2,71.2,65.0,24.9,4,Crítico
2021,10,2021-10-01,Nordeste,PE,Jaboatão dos Guararapes,22.2,27.7,18.4,73.9,37.6,22.2,5,Médio
2021,10,2021-10-01,Nordeste,CE,Fortaleza,29.6,34.3,24.9,184.8,81.5,12.3,0,Alto
2021,10,2021-10-01,Nordeste,CE,Juazeiro do Norte,15.9,21.5,12.2,326.0,82.7,33.2,2,Baixo
2021,10,2021-10-01,Nordeste,MA,São Luís,23.6,29.2,16.6,79.5,58.4,12.7,3,Médio
2021,10,2021-10-01,Nordeste,PB,João Pessoa,18.5,23.7,14.5,87.2,67.8,5.3,2,Médio
2021,10,2021-10-01,Centro-Oeste,DF,Brasília,25.7,33.0,20.4,107.1,52.0,20.4,3,Médio
2021,10,2021-10-01,Centro-Oeste,GO,Goiânia,22.2,26.7,15.5,109.8,37.0,8.8,4,Médio
2021,10,2021-10-01,Centro-Oeste,GO,Aparecida de Goiânia,22.7,26.6,19.3,85.4,69.2,25.6,2,Alto
2021,10,2021-10-01,Centro-Oeste,MT,Cuiabá,31.6,35.2,28.2,44.6,66.0,21.8,3,Baixo
2021,10,2021-10-01,Centro-Oeste,MS,Campo Grande,23.6,28.3,18.1,122.3,82.3,23.8,1,Baixo
2021,10,2021-10-01,Sudeste,SP,São Paulo,21.4,28.2,15.0,65.4,66.8,10.9,1,Médio
2021,10,2021-10-01,Sudeste,SP,Campinas,33.2,39.4,27.2,61.9,39.6,23.8,3,Alto
2021,10,2021-10-01,Sudeste,SP,Ribeirão Preto,29.2,37.1,22.7,139.1,75.1,3.4,1,Alto
2021,10,2021-10-01,Sudeste,RJ,Rio de Janeiro,25.3,30.7,21.3,89.3,56.6,10.2,1,Crítico
2021,10,2021-10-01,Sudeste,RJ,Niterói,21.8,29.2,18.0,189.2,78.8,29.8,2,Baixo
2021,10,2021-10-01,Sudeste,RJ,Nova Iguaçu,30.3,36.4,25.0,281.1,79.4,25.8,3,Crítico
2021,10,2021-10-01,Sudeste,RJ,Petrópolis,26.3,31.3,21.2,96.1,47.2,11.2,2,Crítico
2021,10,2021-10-01,Sudeste,MG,Belo Horizonte,19.7,26.7,14.5,155.1,61.7,4.6,3,Médio
2021,10,2021-10-01,Sudeste,MG,Uberlândia,24.1,30.2,20.7,98.2,61.6,2.4,1,Baixo
2021,10,2021-10-01,Sudeste,MG,Juiz de Fora,28.7,35.3,23.9,35.2,78.5,8.6,0,Crítico
2021,10,2021-10-01,Sudeste,ES,Vitória,25.9,31.6,22.2,37.9,61.9,30.5,4,Médio
2021,10,2021-10-01,Sudeste,ES,Vila Velha,27.5,32.5,20.7,109.0,49.4,32.9,1,Baixo
2021,10,2021-10-01,Sudeste,ES,Serra,20.7,26.4,15.6,19.9,97.9,24.9,1,Crítico
2021,10,2021-10-01,Sul,PR,Curitiba,23.9,27.1,18.1,46.5,59.9,19.0,4,Alto
2021,10,2021-10-01,Sul,PR,Londrina,20.8,27.3,15.8,16.7,84.3,2.2,3,Médio
2021,10,2021-10-01,Sul,SC,Florianópolis,26.3,33.1,21.0,297.3,56.0,19.4,3,Baixo
2021,10,2021-10-01,Sul,SC,Joinville,33.4,37.2,30.3,61.5,74.2,14.3,3,Médio
2021,10,2021-10-01,Sul,RS,Porto Alegre,22.8,29.5,19.6,16.8,90.6,26.1,2,Alto
2021,10,2021-10-01,Sul,RS,Caxias do Sul,22.1,29.4,15.9,51.8,97.4,18.1,5,Baixo
2021,11,2021-11-01,Norte,AM,Manaus,28.3,36.2,23.4,109.1,97.4,13.4,0,Médio
2021,11,2021-11-01,Norte,PA,Belém,27.6,31.9,24.4,122.3,43.5,10.2,1,Médio
2021,11,2021-11-01,Norte,PA,Santarém,24.6,28.9,21.2,110.3,87.8,6.7,5,Baixo
2021,11,2021-11-01,Norte,RO,Porto Velho,26.8,33.7,23.6,178.3,37.3,17.8,5,Baixo
2021,11,2021-11-01,Norte,TO,Palmas,20.6,25.0,13.8,52.6,92.0,20.6,3,Médio
2021,11,2021-11-01,Nordeste,BA,Salvador,27.3,30.7,21.4,99.5,55.5,23.2,3,Baixo
2021,11,2021-11-01,Nordeste,BA,Feira de Santana,22.0,26.4,17.4,96.0,43.9,33.0,3,Alto
2021,11,2021-11-01,Nordeste,PE,Recife,28.6,34.9,24.2,74.2,88.3,27.1,4,Crítico
2021,11,2021-11-01,Nordeste,PE,Jaboatão dos Guararapes,17.2,23.2,10.9,148.8,62.7,19.8,2,Médio
2021,11,2021-11-01,Nordeste,CE,Fortaleza,28.6,35.1,24.0,53.3,61.5,18.6,2,Médio
2021,11,2021-11-01,Nordeste,CE,Juazeiro do Norte,27.7,34.1,22.3,113.5,87.5,21.9,1,Crítico
2021,11,2021-11-01,Nordeste,MA,São Luís,21.0,26.1,16.7,121.9,49.3,34.2,0,Médio
2021,11,2021-11-01,Nordeste,PB,João Pessoa,21.4,28.0,17.8,86.8,73.7,20.4,1,Baixo
2021,11,2021-11-01,Centro-Oeste,DF,Brasília,22.5,27.5,18.3,205.8,39.8,26.4,1,Crítico
2021,11,2021-11-01,Centro-Oeste,GO,Goiânia,21.9,28.9,18.5,116.9,62.3,26.0,0,Crítico
2021,11,2021-11-01,Centro-Oeste,GO,Aparecida de Goiânia,17.9,24.8,13.3,194.0,37.6,27.6,2,Baixo
2021,11,2021-11-01,Centro-Oeste,MT,Cuiabá,32.3,38.0,26.5,70.6,78.4,3.9,2,Baixo
2021,11,2021-11-01,Centro-Oeste,MS,Campo Grande,16.9,20.7,12.1,124.5,95.2,24.5,2,Crítico
2021,11,2021-11-01,Sudeste,SP,São Paulo,24.1,28.5,17.1,68.0,62.2,4.5,2,Alto
2021,11,2021-11-01,Sudeste,SP,Campinas,29.0,32.5,25.2,13.1,79.4,18.9,3,Alto
2021,11,2021-11-01,Sudeste,SP,Ribeirão Preto,26.7,32.5,20.9,168.6,59.5,29.7,2,Alto
2021,11,2021-11-01,Sudeste,RJ,Rio de Janeiro,24.2,31.7,18.2,89.7,88.4,9.7,1,Crítico
2021,11,2021-11-01,Sudeste,RJ,Niterói,30.2,37.8,24.9,60.1,93.4,26.8,1,Alto
2021,11,2021-11-01,Sudeste,RJ,Nova Iguaçu,26.0,32.4,20.6,114.6,50.3,20.2,0,Alto
2021,11,2021-11-01,Sudeste,RJ,Petrópolis,25.2,31.9,20.3,193.9,70.9,4.4,2,Médio
2021,11,2021-11-01,Sudeste,MG,Belo Horizonte,24.6,32.3,19.6,54.5,59.6,11.8,1,Baixo
2021,11,2021-11-01,Sudeste,MG,Uberlândia,26.6,34.5,22.2,22.4,93.3,3.7,2,Baixo
2021,11,2021-11-01,Sudeste,MG,Juiz de Fora,25.1,30.3,19.0,74.2,95.5,3.3,1,Crítico
2021,11,2021-11-01,Sudeste,ES,Vitória,28.1,36.0,22.8,66.7,85.4,29.8,3,Crítico
2021,11,2021-11-01,Sudeste,ES,Vila Velha,26.0,29.4,21.4,142.1,35.7,12.5,1,Alto
2021,11,2021-11-01,Sudeste,ES,Serra,31.3,34.8,27.7,38.4,91.3,27.2,2,Crítico
2021,11,2021-11-01,Sul,PR,Curitiba,29.2,35.1,23.9,36.3,71.2,24.9,0,Crítico
2021,11,2021-11-01,Sul,PR,Londrina,16.9,24.1,12.3,128.6,48.5,23.6,3,Baixo
2021,11,2021-11-01,Sul,SC,Florianópolis,26.0,29.5,19.7,71.4,63.4,20.7,1,Crítico
2021,11,2021-11-01,Sul,SC,Joinville,31.3,38.2,28.2,51.2,65.8,4.1,2,Baixo
2021,11,2021-11-01,Sul,RS,Porto Alegre,25.3,30.9,22.2,265.5,48.1,2.4,1,Baixo
2021,11,2021-11-01,Sul,RS,Caxias do Sul,26.1,33.1,23.1,43.9,65.5,2.6,1,Crítico
2021,12,2021-12-01,Norte,AM,Manaus,21.5,27.2,17.8,64.9,71.0,34.6,3,Alto
2021,12,2021-12-01,Norte,PA,Belém,27.6,34.0,24.2,45.2,79.1,20.5,1,Médio
2021,12,2021-12-01,Norte,PA,Santarém,28.3,32.9,22.7,170.4,88.7,24.1,2,Alto
2021,12,2021-12-01,Norte,RO,Porto Velho,19.8,24.4,14.6,34.9,40.6,26.6,5,Alto
2021,12,2021-12-01,Norte,TO,Palmas,29.7,35.4,25.8,62.9,70.7,32.3,2,Médio
2021,12,2021-12-01,Nordeste,BA,Salvador,30.1,33.4,27.0,94.0,47.1,9.0,3,Médio
2021,12,2021-12-01,Nordeste,BA,Feira de Santana,26.1,29.9,21.1,76.0,72.2,21.2,1,Alto
2021,12,2021-12-01,Nordeste,PE,Recife,19.2,27.0,15.3,119.6,49.9,14.1,7,Baixo
2021,12,2021-12-01,Nordeste,PE,Jaboatão dos Guararapes,20.8,26.2,17.2,40.2,40.4,34.5,2,Crítico
2021,12,2021-12-01,Nordeste,CE,Fortaleza,17.8,24.4,11.1,39.0,43.5,19.0,0,Médio
2021,12,2021-12-01,Nordeste,CE,Juazeiro do Norte,32.8,37.4,28.7,102.0,85.1,16.1,4,Baixo
2021,12,2021-12-01,Nordeste,MA,São Luís,23.8,28.9,19.5,166.8,64.0,27.5,0,Alto
2021,12,2021-12-01,Nordeste,PB,João Pessoa,23.7,28.8,20.5,166.3,78.1,6.6,1,Crítico
2021,12,2021-12-01,Centro-Oeste,DF,Brasília,20.4,23.7,16.2,54.5,60.4,32.2,1,Médio
2021,12,2021-12-01,Centro-Oeste,GO,Goiânia,20.9,27.0,17.0,47.1,66.9,6.9,1,Baixo
2021,12,2021-12-01,Centro-Oeste,GO,Aparecida de Goiânia,29.3,32.9,25.9,87.8,38.3,29.2,7,Crítico
2021,12,2021-12-01,Centro-Oeste,MT,Cuiabá,18.3,21.6,13.0,66.2,54.8,21.7,3,Baixo
2021,12,2021-12-01,Centro-Oeste,MS,Campo Grande,28.3,35.6,22.8,214.5,84.1,33.0,3,Médio
2021,12,2021-12-01,Sudeste,SP,São Paulo,27.0,33.0,21.3,78.9,47.7,15.7,0,Médio
2021,12,2021-12-01,Sudeste,SP,Campinas,32.9,39.3,28.0,84.9,77.5,12.0,0,Alto
2021,12,2021-12-01,Sudeste,SP,Ribeirão Preto,22.7,27.7,17.7,63.5,63.3,21.6,1,Alto
2021,12,2021-12-01,Sudeste,RJ,Rio de Janeiro,23.5,29.5,18.4,55.2,73.3,2.5,1,Crítico
2021,12,2021-12-01,Sudeste,RJ,Niterói,27.8,34.5,22.4,57.8,70.2,10.8,5,Baixo
2021,12,2021-12-01,Sudeste,RJ,Nova Iguaçu,23.6,30.8,16.7,44.2,55.3,26.5,1,Médio
2021,12,2021-12-01,Sudeste,RJ,Petrópolis,32.3,37.9,28.0,59.5,70.6,19.4,3,Crítico
2021,12,2021-12-01,Sudeste,MG,Belo Horizonte,30.4,35.5,26.9,49.3,93.6,15.5,4,Médio
2021,12,2021-12-01,Sudeste,MG,Uberlândia,25.6,30.4,22.1,224.0,66.3,24.6,2,Médio
2021,12,2021-12-01,Sudeste,MG,Juiz de Fora,22.1,26.6,15.9,19.9,96.2,25.3,3,Alto
2021,12,2021-12-01,Sudeste,ES,Vitória,22.5,30.0,17.3,150.7,52.0,15.2,2,Médio
2021,12,2021-12-01,Sudeste,ES,Vila Velha,29.1,35.2,25.9,80.5,82.5,28.1,2,Alto
2021,12,2021-12-01,Sudeste,ES,Serra,28.6,33.6,23.6,90.2,87.1,31.7,0,Alto
2021,12,2021-12-01,Sul,PR,Curitiba,28.9,33.3,25.6,42.9,54.7,14.4,2,Alto
2021,12,2021-12-01,Sul,PR,Londrina,23.1,27.1,18.8,48.1,45.8,32.3,3,Médio
2021,12,2021-12-01,Sul,SC,Florianópolis,21.2,28.9,16.9,181.9,53.8,13.3,1,Crítico
2021,12,2021-12-01,Sul,SC,Joinville,25.8,32.0,22.1,103.9,41.2,17.9,3,Baixo
2021,12,2021-12-01,Sul,RS,Porto Alegre,26.8,34.5,22.3,224.4,39.3,20.2,3,Médio
2021,12,2021-12-01,Sul,RS,Caxias do Sul,28.5,33.7,22.8,113.7,51.7,7.8,1,Médio
2022,1,2022-01-01,Norte,AM,Manaus,26.4,31.1,20.1,106.0,42.2,27.6,2,Crítico
2022,1,2022-01-01,Norte,PA,Belém,29.2,37.1,25.8,49.8,74.1,24.0,0,Crítico
2022,1,2022-01-01,Norte,PA,Santarém,29.2,32.4,26.0,101.1,91.5,13.0,2,Alto
2022,1,2022-01-01,Norte,RO,Porto Velho,19.4,25.4,15.5,66.5,94.2,13.7,2,Alto
2022,1,2022-01-01,Norte,TO,Palmas,24.7,28.2,21.5,68.2,76.9,29.9,1,Baixo
2022,1,2022-01-01,Nordeste,BA,Salvador,28.8,34.1,23.9,94.1,50.4,25.6,3,Alto
2022,1,2022-01-01,Nordeste,BA,Feira de Santana,19.8,24.9,16.3,97.8,47.9,26.9,0,Baixo
2022,1,2022-01-01,Nordeste,PE,Recife,26.1,30.6,22.9,72.1,73.9,20.4,1,Médio
2022,1,2022-01-01,Nordeste,PE,Jaboatão dos Guararapes,25.6,33.0,21.3,102.1,73.1,6.8,2,Baixo
2022,1,2022-01-01,Nordeste,CE,Fortaleza,27.4,32.4,23.9,111.0,90.0,23.9,1,Baixo
2022,1,2022-01-01,Nordeste,CE,Juazeiro do Norte,27.3,32.4,20.9,67.8,73.8,25.9,2,Alto
2022,1,2022-01-01,Nordeste,MA,São Luís,23.5,30.3,17.6,57.8,56.9,9.1,2,Crítico
2022,1,2022-01-01,Nordeste,PB,João Pessoa,18.1,21.8,11.2,141.8,75.7,25.6,1,Médio
2022,1,2022-01-01,Centro-Oeste,DF,Brasília,23.1,30.9,17.4,63.8,71.8,33.3,3,Alto
2022,1,2022-01-01,Centro-Oeste,GO,Goiânia,33.7,40.7,27.9,84.7,45.9,23.5,2,Alto
2022,1,2022-01-01,Centro-Oeste,GO,Aparecida de Goiânia,21.3,25.6,17.9,201.2,70.8,13.3,2,Médio
2022,1,2022-01-01,Centro-Oeste,MT,Cuiabá,18.9,23.2,15.5,168.8,89.9,13.6,0,Crítico
2022,1,2022-01-01,Centro-Oeste,MS,Campo Grande,31.9,35.5,27.3,113.8,94.0,28.5,0,Baixo
2022,1,2022-01-01,Sudeste,SP,São Paulo,27.2,34.5,23.8,216.2,53.7,27.4,1,Médio
2022,1,2022-01-01,Sudeste,SP,Campinas,29.3,33.1,23.1,108.0,85.2,20.7,4,Alto
2022,1,2022-01-01,Sudeste,SP,Ribeirão Preto,34.1,41.1,29.4,62.5,96.4,28.3,0,Médio
2022,1,2022-01-01,Sudeste,RJ,Rio de Janeiro,22.2,27.0,15.8,141.0,75.9,23.4,2,Baixo
2022,1,2022-01-01,Sudeste,RJ,Niterói,23.5,28.4,17.5,149.5,91.3,3.5,1,Crítico
2022,1,2022-01-01,Sudeste,RJ,Nova Iguaçu,25.9,33.7,20.8,132.7,42.0,5.0,1,Médio
2022,1,2022-01-01,Sudeste,RJ,Petrópolis,20.8,26.8,17.3,86.0,82.1,16.0,1,Crítico
2022,1,2022-01-01,Sudeste,MG,Belo Horizonte,26.3,30.3,21.5,122.3,39.9,13.5,1,Baixo
2022,1,2022-01-01,Sudeste,MG,Uberlândia,20.3,28.3,16.3,81.9,47.0,11.4,1,Alto
2022,1,2022-01-01,Sudeste,MG,Juiz de Fora,22.4,26.1,17.7,149.6,64.5,33.0,1,Médio
2022,1,2022-01-01,Sudeste,ES,Vitória,27.0,30.3,20.7,142.6,59.2,21.0,1,Crítico
2022,1,2022-01-01,Sudeste,ES,Vila Velha,31.3,38.6,25.1,27.3,62.3,5.0,2,Baixo
2022,1,2022-01-01,Sudeste,ES,Serra,20.4,26.2,17.2,107.7,44.0,17.7,3,Médio
2022,1,2022-01-01,Sul,PR,Curitiba,28.4,32.8,24.2,143.8,82.6,18.9,2,Alto
2022,1,2022-01-01,Sul,PR,Londrina,25.9,33.9,20.6,169.5,53.0,14.9,3,Médio
2022,1,2022-01-01,Sul,SC,Florianópolis,25.4,32.9,20.5,72.9,65.5,21.4,4,Crítico
2022,1,2022-01-01,Sul,SC,Joinville,33.0,37.8,29.8,175.1,79.9,20.1,2,Baixo
2022,1,2022-01-01,Sul,RS,Porto Alegre,22.4,25.5,17.2,146.6,81.9,27.5,1,Baixo
2022,1,2022-01-01,Sul,RS,Caxias do Sul,22.1,25.3,16.1,52.5,62.5,7.4,2,Alto
2022,2,2022-02-01,Norte,AM,Manaus,25.5,30.4,20.7,100.4,88.6,2.9,4,Alto
2022,2,2022-02-01,Norte,PA,Belém,22.8,28.0,16.7,110.4,96.7,32.6,2,Médio
2022,2,2022-02-01,Norte,PA,Santarém,27.0,30.8,20.3,62.4,38.8,3.3,5,Crítico
2022,2,2022-02-01,Norte,RO,Porto Velho,24.5,31.9,18.0,47.2,82.8,15.9,1,Alto
2022,2,2022-02-01,Norte,TO,Palmas,19.2,26.6,13.2,53.1,41.4,21.8,2,Baixo
2022,2,2022-02-01,Nordeste,BA,Salvador,22.8,28.4,18.4,230.9,79.3,15.5,5,Crítico
2022,2,2022-02-01,Nordeste,BA,Feira de Santana,27.3,31.2,21.8,114.3,51.8,17.4,2,Alto
2022,2,2022-02-01,Nordeste,PE,Recife,29.2,35.8,24.0,204.7,95.1,12.1,2,Baixo
2022,2,2022-02-01,Nordeste,PE,Jaboatão dos Guararapes,22.0,25.0,16.2,69.8,39.0,11.3,4,Baixo
2022,2,2022-02-01,Nordeste,CE,Fortaleza,26.4,30.0,19.7,114.5,79.7,22.6,5,Alto
2022,2,2022-02-01,Nordeste,CE,Juazeiro do Norte,27.1,30.4,23.4,34.0,47.9,7.8,5,Médio
2022,2,2022-02-01,Nordeste,MA,São Luís,22.5,30.0,17.7,152.9,78.2,34.3,2,Médio
2022,2,2022-02-01,Nordeste,PB,João Pessoa,14.8,22.5,9.1,94.4,81.7,5.4,1,Médio
2022,2,2022-02-01,Centro-Oeste,DF,Brasília,25.1,29.8,18.2,112.1,45.1,5.8,1,Médio
2022,2,2022-02-01,Centro-Oeste,GO,Goiânia,18.9,26.3,12.2,63.8,41.8,10.9,2,Médio
2022,2,2022-02-01,Centro-Oeste,GO,Aparecida de Goiânia,28.1,33.3,23.0,31.5,44.6,6.0,4,Alto
2022,2,2022-02-01,Centro-Oeste,MT,Cuiabá,26.8,32.0,22.7,32.7,83.0,11.5,1,Alto
2022,2,2022-02-01,Centro-Oeste,MS,Campo Grande,27.3,34.3,23.4,133.9,82.1,8.2,3,Baixo
2022,2,2022-02-01,Sudeste,SP,São Paulo,17.2,23.1,12.2,80.3,80.6,9.4,2,Crítico
2022,2,2022-02-01,Sudeste,SP,Campinas,24.7,28.3,17.8,76.1,42.8,6.7,1,Baixo
2022,2,2022-02-01,Sudeste,SP,Ribeirão Preto,26.1,29.3,19.5,143.0,92.7,5.2,3,Crítico
2022,2,2022-02-01,Sudeste,RJ,Rio de Janeiro,25.7,30.2,19.3,158.8,91.9,22.5,3,Médio
2022,2,2022-02-01,Sudeste,RJ,Niterói,24.9,30.8,19.5,172.1,97.8,4.5,1,Médio
2022,2,2022-02-01,Sudeste,RJ,Nova Iguaçu,21.3,27.3,15.1,307.4,41.4,13.0,2,Alto
2022,2,2022-02-01,Sudeste,RJ,Petrópolis,22.8,26.5,17.0,127.0,74.8,21.3,2,Médio
2022,2,2022-02-01,Sudeste,MG,Belo Horizonte,19.6,26.7,14.4,55.1,66.7,25.2,1,Alto
2022,2,2022-02-01,Sudeste,MG,Uberlândia,24.3,28.0,19.5,189.3,88.6,21.4,1,Baixo
2022,2,2022-02-01,Sudeste,MG,Juiz de Fora,20.4,27.8,14.3,42.9,62.9,7.5,3,Baixo
2022,2,2022-02-01,Sudeste,ES,Vitória,21.9,28.8,15.7,101.0,53.1,26.4,1,Médio
2022,2,2022-02-01,Sudeste,ES,Vila Velha,25.7,30.1,20.9,257.1,97.3,11.5,1,Baixo
2022,2,2022-02-01,Sudeste,ES,Serra,30.2,36.0,26.5,271.4,45.1,33.3,3,Alto
2022,2,2022-02-01,Sul,PR,Curitiba,22.2,25.5,17.5,245.2,91.9,23.5,0,Crítico
2022,2,2022-02-01,Sul,PR,Londrina,25.7,31.1,20.3,80.5,67.5,19.3,1,Médio
2022,2,2022-02-01,Sul,SC,Florianópolis,29.7,35.3,25.0,131.3,44.3,25.4,3,Crítico
2022,2,2022-02-01,Sul,SC,Joinville,21.0,28.0,16.5,52.4,92.7,11.2,1,Baixo
2022,2,2022-02-01,Sul,RS,Porto Alegre,26.9,33.0,22.7,207.4,45.5,30.1,0,Alto
2022,2,2022-02-01,Sul,RS,Caxias do Sul,20.1,24.3,14.1,24.6,77.2,13.1,1,Baixo
2022,3,2022-03-01,Norte,AM,Manaus,23.1,26.6,16.5,95.5,43.0,11.6,1,Alto
2022,3,2022-03-01,Norte,PA,Belém,25.7,33.3,21.6,101.8,76.4,24.3,1,Crítico
2022,3,2022-03-01,Norte,PA,Santarém,25.1,28.2,20.8,158.8,39.3,12.7,3,Alto
2022,3,2022-03-01,Norte,RO,Porto Velho,32.5,35.8,26.9,143.3,52.6,14.9,4,Médio
2022,3,2022-03-01,Norte,TO,Palmas,23.0,29.9,18.1,162.3,66.0,14.8,3,Crítico
2022,3,2022-03-01,Nordeste,BA,Salvador,28.9,34.8,22.0,126.8,56.6,14.7,4,Baixo
2022,3,2022-03-01,Nordeste,BA,Feira de Santana,24.6,30.8,19.0,145.8,37.9,34.7,3,Médio
2022,3,2022-03-01,Nordeste,PE,Recife,24.0,29.9,18.0,87.4,77.3,14.6,3,Alto
2022,3,2022-03-01,Nordeste,PE,Jaboatão dos Guararapes,20.5,24.0,15.9,143.3,59.3,3.5,3,Baixo
2022,3,2022-03-01,Nordeste,CE,Fortaleza,25.8,32.4,19.5,134.1,67.3,28.2,3,Médio
2022,3,2022-03-01,Nordeste,CE,Juazeiro do Norte,17.7,21.1,11.0,84.3,51.2,21.3,2,Médio
2022,3,2022-03-01,Nordeste,MA,São Luís,26.7,31.7,22.9,224.9,85.7,24.6,4,Baixo
2022,3,2022-03-01,Nordeste,PB,João Pessoa,20.3,28.2,17.1,113.1,36.0,10.2,2,Médio
2022,3,2022-03-01,Centro-Oeste,DF,Brasília,22.1,26.0,15.7,52.5,60.9,21.7,2,Médio
2022,3,2022-03-01,Centro-Oeste,GO,Goiânia,31.7,35.8,25.6,231.9,56.0,10.1,2,Médio
2022,3,2022-03-01,Centro-Oeste,GO,Aparecida de Goiânia,23.3,27.2,18.7,151.0,46.1,7.8,1,Alto
2022,3,2022-03-01,Centro-Oeste,MT,Cuiabá,15.4,20.8,11.2,60.0,57.3,24.8,7,Baixo
2022,3,2022-03-01,Centro-Oeste,MS,Campo Grande,25.1,31.7,20.3,68.7,60.6,19.4,3,Médio
2022,3,2022-03-01,Sudeste,SP,São Paulo,26.0,30.3,20.4,49.2,44.2,15.3,3,Alto
2022,3,2022-03-01,Sudeste,SP,Campinas,25.3,32.9,21.5,141.3,48.1,24.9,1,Médio
2022,3,2022-03-01,Sudeste,SP,Ribeirão Preto,18.5,24.3,14.7,71.8,48.1,20.7,3,Crítico
2022,3,2022-03-01,Sudeste,RJ,Rio de Janeiro,21.4,28.8,15.1,28.3,36.2,3.7,1,Alto
2022,3,2022-03-01,Sudeste,RJ,Niterói,19.1,24.8,15.7,100.8,84.4,34.5,3,Médio
2022,3,2022-03-01,Sudeste,RJ,Nova Iguaçu,23.4,30.4,17.9,164.2,46.8,19.2,1,Crítico
2022,3,2022-03-01,Sudeste,RJ,Petrópolis,28.6,31.7,22.9,360.1,67.8,25.8,1,Crítico
2022,3,2022-03-01,Sudeste,MG,Belo Horizonte,30.5,38.1,27.3,114.7,74.9,10.8,4,Baixo
2022,3,2022-03-01,Sudeste,MG,Uberlândia,22.0,29.9,16.9,40.9,35.5,11.7,2,Crítico
2022,3,2022-03-01,Sudeste,MG,Juiz de Fora,23.8,30.7,19.8,217.6,74.7,23.4,2,Médio
2022,3,2022-03-01,Sudeste,ES,Vitória,22.8,27.1,17.2,93.7,49.8,8.3,1,Médio
2022,3,2022-03-01,Sudeste,ES,Vila Velha,31.1,34.6,26.4,20.6,46.1,29.1,0,Crítico
2022,3,2022-03-01,Sudeste,ES,Serra,31.6,34.7,26.9,109.0,83.8,9.8,2,Crítico
2022,3,2022-03-01,Sul,PR,Curitiba,25.2,30.1,21.5,242.1,63.5,28.9,1,Médio
2022,3,2022-03-01,Sul,PR,Londrina,24.2,28.2,17.2,77.0,53.9,28.1,0,Alto
2022,3,2022-03-01,Sul,SC,Florianópolis,11.7,15.6,7.5,212.2,59.3,8.3,0,Médio
2022,3,2022-03-01,Sul,SC,Joinville,26.5,30.7,23.2,151.5,63.7,33.5,3,Alto
2022,3,2022-03-01,Sul,RS,Porto Alegre,27.7,33.9,22.4,59.4,89.0,24.8,3,Baixo
2022,3,2022-03-01,Sul,RS,Caxias do Sul,19.9,24.8,13.2,69.8,93.2,24.5,2,Alto
2022,4,2022-04-01,Norte,AM,Manaus,25.5,28.6,19.4,127.9,68.1,3.8,2,Alto
2022,4,2022-04-01,Norte,PA,Belém,22.2,26.7,18.9,137.3,78.5,16.0,4,Baixo
2022,4,2022-04-01,Norte,PA,Santarém,24.3,31.4,18.0,117.9,77.4,9.1,2,Baixo
2022,4,2022-04-01,Norte,RO,Porto Velho,26.5,32.9,23.1,98.9,43.0,18.8,2,Alto
2022,4,2022-04-01,Norte,TO,Palmas,23.1,29.0,18.7,190.3,71.8,34.6,3,Crítico
2022,4,2022-04-01,Nordeste,BA,Salvador,25.4,31.9,18.8,203.6,96.4,18.5,1,Crítico
2022,4,2022-04-01,Nordeste,BA,Feira de Santana,25.3,30.3,19.0,61.9,88.5,25.0,1,Crítico
2022,4,2022-04-01,Nordeste,PE,Recife,30.2,37.2,23.6,67.9,57.6,20.2,0,Alto
2022,4,2022-04-01,Nordeste,PE,Jaboatão dos Guararapes,34.5,37.9,31.3,66.8,45.2,18.3,2,Baixo
2022,4,2022-04-01,Nordeste,CE,Fortaleza,24.8,28.6,18.4,100.0,44.3,24.9,3,Baixo
2022,4,2022-04-01,Nordeste,CE,Juazeiro do Norte,26.0,29.2,21.8,152.9,72.6,6.1,4,Alto
2022,4,2022-04-01,Nordeste,MA,São Luís,19.1,23.5,14.5,122.3,80.0,20.4,2,Médio
2022,4,2022-04-01,Nordeste,PB,João Pessoa,24.5,29.4,19.9,148.8,55.0,2.1,1,Baixo
2022,4,2022-04-01,Centro-Oeste,DF,Brasília,23.0,28.0,18.5,31.9,93.4,13.9,3,Alto
2022,4,2022-04-01,Centro-Oeste,GO,Goiânia,24.6,31.1,20.2,84.9,84.1,29.5,4,Médio
2022,4,2022-04-01,Centro-Oeste,GO,Aparecida de Goiânia,23.1,29.9,17.2,92.5,38.1,8.0,4,Baixo
2022,4,2022-04-01,Centro-Oeste,MT,Cuiabá,17.1,23.0,11.8,34.1,96.1,3.0,3,Baixo
2022,4,2022-04-01,Centro-Oeste,MS,Campo Grande,24.9,30.6,19.4,78.0,77.4,12.1,4,Crítico
2022,4,2022-04-01,Sudeste,SP,São Paulo,28.9,34.6,25.0,84.8,76.8,4.4,1,Crítico
2022,4,2022-04-01,Sudeste,SP,Campinas,12.7,16.8,6.9,29.5,40.6,16.7,2,Crítico
2022,4,2022-04-01,Sudeste,SP,Ribeirão Preto,29.2,35.1,22.6,57.6,69.2,17.7,4,Baixo
2022,4,2022-04-01,Sudeste,RJ,Rio de Janeiro,22.7,30.5,19.5,91.2,54.6,28.0,1,Baixo
2022,4,2022-04-01,Sudeste,RJ,Niterói,22.6,26.4,18.7,85.5,53.3,3.3,2,Baixo
2022,4,2022-04-01,Sudeste,RJ,Nova Iguaçu,22.5,29.3,15.8,212.4,50.9,4.7,2,Crítico
2022,4,2022-04-01,Sudeste,RJ,Petrópolis,32.1,36.8,25.9,16.0,73.6,10.4,4,Alto
2022,4,2022-04-01,Sudeste,MG,Belo Horizonte,25.5,28.9,20.7,201.3,65.1,13.0,2,Crítico
2022,4,2022-04-01,Sudeste,MG,Uberlândia,23.5,29.8,17.2,97.1,58.9,2.9,3,Médio
2022,4,2022-04-01,Sudeste,MG,Juiz de Fora,35.7,38.7,30.4,109.7,57.9,20.7,2,Alto
2022,4,2022-04-01,Sudeste,ES,Vitória,20.5,26.4,13.6,229.5,70.0,31.9,4,Alto
2022,4,2022-04-01,Sudeste,ES,Vila Velha,20.5,25.0,16.2,53.0,63.3,12.4,1,Alto
2022,4,2022-04-01,Sudeste,ES,Serra,24.6,28.4,19.9,42.1,88.8,9.0,2,Médio
2022,4,2022-04-01,Sul,PR,Curitiba,16.1,20.4,10.2,110.2,91.3,27.2,0,Crítico
2022,4,2022-04-01,Sul,PR,Londrina,23.0,29.5,18.2,64.8,47.7,15.1,2,Baixo
2022,4,2022-04-01,Sul,SC,Florianópolis,15.7,19.8,11.7,297.6,73.1,20.9,1,Alto
2022,4,2022-04-01,Sul,SC,Joinville,31.7,37.9,26.0,58.0,73.5,24.0,2,Baixo
2022,4,2022-04-01,Sul,RS,Porto Alegre,26.6,32.8,22.0,118.5,47.2,2.1,1,Crítico
2022,4,2022-04-01,Sul,RS,Caxias do Sul,23.4,27.6,19.8,151.7,77.7,16.6,1,Crítico
2022,5,2022-05-01,Norte,AM,Manaus,26.7,31.8,21.5,149.6,88.0,8.5,1,Baixo
2022,5,2022-05-01,Norte,PA,Belém,26.3,29.3,20.1,117.0,43.0,20.2,4,Baixo
2022,5,2022-05-01,Norte,PA,Santarém,21.2,27.7,17.5,128.6,75.0,5.3,3,Alto
2022,5,2022-05-01,Norte,RO,Porto Velho,28.2,33.9,24.8,58.9,37.5,10.9,1,Médio
2022,5,2022-05-01,Norte,TO,Palmas,20.9,27.2,14.1,120.4,49.8,27.1,2,Baixo
2022,5,2022-05-01,Nordeste,BA,Salvador,23.7,30.4,16.9,38.9,61.4,31.8,1,Médio
2022,5,2022-05-01,Nordeste,BA,Feira de Santana,34.5,39.6,28.1,59.8,75.9,25.2,4,Crítico
2022,5,2022-05-01,Nordeste,PE,Recife,21.4,28.3,15.5,87.9,75.1,24.7,1,Médio
2022,5,2022-05-01,Nordeste,PE,Jaboatão dos Guararapes,22.2,30.2,17.9,106.2,39.3,24.2,2,Médio
2022,5,2022-05-01,Nordeste,CE,Fortaleza,23.5,26.8,16.8,49.4,42.6,23.0,2,Baixo
2022,5,2022-05-01,Nordeste,CE,Juazeiro do Norte,20.7,25.8,17.0,70.8,67.3,2.2,1,Alto
2022,5,2022-05-01,Nordeste,MA,São Luís,22.6,28.5,19.0,176.1,47.4,6.3,3,Alto
2022,5,2022-05-01,Nordeste,PB,João Pessoa,18.8,23.7,14.1,185.7,42.1,25.5,1,Baixo
2022,5,2022-05-01,Centro-Oeste,DF,Brasília,17.9,23.8,14.7,65.6,64.6,25.9,3,Crítico
2022,5,2022-05-01,Centro-Oeste,GO,Goiânia,20.0,27.6,15.6,36.2,36.6,6.6,6,Crítico
2022,5,2022-05-01,Centro-Oeste,GO,Aparecida de Goiânia,25.1,30.9,20.8,101.5,38.0,20.2,3,Crítico
2022,5,2022-05-01,Centro-Oeste,MT,Cuiabá,27.1,32.0,22.2,88.0,58.6,22.3,4,Crítico
2022,5,2022-05-01,Centro-Oeste,MS,Campo Grande,24.1,29.7,19.5,267.5,61.2,2.6,2,Crítico
2022,5,2022-05-01,Sudeste,SP,São Paulo,30.8,38.0,25.1,245.3,47.1,13.9,1,Alto
2022,5,2022-05-01,Sudeste,SP,Campinas,22.2,26.9,16.3,55.8,92.9,32.5,2,Baixo
2022,5,2022-05-01,Sudeste,SP,Ribeirão Preto,21.9,27.8,16.6,94.7,45.3,8.7,3,Baixo
2022,5,2022-05-01,Sudeste,RJ,Rio de Janeiro,28.2,33.0,24.7,74.3,84.5,17.1,0,Médio
2022,5,2022-05-01,Sudeste,RJ,Niterói,31.7,36.9,26.8,70.3,85.0,2.9,5,Crítico
2022,5,2022-05-01,Sudeste,RJ,Nova Iguaçu,28.1,34.0,23.3,136.0,51.3,11.0,0,Alto
2022,5,2022-05-01,Sudeste,RJ,Petrópolis,31.2,39.0,25.2,96.4,87.3,11.1,5,Crítico
2022,5,2022-05-01,Sudeste,MG,Belo Horizonte,26.8,33.4,20.0,172.3,51.6,9.3,2,Alto
2022,5,2022-05-01,Sudeste,MG,Uberlândia,26.0,30.8,19.0,34.7,38.4,12.6,0,Crítico
2022,5,2022-05-01,Sudeste,MG,Juiz de Fora,23.0,26.6,20.0,111.6,89.8,24.9,1,Baixo
2022,5,2022-05-01,Sudeste,ES,Vitória,21.5,29.4,17.8,178.2,67.7,7.1,1,Crítico
2022,5,2022-05-01,Sudeste,ES,Vila Velha,27.2,34.9,23.0,50.0,53.5,16.3,2,Alto
2022,5,2022-05-01,Sudeste,ES,Serra,28.8,35.9,24.8,154.5,78.8,27.7,2,Crítico
2022,5,2022-05-01,Sul,PR,Curitiba,27.4,34.8,21.2,118.3,71.0,31.6,1,Baixo
2022,5,2022-05-01,Sul,PR,Londrina,24.4,31.1,20.5,96.1,35.5,4.7,4,Alto
2022,5,2022-05-01,Sul,SC,Florianópolis,28.9,36.6,24.3,138.3,95.8,16.0,0,Baixo
2022,5,2022-05-01,Sul,SC,Joinville,21.5,28.1,16.3,95.6,54.1,26.0,1,Crítico
2022,5,2022-05-01,Sul,RS,Porto Alegre,27.0,33.1,22.0,52.1,88.2,17.8,0,Crítico
2022,5,2022-05-01,Sul,RS,Caxias do Sul,25.7,29.8,20.1,123.0,44.9,12.9,1,Médio
2022,6,2022-06-01,Norte,AM,Manaus,22.1,29.0,16.7,204.7,85.3,22.4,3,Médio
2022,6,2022-06-01,Norte,PA,Belém,25.1,28.9,20.0,33.0,97.6,11.2,2,Crítico
2022,6,2022-06-01,Norte,PA,Santarém,23.2,26.6,18.8,62.4,55.8,7.9,0,Crítico
2022,6,2022-06-01,Norte,RO,Porto Velho,23.1,29.0,18.8,154.3,56.9,10.3,2,Médio
2022,6,2022-06-01,Norte,TO,Palmas,27.1,32.4,22.6,78.7,77.1,10.2,1,Baixo
2022,6,2022-06-01,Nordeste,BA,Salvador,19.3,26.1,12.8,49.6,73.6,14.9,4,Baixo
2022,6,2022-06-01,Nordeste,BA,Feira de Santana,26.4,33.5,21.6,228.9,81.9,12.9,1,Crítico
2022,6,2022-06-01,Nordeste,PE,Recife,25.8,33.2,20.6,41.9,66.9,11.8,2,Médio
2022,6,2022-06-01,Nordeste,PE,Jaboatão dos Guararapes,22.6,26.8,16.3,55.3,61.9,10.7,2,Crítico
2022,6,2022-06-01,Nordeste,CE,Fortaleza,25.3,32.9,22.1,103.4,37.9,29.8,1,Baixo
2022,6,2022-06-01,Nordeste,CE,Juazeiro do Norte,23.0,30.2,19.3,183.4,80.0,4.9,2,Baixo
2022,6,2022-06-01,Nordeste,MA,São Luís,23.1,27.5,18.7,123.1,86.8,31.5,1,Baixo
2022,6,2022-06-01,Nordeste,PB,João Pessoa,25.0,31.7,19.9,48.6,74.6,34.1,1,Crítico
2022,6,2022-06-01,Centro-Oeste,DF,Brasília,21.4,28.9,16.4,87.3,35.0,20.7,0,Alto
2022,6,2022-06-01,Centro-Oeste,GO,Goiânia,19.4,23.7,14.9,28.7,82.0,24.4,6,Crítico
2022,6,2022-06-01,Centro-Oeste,GO,Aparecida de Goiânia,27.1,30.4,21.3,20.8,44.2,16.2,3,Crítico
2022,6,2022-06-01,Centro-Oeste,MT,Cuiabá,28.6,33.9,23.3,108.3,85.2,25.9,2,Baixo
2022,6,2022-06-01,Centro-Oeste,MS,Campo Grande,18.3,22.3,13.3,62.3,72.2,21.3,5,Médio
2022,6,2022-06-01,Sudeste,SP,São Paulo,26.5,31.2,21.4,97.9,54.8,29.2,4,Alto
2022,6,2022-06-01,Sudeste,SP,Campinas,31.0,38.6,27.8,108.4,49.0,20.9,1,Crítico
2022,6,2022-06-01,Sudeste,SP,Ribeirão Preto,24.6,27.9,19.2,42.1,59.0,33.6,2,Crítico
2022,6,2022-06-01,Sudeste,RJ,Rio de Janeiro,23.4,28.3,19.6,78.0,40.0,13.3,1,Baixo
2022,6,2022-06-01,Sudeste,RJ,Niterói,21.0,26.2,17.8,151.2,85.7,11.4,2,Baixo
2022,6,2022-06-01,Sudeste,RJ,Nova Iguaçu,25.4,29.6,20.9,40.9,84.8,10.2,1,Baixo
2022,6,2022-06-01,Sudeste,RJ,Petrópolis,23.4,27.1,17.4,38.8,87.4,14.8,4,Alto
2022,6,2022-06-01,Sudeste,MG,Belo Horizonte,24.0,29.6,19.0,30.2,38.5,30.5,2,Alto
2022,6,2022-06-01,Sudeste,MG,Uberlândia,27.2,30.8,22.0,154.7,88.2,3.4,2,Alto
2022,6,2022-06-01,Sudeste,MG,Juiz de Fora,24.8,30.6,20.5,133.1,70.7,10.8,1,Crítico
2022,6,2022-06-01,Sudeste,ES,Vitória,23.9,26.9,18.9,92.9,42.4,29.7,4,Alto
2022,6,2022-06-01,Sudeste,ES,Vila Velha,26.1,33.8,21.9,29.2,50.6,19.0,1,Alto
2022,6,2022-06-01,Sudeste,ES,Serra,24.7,31.5,20.0,76.7,67.0,26.9,2,Alto
2022,6,2022-06-01,Sul,PR,Curitiba,25.2,31.1,21.2,95.4,74.6,10.9,2,Médio
2022,6,2022-06-01,Sul,PR,Londrina,26.1,30.2,19.9,72.6,44.8,20.6,2,Baixo
2022,6,2022-06-01,Sul,SC,Florianópolis,25.4,30.1,20.6,80.0,75.4,2.6,4,Médio
2022,6,2022-06-01,Sul,SC,Joinville,32.2,36.9,25.2,67.1,73.5,2.5,2,Baixo
2022,6,2022-06-01,Sul,RS,Porto Alegre,28.1,31.9,24.6,174.2,69.8,2.4,3,Alto
2022,6,2022-06-01,Sul,RS,Caxias do Sul,17.0,22.8,12.4,144.2,79.1,13.6,0,Médio
2022,7,2022-07-01,Norte,AM,Manaus,25.3,31.1,21.9,116.8,63.6,10.7,4,Crítico
2022,7,2022-07-01,Norte,PA,Belém,31.3,38.1,26.4,156.4,42.8,31.7,1,Alto
2022,7,2022-07-01,Norte,PA,Santarém,30.5,34.3,25.8,108.0,54.8,9.1,3,Baixo
2022,7,2022-07-01,Norte,RO,Porto Velho,18.6,25.6,12.5,161.0,57.6,18.0,4,Crítico
2022,7,2022-07-01,Norte,TO,Palmas,27.3,30.8,22.7,140.0,41.8,3.0,1,Alto
2022,7,2022-07-01,Nordeste,BA,Salvador,24.3,31.0,19.3,156.3,40.2,6.5,3,Crítico
2022,7,2022-07-01,Nordeste,BA,Feira de Santana,25.1,28.1,21.4,12.3,92.1,10.2,1,Baixo
2022,7,2022-07-01,Nordeste,PE,Recife,32.7,39.9,29.0,89.7,80.2,21.3,1,Baixo
2022,7,2022-07-01,Nordeste,PE,Jaboatão dos Guararapes,26.4,29.8,21.8,104.3,56.3,2.1,2,Baixo
2022,7,2022-07-01,Nordeste,CE,Fortaleza,29.8,35.9,24.9,109.5,50.1,32.7,3,Alto
2022,7,2022-07-01,Nordeste,CE,Juazeiro do Norte,29.1,32.6,22.8,10.9,78.3,5.9,1,Baixo
2022,7,2022-07-01,Nordeste,MA,São Luís,23.6,27.5,19.4,69.1,86.0,13.6,4,Médio
2022,7,2022-07-01,Nordeste,PB,João Pessoa,20.6,24.3,15.3,103.9,59.1,12.7,0,Alto
2022,7,2022-07-01,Centro-Oeste,DF,Brasília,32.5,40.0,26.7,77.0,91.9,28.6,3,Alto
2022,7,2022-07-01,Centro-Oeste,GO,Goiânia,23.3,29.7,17.8,105.4,44.4,25.9,1,Crítico
2022,7,2022-07-01,Centro-Oeste,GO,Aparecida de Goiânia,23.6,27.6,19.1,23.1,65.0,19.4,5,Crítico
2022,7,2022-07-01,Centro-Oeste,MT,Cuiabá,26.4,30.8,21.7,100.0,48.8,14.7,2,Alto
2022,7,2022-07-01,Centro-Oeste,MS,Campo Grande,29.9,33.4,25.2,124.2,90.7,33.7,2,Alto
2022,7,2022-07-01,Sudeste,SP,São Paulo,27.3,32.6,22.4,155.1,85.4,29.6,1,Médio
2022,7,2022-07-01,Sudeste,SP,Campinas,21.2,27.1,14.7,101.0,90.2,18.3,2,Baixo
2022,7,2022-07-01,Sudeste,SP,Ribeirão Preto,24.6,32.2,18.6,124.5,51.7,18.9,1,Médio
2022,7,2022-07-01,Sudeste,RJ,Rio de Janeiro,26.9,31.7,22.4,117.9,43.9,30.7,2,Baixo
2022,7,2022-07-01,Sudeste,RJ,Niterói,19.8,24.0,14.4,150.4,72.3,31.1,4,Médio
2022,7,2022-07-01,Sudeste,RJ,Nova Iguaçu,20.4,26.0,17.1,166.5,52.6,20.7,2,Baixo
2022,7,2022-07-01,Sudeste,RJ,Petrópolis,28.2,32.6,21.3,124.9,97.1,24.9,1,Médio
2022,7,2022-07-01,Sudeste,MG,Belo Horizonte,26.9,32.3,23.0,262.7,74.8,27.8,3,Alto
2022,7,2022-07-01,Sudeste,MG,Uberlândia,23.7,26.9,19.5,69.0,64.1,3.9,1,Médio
2022,7,2022-07-01,Sudeste,MG,Juiz de Fora,27.9,33.8,24.3,129.1,60.3,6.1,2,Crítico
2022,7,2022-07-01,Sudeste,ES,Vitória,21.2,24.3,18.2,159.1,75.9,30.4,1,Médio
2022,7,2022-07-01,Sudeste,ES,Vila Velha,29.6,37.0,23.7,215.9,62.9,33.8,0,Médio
2022,7,2022-07-01,Sudeste,ES,Serra,19.3,27.2,14.6,156.6,39.3,14.8,1,Baixo
2022,7,2022-07-01,Sul,PR,Curitiba,26.8,33.4,21.0,143.3,89.9,29.0,3,Crítico
2022,7,2022-07-01,Sul,PR,Londrina,25.1,31.9,19.8,82.2,52.8,22.7,3,Alto
2022,7,2022-07-01,Sul,SC,Florianópolis,21.1,26.0,14.8,123.8,63.1,16.2,1,Médio
2022,7,2022-07-01,Sul,SC,Joinville,16.6,22.3,12.7,87.0,76.8,29.4,1,Baixo
2022,7,2022-07-01,Sul,RS,Porto Alegre,25.8,29.2,22.3,266.8,92.3,19.4,4,Alto
2022,7,2022-07-01,Sul,RS,Caxias do Sul,25.2,30.1,19.8,98.9,70.9,10.9,3,Crítico
2022,8,2022-08-01,Norte,AM,Manaus,27.8,33.3,22.0,95.0,57.6,4.4,5,Alto
2022,8,2022-08-01,Norte,PA,Belém,23.3,28.5,18.6,41.3,73.5,4.5,1,Baixo
2022,8,2022-08-01,Norte,PA,Santarém,23.1,27.3,17.4,102.7,35.1,19.9,2,Alto
2022,8,2022-08-01,Norte,RO,Porto Velho,25.5,32.2,19.3,51.2,49.8,7.5,1,Médio
2022,8,2022-08-01,Norte,TO,Palmas,26.5,34.2,21.8,91.2,57.6,18.4,1,Alto
2022,8,2022-08-01,Nordeste,BA,Salvador,26.9,34.9,23.1,105.6,84.2,19.5,1,Alto
2022,8,2022-08-01,Nordeste,BA,Feira de Santana,28.4,31.6,25.0,34.3,81.8,30.3,3,Crítico
2022,8,2022-08-01,Nordeste,PE,Recife,24.2,29.7,17.7,51.5,39.9,3.5,5,Baixo
2022,8,2022-08-01,Nordeste,PE,Jaboatão dos Guararapes,17.6,24.9,12.0,232.1,50.0,34.7,2,Médio
2022,8,2022-08-01,Nordeste,CE,Fortaleza,24.3,27.9,17.4,120.7,92.1,20.4,3,Baixo
2022,8,2022-08-01,Nordeste,CE,Juazeiro do Norte,24.0,27.1,19.0,144.0,49.9,8.2,3,Crítico
2022,8,2022-08-01,Nordeste,MA,São Luís,25.2,29.3,19.1,159.6,36.7,5.0,0,Baixo
2022,8,2022-08-01,Nordeste,PB,João Pessoa,21.5,26.1,16.6,142.5,96.2,15.7,2,Médio
2022,8,2022-08-01,Centro-Oeste,DF,Brasília,26.2,32.4,19.9,109.2,46.5,10.9,2,Médio
2022,8,2022-08-01,Centro-Oeste,GO,Goiânia,16.2,21.2,10.8,128.1,50.8,14.5,3,Alto
2022,8,2022-08-01,Centro-Oeste,GO,Aparecida de Goiânia,17.1,24.3,11.6,124.0,46.7,22.1,2,Médio
2022,8,2022-08-01,Centro-Oeste,MT,Cuiabá,22.8,28.6,17.8,47.6,59.8,21.4,1,Baixo
2022,8,2022-08-01,Centro-Oeste,MS,Campo Grande,27.5,32.2,22.1,95.7,81.6,31.8,0,Crítico
2022,8,2022-08-01,Sudeste,SP,São Paulo,33.7,39.5,29.2,251.4,72.2,4.2,4,Alto
2022,8,2022-08-01,Sudeste,SP,Campinas,25.6,28.9,19.8,56.2,76.2,16.1,3,Médio
2022,8,2022-08-01,Sudeste,SP,Ribeirão Preto,24.1,30.8,21.0,170.4,44.9,23.8,1,Baixo
2022,8,2022-08-01,Sudeste,RJ,Rio de Janeiro,27.2,33.5,20.5,252.9,77.7,11.3,3,Baixo
2022,8,2022-08-01,Sudeste,RJ,Niterói,21.2,25.5,16.1,115.1,80.4,17.4,1,Médio
2022,8,2022-08-01,Sudeste,RJ,Nova Iguaçu,24.3,29.6,20.3,20.8,44.1,15.8,3,Crítico
2022,8,2022-08-01,Sudeste,RJ,Petrópolis,23.6,28.7,16.9,195.8,76.7,32.4,1,Médio
2022,8,2022-08-01,Sudeste,MG,Belo Horizonte,27.7,32.0,23.5,49.8,91.2,30.4,1,Médio
2022,8,2022-08-01,Sudeste,MG,Uberlândia,26.8,33.5,20.7,54.1,50.7,10.0,1,Crítico
2022,8,2022-08-01,Sudeste,MG,Juiz de Fora,18.9,23.0,15.0,93.4,67.8,19.6,1,Baixo
2022,8,2022-08-01,Sudeste,ES,Vitória,25.6,28.7,20.2,51.0,40.6,5.3,2,Médio
2022,8,2022-08-01,Sudeste,ES,Vila Velha,26.3,29.8,21.2,125.7,74.6,25.7,1,Alto
2022,8,2022-08-01,Sudeste,ES,Serra,29.3,33.8,26.1,173.8,93.5,26.4,3,Crítico
2022,8,2022-08-01,Sul,PR,Curitiba,27.1,33.3,20.3,91.8,69.6,6.8,2,Baixo
2022,8,2022-08-01,Sul,PR,Londrina,27.1,32.7,23.2,64.1,77.5,20.2,3,Crítico
2022,8,2022-08-01,Sul,SC,Florianópolis,26.2,29.4,19.2,119.2,97.2,8.8,1,Médio
2022,8,2022-08-01,Sul,SC,Joinville,24.0,27.6,19.4,60.9,40.9,21.7,2,Baixo
2022,8,2022-08-01,Sul,RS,Porto Alegre,24.3,31.7,19.9,24.5,36.4,5.3,1,Crítico
2022,8,2022-08-01,Sul,RS,Caxias do Sul,25.5,29.7,20.3,147.4,67.2,4.8,4,Alto
2022,9,2022-09-01,Norte,AM,Manaus,25.5,30.7,21.8,99.3,90.5,20.8,2,Crítico
2022,9,2022-09-01,Norte,PA,Belém,28.6,34.6,23.6,103.7,86.1,19.3,0,Baixo
2022,9,2022-09-01,Norte,PA,Santarém,21.8,27.4,17.5,26.6,38.6,34.4,3,Crítico
2022,9,2022-09-01,Norte,RO,Porto Velho,25.2,28.2,20.9,82.3,73.2,20.8,2,Crítico
2022,9,2022-09-01,Norte,TO,Palmas,26.2,29.2,19.8,33.5,38.3,30.9,3,Alto
2022,9,2022-09-01,Nordeste,BA,Salvador,32.5,40.2,25.7,126.2,54.9,9.0,1,Baixo
2022,9,2022-09-01,Nordeste,BA,Feira de Santana,23.4,27.4,17.8,92.5,86.8,19.7,0,Médio
2022,9,2022-09-01,Nordeste,PE,Recife,27.5,32.5,21.9,205.8,41.4,4.0,3,Alto
2022,9,2022-09-01,Nordeste,PE,Jaboatão dos Guararapes,27.5,31.1,22.1,100.1,97.4,18.1,4,Crítico
2022,9,2022-09-01,Nordeste,CE,Fortaleza,29.1,36.3,22.9,181.2,63.7,34.0,1,Crítico
2022,9,2022-09-01,Nordeste,CE,Juazeiro do Norte,25.9,29.7,21.9,45.0,70.3,12.8,2,Alto
2022,9,2022-09-01,Nordeste,MA,São Luís,27.5,33.3,22.8,32.6,86.6,22.1,1,Crítico
2022,9,2022-09-01,Nordeste,PB,João Pessoa,26.3,30.8,20.2,116.5,68.5,19.2,1,Baixo
2022,9,2022-09-01,Centro-Oeste,DF,Brasília,27.4,30.9,20.5,108.7,54.1,24.3,2,Médio
2022,9,2022-09-01,Centro-Oeste,GO,Goiânia,24.3,29.7,20.4,128.2,37.4,6.5,0,Alto
2022,9,2022-09-01,Centro-Oeste,GO,Aparecida de Goiânia,30.0,34.0,24.1,85.0,80.7,18.2,0,Baixo
2022,9,2022-09-01,Centro-Oeste,MT,Cuiabá,26.6,33.6,20.3,21.3,50.3,33.6,1,Alto
2022,9,2022-09-01,Centro-Oeste,MS,Campo Grande,32.7,37.8,27.3,151.5,66.3,22.1,1,Baixo
2022,9,2022-09-01,Sudeste,SP,São Paulo,21.4,27.6,18.1,117.8,78.8,3.3,4,Alto
2022,9,2022-09-01,Sudeste,SP,Campinas,20.6,24.4,16.9,66.4,52.1,22.3,3,Baixo
2022,9,2022-09-01,Sudeste,SP,Ribeirão Preto,27.2,34.2,20.7,97.2,67.2,31.1,5,Alto
2022,9,2022-09-01,Sudeste,RJ,Rio de Janeiro,24.3,31.8,18.4,92.1,43.0,27.7,2,Crítico
2022,9,2022-09-01,Sudeste,RJ,Niterói,26.2,32.2,21.5,106.3,94.8,33.0,1,Alto
2022,9,2022-09-01,Sudeste,RJ,Nova Iguaçu,21.7,27.3,17.0,252.0,80.6,23.1,2,Crítico
2022,9,2022-09-01,Sudeste,RJ,Petrópolis,31.3,36.0,24.3,66.1,77.8,33.0,2,Alto
2022,9,2022-09-01,Sudeste,MG,Belo Horizonte,29.2,35.3,25.7,35.9,69.5,4.0,1,Alto
2022,9,2022-09-01,Sudeste,MG,Uberlândia,22.3,30.0,18.9,72.3,91.0,15.8,2,Baixo
2022,9,2022-09-01,Sudeste,MG,Juiz de Fora,23.3,26.3,18.4,120.3,43.0,16.6,3,Baixo
2022,9,2022-09-01,Sudeste,ES,Vitória,24.3,28.6,20.2,105.0,45.4,33.8,2,Alto
2022,9,2022-09-01,Sudeste,ES,Vila Velha,25.3,30.0,20.7,48.3,83.6,22.5,1,Crítico
2022,9,2022-09-01,Sudeste,ES,Serra,22.2,26.1,18.7,63.0,79.3,12.2,0,Crítico
2022,9,2022-09-01,Sul,PR,Curitiba,24.4,30.3,20.8,98.4,93.4,7.0,2,Crítico
2022,9,2022-09-01,Sul,PR,Londrina,29.5,34.8,26.4,74.6,36.5,28.3,1,Alto
2022,9,2022-09-01,Sul,SC,Florianópolis,24.2,30.0,18.7,108.9,75.2,10.5,1,Crítico
2022,9,2022-09-01,Sul,SC,Joinville,30.8,37.8,26.3,161.5,40.7,35.0,2,Crítico
2022,9,2022-09-01,Sul,RS,Porto Alegre,30.7,33.8,26.9,171.6,82.6,33.4,3,Alto
2022,9,2022-09-01,Sul,RS,Caxias do Sul,30.0,37.0,26.0,161.5,96.3,30.5,1,Baixo
2022,10,2022-10-01,Norte,AM,Manaus,21.7,27.5,18.7,28.5,70.8,30.0,1,Médio
2022,10,2022-10-01,Norte,PA,Belém,22.3,26.0,17.0,125.5,52.0,17.5,3,Crítico
2022,10,2022-10-01,Norte,PA,Santarém,23.6,28.8,19.8,114.1,87.6,33.1,1,Alto
2022,10,2022-10-01,Norte,RO,Porto Velho,30.1,36.3,24.3,39.6,90.5,17.4,3,Crítico
2022,10,2022-10-01,Norte,TO,Palmas,30.8,37.4,27.5,72.4,39.0,16.4,3,Crítico
2022,10,2022-10-01,Nordeste,BA,Salvador,28.4,34.1,21.6,293.5,67.2,6.4,2,Médio
2022,10,2022-10-01,Nordeste,BA,Feira de Santana,22.6,30.0,17.1,53.6,76.2,5.5,2,Baixo
2022,10,2022-10-01,Nordeste,PE,Recife,25.5,32.3,18.8,97.6,65.5,10.4,0,Alto
2022,10,2022-10-01,Nordeste,PE,Jaboatão dos Guararapes,26.6,31.7,20.9,90.2,76.3,19.9,2,Médio
2022,10,2022-10-01,Nordeste,CE,Fortaleza,27.7,35.6,23.0,93.8,58.0,21.2,2,Médio
2022,10,2022-10-01,Nordeste,CE,Juazeiro do Norte,24.7,29.2,19.2,58.7,37.8,22.9,1,Baixo
2022,10,2022-10-01,Nordeste,MA,São Luís,28.7,33.9,22.4,118.6,86.5,31.0,3,Baixo
2022,10,2022-10-01,Nordeste,PB,João Pessoa,32.4,38.9,27.8,74.2,66.7,26.7,2,Médio
2022,10,2022-10-01,Centro-Oeste,DF,Brasília,24.3,30.3,17.9,130.7,52.7,17.7,1,Médio
2022,10,2022-10-01,Centro-Oeste,GO,Goiânia,29.3,33.2,23.8,101.1,77.9,10.8,1,Médio
2022,10,2022-10-01,Centro-Oeste,GO,Aparecida de Goiânia,28.5,35.3,25.2,112.7,79.2,8.2,3,Baixo
2022,10,2022-10-01,Centro-Oeste,MT,Cuiabá,24.0,28.1,17.3,82.7,97.0,30.9,2,Alto
2022,10,2022-10-01,Centro-Oeste,MS,Campo Grande,23.7,29.8,18.1,138.9,72.0,31.9,0,Crítico
2022,10,2022-10-01,Sudeste,SP,São Paulo,27.9,32.6,24.7,123.8,57.4,33.1,1,Alto
2022,10,2022-10-01,Sudeste,SP,Campinas,18.4,23.5,13.5,30.2,89.3,3.4,1,Crítico
2022,10,2022-10-01,Sudeste,SP,Ribeirão Preto,20.0,24.1,16.7,114.6,85.5,12.0,1,Alto
2022,10,2022-10-01,Sudeste,RJ,Rio de Janeiro,22.3,30.0,18.2,104.9,73.2,18.1,2,Baixo
2022,10,2022-10-01,Sudeste,RJ,Niterói,24.8,29.1,18.8,115.7,64.0,4.7,3,Baixo
2022,10,2022-10-01,Sudeste,RJ,Nova Iguaçu,23.2,26.5,19.5,161.4,81.1,32.5,3,Médio
2022,10,2022-10-01,Sudeste,RJ,Petrópolis,23.4,29.1,17.5,76.8,65.0,32.8,3,Médio
2022,10,2022-10-01,Sudeste,MG,Belo Horizonte,25.3,31.3,21.4,59.1,96.3,18.3,4,Alto
2022,10,2022-10-01,Sudeste,MG,Uberlândia,25.8,31.7,19.1,169.9,42.3,2.0,2,Baixo
2022,10,2022-10-01,Sudeste,MG,Juiz de Fora,25.7,29.5,19.2,109.5,61.6,6.4,2,Crítico
2022,10,2022-10-01,Sudeste,ES,Vitória,24.0,30.3,17.5,59.4,52.7,34.2,0,Alto
2022,10,2022-10-01,Sudeste,ES,Vila Velha,22.8,26.9,18.2,141.3,65.8,7.8,2,Crítico
2022,10,2022-10-01,Sudeste,ES,Serra,26.9,31.7,23.0,76.8,41.5,31.1,1,Baixo
2022,10,2022-10-01,Sul,PR,Curitiba,25.7,28.8,20.6,130.5,78.3,25.9,3,Crítico
2022,10,2022-10-01,Sul,PR,Londrina,26.6,31.0,19.8,30.5,38.7,11.6,4,Médio
2022,10,2022-10-01,Sul,SC,Florianópolis,22.3,29.2,16.4,83.9,67.1,7.5,2,Crítico
2022,10,2022-10-01,Sul,SC,Joinville,30.5,36.1,25.7,53.3,76.6,20.1,2,Médio
2022,10,2022-10-01,Sul,RS,Porto Alegre,29.3,36.8,25.7,93.4,97.4,13.5,3,Médio
2022,10,2022-10-01,Sul,RS,Caxias do Sul,28.6,35.9,21.9,106.6,48.9,14.4,2,Médio
2022,11,2022-11-01,Norte,AM,Manaus,25.2,30.0,20.7,111.8,35.3,12.7,2,Crítico
2022,11,2022-11-01,Norte,PA,Belém,22.9,27.8,18.0,156.5,48.7,9.0,3,Crítico
2022,11,2022-11-01,Norte,PA,Santarém,23.2,29.8,19.6,135.2,50.7,29.1,4,Crítico
2022,11,2022-11-01,Norte,RO,Porto Velho,24.1,31.3,19.4,48.6,70.2,7.4,2,Crítico
2022,11,2022-11-01,Norte,TO,Palmas,28.9,34.3,25.3,200.5,82.5,33.3,0,Baixo
2022,11,2022-11-01,Nordeste,BA,Salvador,28.5,31.7,24.7,157.2,76.8,20.6,2,Alto
2022,11,2022-11-01,Nordeste,BA,Feira de Santana,15.8,23.6,11.6,119.4,95.8,25.8,2,Crítico
2022,11,2022-11-01,Nordeste,PE,Recife,20.4,26.0,14.9,79.3,65.0,16.5,1,Crítico
2022,11,2022-11-01,Nordeste,PE,Jaboatão dos Guararapes,19.8,26.2,14.5,61.9,51.0,3.5,3,Médio
2022,11,2022-11-01,Nordeste,CE,Fortaleza,25.3,32.8,18.4,205.0,90.5,9.8,5,Alto
2022,11,2022-11-01,Nordeste,CE,Juazeiro do Norte,35.5,42.0,30.5,193.8,37.4,10.3,2,Médio
2022,11,2022-11-01,Nordeste,MA,São Luís,23.3,29.9,19.5,78.3,83.4,20.9,1,Baixo
2022,11,2022-11-01,Nordeste,PB,João Pessoa,26.9,33.1,20.8,94.2,72.5,10.4,7,Crítico
2022,11,2022-11-01,Centro-Oeste,DF,Brasília,27.8,30.8,22.2,101.7,53.6,30.0,0,Crítico
2022,11,2022-11-01,Centro-Oeste,GO,Goiânia,29.5,36.7,25.0,99.2,80.3,6.7,2,Crítico
2022,11,2022-11-01,Centro-Oeste,GO,Aparecida de Goiânia,28.9,32.1,23.6,145.3,88.3,14.2,1,Alto
2022,11,2022-11-01,Centro-Oeste,MT,Cuiabá,30.5,37.8,27.0,95.1,61.0,32.0,1,Alto
2022,11,2022-11-01,Centro-Oeste,MS,Campo Grande,22.0,26.6,18.1,30.2,88.9,4.6,3,Médio
2022,11,2022-11-01,Sudeste,SP,São Paulo,21.0,28.3,16.1,114.8,86.5,24.6,2,Baixo
2022,11,2022-11-01,Sudeste,SP,Campinas,24.1,29.4,21.0,64.8,55.4,33.9,2,Baixo
2022,11,2022-11-01,Sudeste,SP,Ribeirão Preto,24.2,28.2,18.3,172.9,45.3,25.2,2,Baixo
2022,11,2022-11-01,Sudeste,RJ,Rio de Janeiro,27.9,35.0,23.2,55.6,88.6,11.4,0,Alto
2022,11,2022-11-01,Sudeste,RJ,Niterói,21.3,24.4,16.4,175.7,77.0,17.8,0,Crítico
2022,11,2022-11-01,Sudeste,RJ,Nova Iguaçu,22.2,28.2,18.6,39.5,51.5,8.4,3,Baixo
2022,11,2022-11-01,Sudeste,RJ,Petrópolis,26.1,32.2,20.8,20.6,46.9,2.9,2,Crítico
2022,11,2022-11-01,Sudeste,MG,Belo Horizonte,25.5,29.5,18.7,124.6,62.0,11.7,3,Baixo
2022,11,2022-11-01,Sudeste,MG,Uberlândia,27.4,33.1,22.3,93.1,43.0,25.6,1,Alto
2022,11,2022-11-01,Sudeste,MG,Juiz de Fora,22.3,28.0,15.5,141.9,56.4,6.1,1,Alto
2022,11,2022-11-01,Sudeste,ES,Vitória,25.4,30.4,21.3,129.2,69.3,31.2,2,Crítico
2022,11,2022-11-01,Sudeste,ES,Vila Velha,30.8,34.4,24.8,138.5,54.2,11.3,1,Alto
2022,11,2022-11-01,Sudeste,ES,Serra,23.1,28.7,16.8,195.5,59.3,34.1,1,Crítico
2022,11,2022-11-01,Sul,PR,Curitiba,24.0,31.0,17.2,301.6,84.8,14.0,1,Crítico
2022,11,2022-11-01,Sul,PR,Londrina,28.1,34.9,24.6,70.7,94.8,21.0,1,Médio
2022,11,2022-11-01,Sul,SC,Florianópolis,28.4,34.5,23.8,89.1,83.6,9.1,3,Crítico
2022,11,2022-11-01,Sul,SC,Joinville,25.1,31.2,20.4,45.6,78.9,9.8,1,Médio
2022,11,2022-11-01,Sul,RS,Porto Alegre,29.4,33.3,26.4,28.6,51.6,6.5,2,Alto
2022,11,2022-11-01,Sul,RS,Caxias do Sul,17.2,21.9,13.1,61.7,85.5,3.0,3,Baixo
2022,12,2022-12-01,Norte,AM,Manaus,28.2,35.3,23.6,16.1,62.6,13.0,0,Alto
2022,12,2022-12-01,Norte,PA,Belém,22.2,28.0,15.7,92.0,87.3,16.4,0,Alto
2022,12,2022-12-01,Norte,PA,Santarém,30.0,34.9,24.2,67.8,47.3,32.2,6,Médio
2022,12,2022-12-01,Norte,RO,Porto Velho,32.6,37.5,25.8,230.0,92.2,2.9,4,Alto
2022,12,2022-12-01,Norte,TO,Palmas,22.3,25.5,16.5,44.5,78.9,28.2,2,Alto
2022,12,2022-12-01,Nordeste,BA,Salvador,25.4,29.9,22.1,104.9,73.9,30.8,2,Médio
2022,12,2022-12-01,Nordeste,BA,Feira de Santana,26.8,32.3,23.4,61.3,73.1,30.2,2,Crítico
2022,12,2022-12-01,Nordeste,PE,Recife,22.3,28.7,17.6,114.3,80.0,30.0,5,Médio
2022,12,2022-12-01,Nordeste,PE,Jaboatão dos Guararapes,25.9,29.3,19.2,149.9,71.2,20.3,4,Baixo
2022,12,2022-12-01,Nordeste,CE,Fortaleza,25.4,30.2,19.3,112.5,65.8,31.7,4,Médio
2022,12,2022-12-01,Nordeste,CE,Juazeiro do Norte,28.1,36.0,23.3,33.9,81.6,6.8,1,Médio
2022,12,2022-12-01,Nordeste,MA,São Luís,26.4,31.3,21.3,102.6,50.0,11.1,2,Alto
2022,12,2022-12-01,Nordeste,PB,João Pessoa,18.3,24.7,12.6,111.2,60.4,11.3,5,Crítico
2022,12,2022-12-01,Centro-Oeste,DF,Brasília,24.7,28.7,21.1,119.4,50.9,29.0,4,Crítico
2022,12,2022-12-01,Centro-Oeste,GO,Goiânia,26.7,31.9,20.6,44.3,35.8,3.6,0,Crítico
2022,12,2022-12-01,Centro-Oeste,GO,Aparecida de Goiânia,23.6,29.8,18.5,80.3,91.2,29.1,3,Baixo
2022,12,2022-12-01,Centro-Oeste,MT,Cuiabá,30.9,36.5,24.3,53.4,42.9,13.3,4,Crítico
2022,12,2022-12-01,Centro-Oeste,MS,Campo Grande,23.6,29.7,19.2,75.0,65.3,23.6,4,Médio
2022,12,2022-12-01,Sudeste,SP,São Paulo,27.8,33.3,22.0,138.5,79.7,21.0,1,Baixo
2022,12,2022-12-01,Sudeste,SP,Campinas,24.6,31.6,20.2,92.1,93.9,30.4,0,Médio
2022,12,2022-12-01,Sudeste,SP,Ribeirão Preto,27.7,32.6,23.6,71.3,45.0,9.7,2,Baixo
2022,12,2022-12-01,Sudeste,RJ,Rio de Janeiro,22.3,29.8,18.1,256.7,62.3,33.7,6,Alto
2022,12,2022-12-01,Sudeste,RJ,Niterói,20.8,25.4,13.8,60.0,63.6,32.3,1,Médio
2022,12,2022-12-01,Sudeste,RJ,Nova Iguaçu,25.3,32.4,22.1,200.5,71.3,22.3,4,Alto
2022,12,2022-12-01,Sudeste,RJ,Petrópolis,20.9,28.8,14.8,35.2,89.9,21.2,1,Crítico
2022,12,2022-12-01,Sudeste,MG,Belo Horizonte,21.0,27.6,17.4,60.5,53.4,5.9,3,Baixo
2022,12,2022-12-01,Sudeste,MG,Uberlândia,17.3,20.4,13.6,120.4,42.8,3.9,2,Baixo
2022,12,2022-12-01,Sudeste,MG,Juiz de Fora,24.9,30.5,19.4,117.0,87.6,25.9,2,Médio
2022,12,2022-12-01,Sudeste,ES,Vitória,20.9,28.7,14.9,66.5,37.0,4.6,2,Crítico
2022,12,2022-12-01,Sudeste,ES,Vila Velha,27.5,30.9,22.8,186.7,86.3,27.5,1,Alto
2022,12,2022-12-01,Sudeste,ES,Serra,24.8,31.6,18.6,127.0,52.8,29.4,4,Alto
2022,12,2022-12-01,Sul,PR,Curitiba,30.4,36.6,24.2,112.1,94.3,34.9,3,Alto
2022,12,2022-12-01,Sul,PR,Londrina,27.1,32.8,22.9,171.5,87.7,16.5,1,Médio
2022,12,2022-12-01,Sul,SC,Florianópolis,20.9,26.8,15.7,85.8,68.4,3.2,4,Baixo
2022,12,2022-12-01,Sul,SC,Joinville,21.9,29.4,18.4,201.0,35.6,30.5,6,Médio
2022,12,2022-12-01,Sul,RS,Porto Alegre,25.7,29.5,22.5,64.0,49.5,23.3,3,Baixo
2022,12,2022-12-01,Sul,RS,Caxias do Sul,22.9,27.5,19.7,88.7,68.6,13.4,4,Crítico
2023,1,2023-01-01,Norte,AM,Manaus,17.5,21.3,13.0,53.3,54.0,21.4,4,Médio
2023,1,2023-01-01,Norte,PA,Belém,23.0,30.4,17.0,24.3,51.6,34.9,2,Alto
2023,1,2023-01-01,Norte,PA,Santarém,28.1,35.6,22.2,61.0,89.6,2.4,1,Alto
2023,1,2023-01-01,Norte,RO,Porto Velho,17.2,25.0,11.6,128.4,35.0,28.4,3,Médio
2023,1,2023-01-01,Norte,TO,Palmas,25.0,29.4,21.9,68.6,67.0,4.5,1,Médio
2023,1,2023-01-01,Nordeste,BA,Salvador,24.3,27.7,18.6,39.7,55.1,9.9,1,Crítico
2023,1,2023-01-01,Nordeste,BA,Feira de Santana,21.7,26.4,17.7,34.6,69.5,13.6,2,Médio
2023,1,2023-01-01,Nordeste,PE,Recife,28.6,32.7,22.1,188.6,47.2,9.7,1,Alto
2023,1,2023-01-01,Nordeste,PE,Jaboatão dos Guararapes,30.5,33.5,25.0,16.2,74.3,24.7,2,Crítico
2023,1,2023-01-01,Nordeste,CE,Fortaleza,28.9,33.1,22.0,63.9,66.0,29.3,0,Médio
2023,1,2023-01-01,Nordeste,CE,Juazeiro do Norte,25.7,32.2,19.2,40.8,78.4,12.9,4,Alto
2023,1,2023-01-01,Nordeste,MA,São Luís,31.0,34.5,24.7,125.7,96.1,4.7,3,Alto
2023,1,2023-01-01,Nordeste,PB,João Pessoa,31.2,36.7,27.8,105.1,50.3,19.5,3,Médio
2023,1,2023-01-01,Centro-Oeste,DF,Brasília,20.7,24.1,13.8,121.5,97.4,2.5,0,Médio
2023,1,2023-01-01,Centro-Oeste,GO,Goiânia,21.5,29.5,16.6,109.9,63.6,28.0,0,Crítico
2023,1,2023-01-01,Centro-Oeste,GO,Aparecida de Goiânia,33.4,37.4,29.9,110.1,46.5,13.7,0,Baixo
2023,1,2023-01-01,Centro-Oeste,MT,Cuiabá,22.5,27.0,19.1,39.0,86.8,8.6,2,Médio
2023,1,2023-01-01,Centro-Oeste,MS,Campo Grande,25.5,30.3,21.2,200.5,53.5,16.9,1,Médio
2023,1,2023-01-01,Sudeste,SP,São Paulo,24.9,30.2,20.0,81.5,78.8,29.4,3,Baixo
2023,1,2023-01-01,Sudeste,SP,Campinas,27.4,31.5,21.9,59.9,92.6,5.1,3,Médio
2023,1,2023-01-01,Sudeste,SP,Ribeirão Preto,13.5,16.6,8.0,33.5,70.1,15.2,2,Crítico
2023,1,2023-01-01,Sudeste,RJ,Rio de Janeiro,26.6,30.6,20.2,198.0,85.1,12.9,2,Médio
2023,1,2023-01-01,Sudeste,RJ,Niterói,25.8,29.4,19.8,38.9,89.9,21.6,1,Crítico
2023,1,2023-01-01,Sudeste,RJ,Nova Iguaçu,33.2,41.1,26.7,37.7,68.5,25.8,0,Crítico
2023,1,2023-01-01,Sudeste,RJ,Petrópolis,27.0,32.0,21.3,158.0,80.7,19.4,2,Crítico
2023,1,2023-01-01,Sudeste,MG,Belo Horizonte,30.2,35.7,25.7,150.9,77.2,23.7,4,Baixo
2023,1,2023-01-01,Sudeste,MG,Uberlândia,25.8,31.8,21.6,319.5,43.0,33.5,3,Baixo
2023,1,2023-01-01,Sudeste,MG,Juiz de Fora,24.6,29.7,18.8,122.6,51.6,10.2,2,Crítico
2023,1,2023-01-01,Sudeste,ES,Vitória,24.1,27.5,18.5,63.9,75.9,7.4,0,Baixo
2023,1,2023-01-01,Sudeste,ES,Vila Velha,27.1,32.0,20.5,68.1,40.2,29.4,5,Alto
2023,1,2023-01-01,Sudeste,ES,Serra,29.4,36.1,24.8,58.3,83.9,9.3,0,Alto
2023,1,2023-01-01,Sul,PR,Curitiba,22.2,27.2,18.0,129.0,54.8,6.9,3,Crítico
2023,1,2023-01-01,Sul,PR,Londrina,27.4,35.0,20.7,144.9,78.7,27.4,2,Médio
2023,1,2023-01-01,Sul,SC,Florianópolis,27.0,32.3,20.6,95.8,86.1,22.6,2,Médio
2023,1,2023-01-01,Sul,SC,Joinville,19.3,25.3,14.0,109.4,77.1,23.7,1,Crítico
2023,1,2023-01-01,Sul,RS,Porto Alegre,26.2,32.2,20.1,83.0,84.9,2.8,2,Alto
2023,1,2023-01-01,Sul,RS,Caxias do Sul,28.6,33.7,22.4,151.0,94.8,12.5,3,Crítico
2023,2,2023-02-01,Norte,AM,Manaus,29.6,36.8,23.7,60.8,40.1,25.5,3,Médio
2023,2,2023-02-01,Norte,PA,Belém,32.4,35.7,29.3,30.4,64.0,18.6,2,Alto
2023,2,2023-02-01,Norte,PA,Santarém,29.2,35.2,24.0,42.7,43.3,33.8,3,Alto
2023,2,2023-02-01,Norte,RO,Porto Velho,21.2,24.7,16.7,49.7,54.4,13.9,4,Crítico
2023,2,2023-02-01,Norte,TO,Palmas,24.4,28.2,17.6,42.5,84.8,19.4,3,Baixo
2023,2,2023-02-01,Nordeste,BA,Salvador,20.8,25.8,15.9,129.2,54.9,3.6,3,Médio
2023,2,2023-02-01,Nordeste,BA,Feira de Santana,25.3,28.6,21.2,269.6,80.7,29.1,4,Crítico
2023,2,2023-02-01,Nordeste,PE,Recife,16.3,22.8,11.4,203.8,49.1,32.5,0,Médio
2023,2,2023-02-01,Nordeste,PE,Jaboatão dos Guararapes,26.4,34.4,20.6,101.4,90.3,20.4,2,Baixo
2023,2,2023-02-01,Nordeste,CE,Fortaleza,31.1,38.2,27.6,60.4,94.2,25.8,1,Alto
2023,2,2023-02-01,Nordeste,CE,Juazeiro do Norte,23.3,26.6,18.5,243.5,62.3,9.0,2,Crítico
2023,2,2023-02-01,Nordeste,MA,São Luís,26.4,29.8,20.4,95.0,92.9,29.6,2,Médio
2023,2,2023-02-01,Nordeste,PB,João Pessoa,20.4,26.9,13.9,189.0,41.3,6.4,1,Crítico
2023,2,2023-02-01,Centro-Oeste,DF,Brasília,17.4,21.6,13.0,84.5,91.7,5.8,2,Médio
2023,2,2023-02-01,Centro-Oeste,GO,Goiânia,23.7,30.2,18.9,229.0,89.1,17.7,2,Crítico
2023,2,2023-02-01,Centro-Oeste,GO,Aparecida de Goiânia,26.7,31.1,19.8,395.4,61.7,10.3,3,Alto
2023,2,2023-02-01,Centro-Oeste,MT,Cuiabá,26.2,29.3,19.9,171.8,57.9,8.1,2,Crítico
2023,2,2023-02-01,Centro-Oeste,MS,Campo Grande,28.7,33.3,22.4,69.7,46.7,3.1,3,Baixo
2023,2,2023-02-01,Sudeste,SP,São Paulo,23.1,28.2,19.2,113.0,84.6,15.1,0,Médio
2023,2,2023-02-01,Sudeste,SP,Campinas,17.2,23.0,14.1,40.7,80.4,17.3,1,Crítico
2023,2,2023-02-01,Sudeste,SP,Ribeirão Preto,24.6,30.8,18.3,208.3,60.0,28.8,5,Médio
2023,2,2023-02-01,Sudeste,RJ,Rio de Janeiro,18.7,22.1,12.6,151.9,50.0,24.5,3,Alto
2023,2,2023-02-01,Sudeste,RJ,Niterói,26.6,31.2,21.3,59.8,35.4,26.8,3,Médio
2023,2,2023-02-01,Sudeste,RJ,Nova Iguaçu,31.0,38.5,27.8,109.5,62.3,3.3,4,Alto
2023,2,2023-02-01,Sudeste,RJ,Petrópolis,31.7,37.6,26.9,28.3,47.2,34.6,3,Baixo
2023,2,2023-02-01,Sudeste,MG,Belo Horizonte,21.1,24.9,17.1,49.7,65.8,12.0,1,Baixo
2023,2,2023-02-01,Sudeste,MG,Uberlândia,23.2,27.5,20.1,125.0,39.0,2.4,1,Médio
2023,2,2023-02-01,Sudeste,MG,Juiz de Fora,24.7,32.6,17.9,118.6,82.1,23.3,0,Crítico
2023,2,2023-02-01,Sudeste,ES,Vitória,24.9,31.8,18.1,109.5,72.8,13.9,3,Médio
2023,2,2023-02-01,Sudeste,ES,Vila Velha,23.4,28.7,19.7,42.3,40.5,12.1,0,Crítico
2023,2,2023-02-01,Sudeste,ES,Serra,26.1,30.4,20.8,74.4,71.2,3.1,5,Alto
2023,2,2023-02-01,Sul,PR,Curitiba,34.3,38.3,27.7,195.3,68.0,5.7,4,Médio
2023,2,2023-02-01,Sul,PR,Londrina,27.2,34.3,22.4,174.0,68.5,21.2,0,Médio
2023,2,2023-02-01,Sul,SC,Florianópolis,23.9,28.9,19.8,26.8,36.4,6.8,3,Crítico
2023,2,2023-02-01,Sul,SC,Joinville,24.3,32.2,18.8,139.1,91.3,30.9,2,Baixo
2023,2,2023-02-01,Sul,RS,Porto Alegre,22.3,30.0,18.3,58.9,70.8,16.1,1,Alto
2023,2,2023-02-01,Sul,RS,Caxias do Sul,27.2,34.2,20.2,114.4,37.9,6.4,2,Baixo
2023,3,2023-03-01,Norte,AM,Manaus,27.6,35.3,21.5,49.6,91.8,21.3,3,Médio
2023,3,2023-03-01,Norte,PA,Belém,24.7,32.5,20.3,40.5,62.7,33.9,7,Crítico
2023,3,2023-03-01,Norte,PA,Santarém,20.6,24.8,14.4,8.2,63.8,23.8,4,Baixo
2023,3,2023-03-01,Norte,RO,Porto Velho,24.9,30.8,21.3,60.3,61.2,34.2,2,Crítico
2023,3,2023-03-01,Norte,TO,Palmas,22.3,28.5,18.9,171.1,55.4,31.3,0,Alto
2023,3,2023-03-01,Nordeste,BA,Salvador,22.4,27.6,18.8,153.0,93.4,11.5,2,Baixo
2023,3,2023-03-01,Nordeste,BA,Feira de Santana,21.0,28.7,17.3,187.8,40.8,28.3,0,Baixo
2023,3,2023-03-01,Nordeste,PE,Recife,25.3,30.8,20.4,73.7,37.8,5.8,3,Médio
2023,3,2023-03-01,Nordeste,PE,Jaboatão dos Guararapes,24.9,31.4,20.1,149.6,97.4,15.8,1,Médio
2023,3,2023-03-01,Nordeste,CE,Fortaleza,17.1,20.4,11.3,113.8,50.4,18.1,1,Médio
2023,3,2023-03-01,Nordeste,CE,Juazeiro do Norte,20.0,24.7,15.0,148.2,78.3,9.3,1,Baixo
2023,3,2023-03-01,Nordeste,MA,São Luís,26.6,31.7,22.1,148.8,61.9,18.2,1,Baixo
2023,3,2023-03-01,Nordeste,PB,João Pessoa,27.0,33.2,20.1,67.6,41.4,10.4,1,Alto
2023,3,2023-03-01,Centro-Oeste,DF,Brasília,23.4,29.2,17.4,89.6,85.6,13.1,2,Médio
2023,3,2023-03-01,Centro-Oeste,GO,Goiânia,28.8,36.1,22.2,166.6,65.5,2.3,2,Baixo
2023,3,2023-03-01,Centro-Oeste,GO,Aparecida de Goiânia,28.6,32.8,22.9,155.3,50.6,7.6,1,Baixo
2023,3,2023-03-01,Centro-Oeste,MT,Cuiabá,25.9,32.1,19.2,64.6,72.1,5.8,4,Crítico
2023,3,2023-03-01,Centro-Oeste,MS,Campo Grande,20.2,27.6,13.9,89.4,76.9,11.6,4,Alto
2023,3,2023-03-01,Sudeste,SP,São Paulo,21.0,25.9,14.1,141.9,75.1,19.1,3,Médio
2023,3,2023-03-01,Sudeste,SP,Campinas,24.1,29.1,20.0,147.4,47.9,20.8,2,Alto
2023,3,2023-03-01,Sudeste,SP,Ribeirão Preto,27.7,33.7,21.0,54.3,96.1,28.1,4,Médio
2023,3,2023-03-01,Sudeste,RJ,Rio de Janeiro,21.0,24.3,15.0,200.3,89.1,10.0,1,Alto
2023,3,2023-03-01,Sudeste,RJ,Niterói,22.6,26.0,18.8,19.7,74.3,27.6,0,Crítico
2023,3,2023-03-01,Sudeste,RJ,Nova Iguaçu,23.2,30.5,17.0,93.7,97.3,21.2,1,Médio
2023,3,2023-03-01,Sudeste,RJ,Petrópolis,28.0,34.7,23.8,46.3,78.4,29.0,0,Médio
2023,3,2023-03-01,Sudeste,MG,Belo Horizonte,27.2,31.4,22.2,169.4,40.8,12.4,0,Alto
2023,3,2023-03-01,Sudeste,MG,Uberlândia,24.7,30.7,19.4,51.5,94.7,11.3,1,Alto
2023,3,2023-03-01,Sudeste,MG,Juiz de Fora,25.8,30.3,19.8,144.0,84.3,14.2,1,Médio
2023,3,2023-03-01,Sudeste,ES,Vitória,23.5,30.9,20.3,141.9,40.6,7.2,1,Médio
2023,3,2023-03-01,Sudeste,ES,Vila Velha,26.9,30.7,22.3,106.2,62.1,23.4,2,Crítico
2023,3,2023-03-01,Sudeste,ES,Serra,28.7,32.6,24.8,264.0,96.5,4.6,1,Baixo
2023,3,2023-03-01,Sul,PR,Curitiba,24.7,28.2,20.7,84.3,91.7,10.6,0,Baixo
2023,3,2023-03-01,Sul,PR,Londrina,32.7,38.9,28.2,141.7,66.5,12.9,1,Alto
2023,3,2023-03-01,Sul,SC,Florianópolis,22.9,26.1,18.2,72.4,58.8,24.9,3,Médio
2023,3,2023-03-01,Sul,SC,Joinville,36.0,40.3,32.5,157.2,79.4,21.9,6,Crítico
2023,3,2023-03-01,Sul,RS,Porto Alegre,26.4,32.5,20.2,101.2,70.2,10.4,1,Alto
2023,3,2023-03-01,Sul,RS,Caxias do Sul,34.9,41.8,31.5,87.2,55.8,32.0,2,Médio
2023,4,2023-04-01,Norte,AM,Manaus,23.8,28.4,18.1,92.5,80.8,11.9,1,Médio
2023,4,2023-04-01,Norte,PA,Belém,23.2,26.5,19.3,176.6,55.8,31.8,4,Crítico
2023,4,2023-04-01,Norte,PA,Santarém,24.3,30.3,20.8,67.0,52.5,12.1,0,Baixo
2023,4,2023-04-01,Norte,RO,Porto Velho,19.0,25.9,13.3,126.2,45.9,24.5,2,Médio
2023,4,2023-04-01,Norte,TO,Palmas,25.0,30.9,21.9,111.6,87.2,5.2,2,Alto
2023,4,2023-04-01,Nordeste,BA,Salvador,24.0,27.2,20.8,76.8,48.3,28.1,2,Baixo
2023,4,2023-04-01,Nordeste,BA,Feira de Santana,21.8,25.9,15.2,156.1,48.3,12.1,2,Médio
2023,4,2023-04-01,Nordeste,PE,Recife,29.5,33.5,24.2,24.3,53.3,4.3,0,Crítico
2023,4,2023-04-01,Nordeste,PE,Jaboatão dos Guararapes,31.0,34.3,26.9,81.5,89.3,28.0,1,Baixo
2023,4,2023-04-01,Nordeste,CE,Fortaleza,25.4,32.8,19.1,131.5,47.6,23.2,1,Crítico
2023,4,2023-04-01,Nordeste,CE,Juazeiro do Norte,21.9,28.6,15.0,180.5,59.7,5.0,1,Baixo
2023,4,2023-04-01,Nordeste,MA,São Luís,25.7,33.4,22.3,20.4,57.9,3.9,0,Médio
2023,4,2023-04-01,Nordeste,PB,João Pessoa,26.8,32.7,20.7,114.4,39.8,27.4,2,Baixo
2023,4,2023-04-01,Centro-Oeste,DF,Brasília,26.2,32.8,21.4,65.4,97.5,30.0,2,Crítico
2023,4,2023-04-01,Centro-Oeste,GO,Goiânia,24.0,27.3,17.9,117.0,76.2,20.9,3,Baixo
2023,4,2023-04-01,Centro-Oeste,GO,Aparecida de Goiânia,25.8,30.8,20.1,25.5,89.3,32.6,5,Baixo
2023,4,2023-04-01,Centro-Oeste,MT,Cuiabá,27.6,32.7,22.8,161.2,46.5,24.1,6,Baixo
2023,4,2023-04-01,Centro-Oeste,MS,Campo Grande,21.9,28.7,15.4,296.8,52.9,3.0,2,Médio
2023,4,2023-04-01,Sudeste,SP,São Paulo,27.1,32.4,23.0,131.1,59.8,16.5,0,Baixo
2023,4,2023-04-01,Sudeste,SP,Campinas,22.4,29.5,16.5,101.2,70.4,3.5,3,Baixo
2023,4,2023-04-01,Sudeste,SP,Ribeirão Preto,28.5,31.7,22.5,26.5,45.7,32.3,1,Crítico
2023,4,2023-04-01,Sudeste,RJ,Rio de Janeiro,28.2,31.6,23.6,218.8,76.9,34.7,2,Médio
2023,4,2023-04-01,Sudeste,RJ,Niterói,24.3,31.3,20.7,222.8,54.4,33.2,2,Médio
2023,4,2023-04-01,Sudeste,RJ,Nova Iguaçu,34.1,39.6,27.9,199.0,35.3,32.1,2,Alto
2023,4,2023-04-01,Sudeste,RJ,Petrópolis,25.0,30.3,18.4,152.1,86.6,20.4,1,Baixo
2023,4,2023-04-01,Sudeste,MG,Belo Horizonte,24.7,31.0,20.1,58.8,61.0,33.4,1,Alto
2023,4,2023-04-01,Sudeste,MG,Uberlândia,23.2,29.3,16.5,84.3,60.9,21.9,2,Alto
2023,4,2023-04-01,Sudeste,MG,Juiz de Fora,29.4,34.7,25.5,78.5,79.6,3.1,2,Alto
2023,4,2023-04-01,Sudeste,ES,Vitória,19.2,25.3,14.8,162.4,51.5,13.6,2,Baixo
2023,4,2023-04-01,Sudeste,ES,Vila Velha,24.8,31.4,19.9,71.3,57.9,31.5,3,Crítico
2023,4,2023-04-01,Sudeste,ES,Serra,24.1,30.0,19.7,100.6,57.6,28.0,0,Alto
2023,4,2023-04-01,Sul,PR,Curitiba,24.7,31.3,19.1,85.0,38.0,15.8,1,Baixo
2023,4,2023-04-01,Sul,PR,Londrina,29.4,36.3,25.2,147.8,57.3,34.9,2,Crítico
2023,4,2023-04-01,Sul,SC,Florianópolis,21.3,24.5,16.4,105.6,67.2,28.4,0,Alto
2023,4,2023-04-01,Sul,SC,Joinville,26.0,33.2,20.1,141.2,84.6,30.0,1,Baixo
2023,4,2023-04-01,Sul,RS,Porto Alegre,28.2,36.2,24.6,157.9,35.4,20.8,0,Baixo
2023,4,2023-04-01,Sul,RS,Caxias do Sul,28.2,34.1,23.6,47.4,47.8,30.2,2,Alto
2023,5,2023-05-01,Norte,AM,Manaus,31.9,36.4,27.5,102.3,88.0,14.9,3,Crítico
2023,5,2023-05-01,Norte,PA,Belém,23.7,27.1,18.4,150.7,45.8,20.5,2,Médio
2023,5,2023-05-01,Norte,PA,Santarém,30.3,37.8,26.2,79.1,66.2,33.8,2,Crítico
2023,5,2023-05-01,Norte,RO,Porto Velho,27.4,31.4,21.8,107.0,77.8,22.8,1,Baixo
2023,5,2023-05-01,Norte,TO,Palmas,20.2,25.8,13.9,178.5,54.8,33.2,3,Alto
2023,5,2023-05-01,Nordeste,BA,Salvador,19.5,22.7,13.4,275.6,59.5,2.7,2,Médio
2023,5,2023-05-01,Nordeste,BA,Feira de Santana,19.1,23.1,14.7,145.3,95.6,31.2,2,Crítico
2023,5,2023-05-01,Nordeste,PE,Recife,24.3,27.4,20.4,99.6,62.5,16.5,0,Baixo
2023,5,2023-05-01,Nordeste,PE,Jaboatão dos Guararapes,29.8,35.1,23.0,42.3,61.5,32.4,2,Baixo
2023,5,2023-05-01,Nordeste,CE,Fortaleza,22.5,29.5,15.7,171.0,48.9,3.1,4,Médio
2023,5,2023-05-01,Nordeste,CE,Juazeiro do Norte,24.7,30.6,21.3,155.6,39.3,11.6,0,Baixo
2023,5,2023-05-01,Nordeste,MA,São Luís,23.4,29.1,19.0,95.9,45.4,2.2,1,Alto
2023,5,2023-05-01,Nordeste,PB,João Pessoa,22.6,30.4,17.3,66.7,92.1,13.1,3,Crítico
2023,5,2023-05-01,Centro-Oeste,DF,Brasília,27.4,31.4,21.8,133.5,44.9,8.0,0,Médio
2023,5,2023-05-01,Centro-Oeste,GO,Goiânia,15.3,20.7,11.7,67.4,43.1,12.5,2,Baixo
2023,5,2023-05-01,Centro-Oeste,GO,Aparecida de Goiânia,22.4,28.4,15.7,135.9,74.9,23.8,1,Crítico
2023,5,2023-05-01,Centro-Oeste,MT,Cuiabá,25.0,31.3,20.8,41.7,76.4,9.5,1,Médio
2023,5,2023-05-01,Centro-Oeste,MS,Campo Grande,27.9,35.6,22.4,81.7,81.8,21.3,4,Médio
2023,5,2023-05-01,Sudeste,SP,São Paulo,23.3,27.8,16.8,76.3,39.8,23.8,1,Crítico
2023,5,2023-05-01,Sudeste,SP,Campinas,21.3,26.3,15.4,30.8,91.7,30.3,3,Médio
2023,5,2023-05-01,Sudeste,SP,Ribeirão Preto,18.1,24.9,12.4,77.3,87.5,33.1,0,Alto
2023,5,2023-05-01,Sudeste,RJ,Rio de Janeiro,27.1,32.9,23.3,39.7,66.2,20.5,1,Baixo
2023,5,2023-05-01,Sudeste,RJ,Niterói,19.9,23.6,13.9,281.2,55.0,8.0,2,Baixo
2023,5,2023-05-01,Sudeste,RJ,Nova Iguaçu,27.6,34.6,21.3,168.2,58.9,13.2,0,Alto
2023,5,2023-05-01,Sudeste,RJ,Petrópolis,25.2,30.5,22.0,140.5,58.6,15.1,3,Alto
2023,5,2023-05-01,Sudeste,MG,Belo Horizonte,26.2,31.1,21.5,82.1,59.9,28.4,2,Alto
2023,5,2023-05-01,Sudeste,MG,Uberlândia,32.4,39.3,27.0,170.7,72.9,4.5,2,Crítico
2023,5,2023-05-01,Sudeste,MG,Juiz de Fora,20.0,26.1,13.5,47.4,50.3,7.6,4,Baixo
2023,5,2023-05-01,Sudeste,ES,Vitória,22.6,30.4,16.3,96.1,75.5,20.2,0,Crítico
2023,5,2023-05-01,Sudeste,ES,Vila Velha,23.7,29.8,20.1,41.6,74.3,12.9,2,Médio
2023,5,2023-05-01,Sudeste,ES,Serra,26.1,29.5,20.1,180.6,49.1,9.1,1,Baixo
2023,5,2023-05-01,Sul,PR,Curitiba,28.3,33.0,21.8,102.6,91.4,3.4,2,Crítico
2023,5,2023-05-01,Sul,PR,Londrina,28.0,33.2,21.0,170.0,83.8,32.8,3,Crítico
2023,5,2023-05-01,Sul,SC,Florianópolis,30.8,35.6,24.1,83.6,95.8,30.9,0,Alto
2023,5,2023-05-01,Sul,SC,Joinville,20.8,25.3,15.2,234.0,42.0,26.0,1,Baixo
2023,5,2023-05-01,Sul,RS,Porto Alegre,29.6,37.2,24.0,63.3,84.1,22.0,2,Baixo
2023,5,2023-05-01,Sul,RS,Caxias do Sul,29.1,32.9,22.1,74.2,53.9,29.8,2,Alto
2023,6,2023-06-01,Norte,AM,Manaus,21.3,29.1,17.9,116.1,90.5,14.0,1,Alto
2023,6,2023-06-01,Norte,PA,Belém,28.2,35.8,24.9,55.9,55.4,21.7,1,Crítico
2023,6,2023-06-01,Norte,PA,Santarém,27.8,33.2,24.5,96.4,41.0,4.0,3,Médio
2023,6,2023-06-01,Norte,RO,Porto Velho,24.0,31.7,20.1,232.9,58.7,31.7,2,Crítico
2023,6,2023-06-01,Norte,TO,Palmas,23.4,31.3,17.8,14.4,81.6,3.3,4,Médio
2023,6,2023-06-01,Nordeste,BA,Salvador,18.7,23.0,13.7,32.5,44.6,22.9,1,Crítico
2023,6,2023-06-01,Nordeste,BA,Feira de Santana,14.6,20.2,8.1,170.6,44.4,24.8,1,Crítico
2023,6,2023-06-01,Nordeste,PE,Recife,21.6,24.6,18.1,70.8,71.1,21.6,6,Crítico
2023,6,2023-06-01,Nordeste,PE,Jaboatão dos Guararapes,21.4,28.0,16.3,66.9,91.7,28.9,1,Baixo
2023,6,2023-06-01,Nordeste,CE,Fortaleza,25.4,30.4,19.8,138.0,46.2,28.9,3,Baixo
2023,6,2023-06-01,Nordeste,CE,Juazeiro do Norte,24.6,32.1,19.4,162.5,59.7,14.5,3,Médio
2023,6,2023-06-01,Nordeste,MA,São Luís,28.6,34.7,22.5,89.6,85.6,5.1,1,Baixo
2023,6,2023-06-01,Nordeste,PB,João Pessoa,17.0,21.9,13.1,139.4,64.6,7.6,0,Baixo
2023,6,2023-06-01,Centro-Oeste,DF,Brasília,30.2,33.2,25.3,140.2,68.3,15.3,4,Baixo
2023,6,2023-06-01,Centro-Oeste,GO,Goiânia,21.4,27.3,15.3,185.1,36.0,33.4,3,Crítico
2023,6,2023-06-01,Centro-Oeste,GO,Aparecida de Goiânia,24.5,29.1,21.5,143.2,91.2,25.9,1,Crítico
2023,6,2023-06-01,Centro-Oeste,MT,Cuiabá,26.7,30.5,21.4,28.8,88.0,22.7,2,Alto
2023,6,2023-06-01,Centro-Oeste,MS,Campo Grande,28.5,33.7,25.3,227.8,57.7,8.1,3,Crítico
2023,6,2023-06-01,Sudeste,SP,São Paulo,25.0,32.0,18.5,179.1,84.2,30.2,0,Crítico
2023,6,2023-06-01,Sudeste,SP,Campinas,17.6,25.3,11.8,319.5,55.4,3.9,0,Crítico
2023,6,2023-06-01,Sudeste,SP,Ribeirão Preto,27.5,34.0,24.0,132.8,62.9,11.7,3,Baixo
2023,6,2023-06-01,Sudeste,RJ,Rio de Janeiro,27.0,32.6,22.8,67.2,91.6,12.3,2,Médio
2023,6,2023-06-01,Sudeste,RJ,Niterói,23.4,28.2,19.7,91.1,44.3,10.6,1,Médio
2023,6,2023-06-01,Sudeste,RJ,Nova Iguaçu,24.8,28.8,19.7,32.7,58.7,27.7,1,Alto
2023,6,2023-06-01,Sudeste,RJ,Petrópolis,25.1,30.2,18.9,40.7,38.6,23.0,1,Médio
2023,6,2023-06-01,Sudeste,MG,Belo Horizonte,23.4,29.4,17.1,108.0,83.6,8.8,1,Alto
2023,6,2023-06-01,Sudeste,MG,Uberlândia,26.3,33.7,23.1,178.1,77.5,3.5,1,Crítico
2023,6,2023-06-01,Sudeste,MG,Juiz de Fora,18.4,21.9,14.7,111.3,60.7,8.1,1,Crítico
2023,6,2023-06-01,Sudeste,ES,Vitória,23.5,30.5,17.2,121.0,74.0,16.1,1,Baixo
2023,6,2023-06-01,Sudeste,ES,Vila Velha,22.8,26.2,16.3,154.3,54.2,26.3,2,Baixo
2023,6,2023-06-01,Sudeste,ES,Serra,20.7,24.8,16.5,19.4,66.8,19.5,2,Baixo
2023,6,2023-06-01,Sul,PR,Curitiba,28.3,33.8,23.9,139.3,83.3,15.0,1,Crítico
2023,6,2023-06-01,Sul,PR,Londrina,24.6,31.0,19.4,186.1,52.5,4.2,2,Baixo
2023,6,2023-06-01,Sul,SC,Florianópolis,26.0,32.4,19.7,34.7,49.0,34.4,1,Baixo
2023,6,2023-06-01,Sul,SC,Joinville,14.7,18.9,8.7,81.4,60.8,3.4,0,Crítico
2023,6,2023-06-01,Sul,RS,Porto Alegre,29.6,37.0,25.3,214.4,48.3,26.5,2,Alto
2023,6,2023-06-01,Sul,RS,Caxias do Sul,21.3,27.2,15.3,122.1,69.6,29.8,4,Médio
2023,7,2023-07-01,Norte,AM,Manaus,23.1,27.4,19.5,18.1,50.8,8.2,2,Baixo
2023,7,2023-07-01,Norte,PA,Belém,27.8,34.4,24.7,93.9,55.3,9.0,2,Médio
2023,7,2023-07-01,Norte,PA,Santarém,24.1,28.6,19.8,74.5,69.3,21.5,2,Baixo
2023,7,2023-07-01,Norte,RO,Porto Velho,21.6,29.0,15.6,143.3,68.0,16.6,1,Crítico
2023,7,2023-07-01,Norte,TO,Palmas,24.4,30.1,19.3,75.7,66.8,26.7,1,Crítico
2023,7,2023-07-01,Nordeste,BA,Salvador,29.7,37.5,24.8,86.0,79.2,32.2,4,Crítico
2023,7,2023-07-01,Nordeste,BA,Feira de Santana,20.7,26.6,13.7,124.5,53.7,7.6,1,Baixo
2023,7,2023-07-01,Nordeste,PE,Recife,15.7,21.4,10.5,114.8,83.0,22.6,2,Crítico
2023,7,2023-07-01,Nordeste,PE,Jaboatão dos Guararapes,25.3,28.4,20.3,59.9,88.7,6.0,0,Alto
2023,7,2023-07-01,Nordeste,CE,Fortaleza,21.1,24.4,15.2,159.3,77.2,32.7,0,Crítico
2023,7,2023-07-01,Nordeste,CE,Juazeiro do Norte,25.9,32.2,19.3,156.6,96.9,18.6,3,Médio
2023,7,2023-07-01,Nordeste,MA,São Luís,21.1,24.3,16.1,170.3,37.0,14.2,4,Crítico
2023,7,2023-07-01,Nordeste,PB,João Pessoa,25.1,32.3,21.6,300.5,90.5,25.2,1,Médio
2023,7,2023-07-01,Centro-Oeste,DF,Brasília,24.0,28.8,20.7,110.8,60.1,28.8,2,Crítico
2023,7,2023-07-01,Centro-Oeste,GO,Goiânia,27.9,31.1,21.0,200.6,80.0,17.8,4,Médio
2023,7,2023-07-01,Centro-Oeste,GO,Aparecida de Goiânia,21.6,28.7,16.0,217.6,35.9,30.4,0,Médio
2023,7,2023-07-01,Centro-Oeste,MT,Cuiabá,30.3,34.9,26.7,81.6,69.3,8.6,2,Baixo
2023,7,2023-07-01,Centro-Oeste,MS,Campo Grande,19.5,26.1,14.2,119.7,97.1,31.4,5,Crítico
2023,7,2023-07-01,Sudeste,SP,São Paulo,27.2,30.5,21.7,50.3,65.2,11.5,2,Crítico
2023,7,2023-07-01,Sudeste,SP,Campinas,28.5,33.9,23.7,85.6,65.7,26.4,1,Baixo
2023,7,2023-07-01,Sudeste,SP,Ribeirão Preto,30.3,35.1,23.7,52.6,86.8,11.5,1,Crítico
2023,7,2023-07-01,Sudeste,RJ,Rio de Janeiro,30.0,34.4,26.4,39.9,36.3,2.5,2,Médio
2023,7,2023-07-01,Sudeste,RJ,Niterói,12.8,17.3,7.1,118.6,84.4,20.2,3,Crítico
2023,7,2023-07-01,Sudeste,RJ,Nova Iguaçu,27.9,34.7,24.6,73.6,35.7,13.2,2,Crítico
2023,7,2023-07-01,Sudeste,RJ,Petrópolis,22.7,28.2,18.2,138.9,58.0,24.3,1,Crítico
2023,7,2023-07-01,Sudeste,MG,Belo Horizonte,20.0,23.2,15.1,50.2,41.5,8.1,0,Baixo
2023,7,2023-07-01,Sudeste,MG,Uberlândia,20.8,28.2,17.2,43.3,44.9,31.1,3,Médio
2023,7,2023-07-01,Sudeste,MG,Juiz de Fora,26.2,33.2,22.4,136.0,89.7,32.4,1,Alto
2023,7,2023-07-01,Sudeste,ES,Vitória,25.9,33.1,21.1,64.9,90.2,22.6,3,Crítico
2023,7,2023-07-01,Sudeste,ES,Vila Velha,22.4,25.7,15.6,61.1,75.0,34.8,5,Alto
2023,7,2023-07-01,Sudeste,ES,Serra,33.9,39.6,28.0,52.6,41.5,32.4,2,Alto
2023,7,2023-07-01,Sul,PR,Curitiba,24.4,30.6,20.5,25.3,92.9,26.7,4,Alto
2023,7,2023-07-01,Sul,PR,Londrina,20.5,28.2,17.4,83.6,37.4,30.2,3,Baixo
2023,7,2023-07-01,Sul,SC,Florianópolis,26.7,31.8,22.9,155.2,39.9,7.4,1,Alto
2023,7,2023-07-01,Sul,SC,Joinville,14.7,18.4,10.6,100.1,88.9,20.4,4,Alto
2023,7,2023-07-01,Sul,RS,Porto Alegre,24.4,31.3,19.1,117.1,52.4,4.9,1,Baixo
2023,7,2023-07-01,Sul,RS,Caxias do Sul,23.2,27.0,17.0,41.8,93.8,34.1,1,Médio
2023,8,2023-08-01,Norte,AM,Manaus,35.4,41.5,29.9,104.9,74.4,28.3,4,Médio
2023,8,2023-08-01,Norte,PA,Belém,21.7,28.7,17.5,109.3,83.6,28.7,3,Alto
2023,8,2023-08-01,Norte,PA,Santarém,22.5,26.9,15.7,133.9,95.8,26.7,2,Baixo
2023,8,2023-08-01,Norte,RO,Porto Velho,26.9,33.4,21.8,36.3,52.0,11.9,1,Alto
2023,8,2023-08-01,Norte,TO,Palmas,23.1,29.8,18.9,268.0,72.8,27.0,1,Crítico
2023,8,2023-08-01,Nordeste,BA,Salvador,22.6,27.9,16.5,180.8,97.8,12.6,3,Alto
2023,8,2023-08-01,Nordeste,BA,Feira de Santana,17.4,24.3,10.5,104.6,86.5,3.3,1,Alto
2023,8,2023-08-01,Nordeste,PE,Recife,27.7,32.8,22.9,51.7,47.8,17.8,2,Crítico
2023,8,2023-08-01,Nordeste,PE,Jaboatão dos Guararapes,17.0,25.0,11.0,95.0,60.2,20.8,3,Baixo
2023,8,2023-08-01,Nordeste,CE,Fortaleza,22.0,28.4,18.7,46.7,56.8,28.8,3,Baixo
2023,8,2023-08-01,Nordeste,CE,Juazeiro do Norte,26.2,30.9,19.7,107.7,69.7,11.2,2,Alto
2023,8,2023-08-01,Nordeste,MA,São Luís,22.8,28.7,19.5,201.0,85.3,3.7,1,Alto
2023,8,2023-08-01,Nordeste,PB,João Pessoa,28.8,34.4,23.7,57.8,43.6,15.3,4,Baixo
2023,8,2023-08-01,Centro-Oeste,DF,Brasília,32.0,36.5,25.8,90.0,48.4,28.2,1,Baixo
2023,8,2023-08-01,Centro-Oeste,GO,Goiânia,26.6,32.4,20.6,129.3,73.9,3.0,2,Baixo
2023,8,2023-08-01,Centro-Oeste,GO,Aparecida de Goiânia,27.5,30.8,20.6,208.9,47.6,15.8,1,Crítico
2023,8,2023-08-01,Centro-Oeste,MT,Cuiabá,19.3,22.6,12.6,159.3,50.8,26.6,5,Médio
2023,8,2023-08-01,Centro-Oeste,MS,Campo Grande,15.6,19.8,9.1,71.0,52.8,7.4,2,Alto
2023,8,2023-08-01,Sudeste,SP,São Paulo,25.1,30.9,21.5,75.9,82.1,8.5,0,Médio
2023,8,2023-08-01,Sudeste,SP,Campinas,29.8,34.4,23.8,72.4,87.8,31.8,2,Médio
2023,8,2023-08-01,Sudeste,SP,Ribeirão Preto,24.0,31.8,19.4,90.1,70.5,20.0,8,Crítico
2023,8,2023-08-01,Sudeste,RJ,Rio de Janeiro,22.8,27.5,19.2,85.3,65.1,17.4,1,Crítico
2023,8,2023-08-01,Sudeste,RJ,Niterói,22.9,26.8,17.5,135.6,58.3,24.9,3,Baixo
2023,8,2023-08-01,Sudeste,RJ,Nova Iguaçu,26.2,32.8,23.2,65.2,54.6,14.2,2,Alto
2023,8,2023-08-01,Sudeste,RJ,Petrópolis,29.5,34.5,22.6,135.5,89.3,4.6,1,Alto
2023,8,2023-08-01,Sudeste,MG,Belo Horizonte,25.4,31.2,18.7,109.9,36.2,34.7,0,Médio
2023,8,2023-08-01,Sudeste,MG,Uberlândia,24.7,31.6,19.7,136.3,82.0,6.5,3,Crítico
2023,8,2023-08-01,Sudeste,MG,Juiz de Fora,23.0,28.7,19.0,83.4,45.1,34.5,6,Médio
2023,8,2023-08-01,Sudeste,ES,Vitória,26.2,33.4,19.6,83.5,69.9,25.8,2,Médio
2023,8,2023-08-01,Sudeste,ES,Vila Velha,29.7,36.6,26.0,148.1,97.8,13.1,2,Baixo
2023,8,2023-08-01,Sudeste,ES,Serra,23.8,31.1,18.8,137.6,88.5,12.4,3,Baixo
2023,8,2023-08-01,Sul,PR,Curitiba,22.4,26.0,17.0,173.6,40.3,12.1,0,Médio
2023,8,2023-08-01,Sul,PR,Londrina,25.1,32.7,21.1,153.4,63.7,5.5,3,Alto
2023,8,2023-08-01,Sul,SC,Florianópolis,25.6,29.7,20.7,180.2,43.0,34.9,1,Alto
2023,8,2023-08-01,Sul,SC,Joinville,30.7,36.5,27.3,137.8,82.7,34.0,2,Alto
2023,8,2023-08-01,Sul,RS,Porto Alegre,21.9,27.7,17.8,116.6,52.6,26.4,0,Médio
2023,8,2023-08-01,Sul,RS,Caxias do Sul,23.6,31.4,17.7,174.1,68.6,7.7,3,Alto
2023,9,2023-09-01,Norte,AM,Manaus,21.8,28.5,17.9,149.7,57.6,7.4,1,Alto
2023,9,2023-09-01,Norte,PA,Belém,24.0,30.6,18.1,63.6,37.9,33.7,2,Crítico
2023,9,2023-09-01,Norte,PA,Santarém,23.2,27.4,18.3,81.3,56.7,12.6,2,Médio
2023,9,2023-09-01,Norte,RO,Porto Velho,25.8,31.2,19.6,124.7,44.3,3.5,1,Baixo
2023,9,2023-09-01,Norte,TO,Palmas,29.3,33.0,24.4,64.0,42.1,2.2,1,Alto
2023,9,2023-09-01,Nordeste,BA,Salvador,20.1,27.9,13.3,134.7,76.3,4.9,2,Crítico
2023,9,2023-09-01,Nordeste,BA,Feira de Santana,22.1,25.1,17.2,28.6,94.1,6.9,2,Alto
2023,9,2023-09-01,Nordeste,PE,Recife,27.6,35.0,21.8,149.5,55.1,21.4,4,Baixo
2023,9,2023-09-01,Nordeste,PE,Jaboatão dos Guararapes,20.1,25.2,13.3,79.7,56.1,18.3,2,Baixo
2023,9,2023-09-01,Nordeste,CE,Fortaleza,26.8,32.8,22.6,35.7,86.1,7.5,1,Médio
2023,9,2023-09-01,Nordeste,CE,Juazeiro do Norte,23.3,28.8,19.4,58.6,64.7,17.1,2,Médio
2023,9,2023-09-01,Nordeste,MA,São Luís,24.6,29.5,18.1,94.5,74.0,9.4,0,Alto
2023,9,2023-09-01,Nordeste,PB,João Pessoa,22.5,27.7,15.7,68.1,40.7,25.4,3,Baixo
2023,9,2023-09-01,Centro-Oeste,DF,Brasília,24.2,27.3,20.9,33.5,48.5,34.1,2,Médio
2023,9,2023-09-01,Centro-Oeste,GO,Goiânia,21.4,28.5,17.1,197.4,64.9,16.5,0,Crítico
2023,9,2023-09-01,Centro-Oeste,GO,Aparecida de Goiânia,22.8,30.0,18.6,62.7,51.9,11.8,0,Crítico
2023,9,2023-09-01,Centro-Oeste,MT,Cuiabá,24.8,29.9,18.9,208.4,81.3,18.2,1,Baixo
2023,9,2023-09-01,Centro-Oeste,MS,Campo Grande,27.1,34.4,20.6,26.3,64.1,28.4,1,Crítico
2023,9,2023-09-01,Sudeste,SP,São Paulo,25.0,32.4,19.9,121.0,78.4,30.8,3,Baixo
2023,9,2023-09-01,Sudeste,SP,Campinas,25.9,30.7,19.7,91.0,89.0,13.1,2,Alto
2023,9,2023-09-01,Sudeste,SP,Ribeirão Preto,22.8,28.9,17.8,62.9,49.3,21.8,1,Alto
2023,9,2023-09-01,Sudeste,RJ,Rio de Janeiro,24.4,27.8,18.0,177.0,38.4,4.3,3,Médio
2023,9,2023-09-01,Sudeste,RJ,Niterói,20.9,28.1,17.7,20.2,93.9,20.6,3,Médio
2023,9,2023-09-01,Sudeste,RJ,Nova Iguaçu,19.6,23.8,14.5,111.6,97.2,27.6,1,Médio
2023,9,2023-09-01,Sudeste,RJ,Petrópolis,32.5,39.7,25.8,22.6,95.4,20.6,2,Baixo
2023,9,2023-09-01,Sudeste,MG,Belo Horizonte,32.7,39.8,26.9,200.8,92.4,5.4,2,Baixo
2023,9,2023-09-01,Sudeste,MG,Uberlândia,25.9,33.2,20.8,107.6,58.2,12.3,3,Alto
2023,9,2023-09-01,Sudeste,MG,Juiz de Fora,22.4,26.7,18.8,162.3,85.7,18.0,1,Médio
2023,9,2023-09-01,Sudeste,ES,Vitória,25.5,29.7,20.6,61.6,92.6,33.7,1,Crítico
2023,9,2023-09-01,Sudeste,ES,Vila Velha,31.0,38.1,26.4,44.7,88.8,8.2,3,Médio
2023,9,2023-09-01,Sudeste,ES,Serra,22.6,27.3,16.5,81.4,45.9,8.7,2,Baixo
2023,9,2023-09-01,Sul,PR,Curitiba,19.8,24.1,15.1,64.3,59.4,6.2,1,Médio
2023,9,2023-09-01,Sul,PR,Londrina,22.5,27.2,18.0,147.0,88.6,6.4,2,Médio
2023,9,2023-09-01,Sul,SC,Florianópolis,17.7,22.2,12.3,51.1,59.2,12.8,1,Médio
2023,9,2023-09-01,Sul,SC,Joinville,23.0,27.9,17.4,135.5,56.8,18.1,2,Crítico
2023,9,2023-09-01,Sul,RS,Porto Alegre,22.2,29.5,17.0,147.8,91.4,4.7,1,Médio
2023,9,2023-09-01,Sul,RS,Caxias do Sul,20.3,27.3,15.2,98.3,36.8,34.8,5,Crítico
2023,10,2023-10-01,Norte,AM,Manaus,19.4,24.2,15.2,181.6,88.4,2.1,3,Crítico
2023,10,2023-10-01,Norte,PA,Belém,23.9,28.9,20.7,49.4,53.3,30.7,2,Médio
2023,10,2023-10-01,Norte,PA,Santarém,20.0,25.2,15.3,25.2,87.5,5.7,1,Alto
2023,10,2023-10-01,Norte,RO,Porto Velho,31.8,35.7,27.7,159.0,75.5,30.1,2,Crítico
2023,10,2023-10-01,Norte,TO,Palmas,29.9,34.7,25.8,107.2,81.0,31.6,2,Baixo
2023,10,2023-10-01,Nordeste,BA,Salvador,28.6,32.8,22.3,122.5,85.9,10.8,2,Alto
2023,10,2023-10-01,Nordeste,BA,Feira de Santana,23.5,27.3,17.7,112.2,91.5,29.3,1,Médio
2023,10,2023-10-01,Nordeste,PE,Recife,26.9,32.1,23.7,141.8,40.0,33.9,0,Alto
2023,10,2023-10-01,Nordeste,PE,Jaboatão dos Guararapes,22.9,26.8,18.2,83.4,80.4,3.4,3,Médio
2023,10,2023-10-01,Nordeste,CE,Fortaleza,23.4,30.8,17.6,59.5,43.5,19.1,2,Médio
2023,10,2023-10-01,Nordeste,CE,Juazeiro do Norte,22.0,26.5,18.2,125.3,68.7,30.2,2,Crítico
2023,10,2023-10-01,Nordeste,MA,São Luís,36.4,41.1,30.6,85.8,79.1,24.2,1,Crítico
2023,10,2023-10-01,Nordeste,PB,João Pessoa,21.6,25.4,15.4,103.3,47.1,24.9,3,Médio
2023,10,2023-10-01,Centro-Oeste,DF,Brasília,21.6,29.5,18.1,36.8,97.0,33.2,4,Médio
2023,10,2023-10-01,Centro-Oeste,GO,Goiânia,19.9,25.3,13.0,14.3,80.3,25.5,4,Alto
2023,10,2023-10-01,Centro-Oeste,GO,Aparecida de Goiânia,20.8,24.0,16.1,57.4,67.6,24.9,0,Médio
2023,10,2023-10-01,Centro-Oeste,MT,Cuiabá,29.8,34.4,25.5,51.4,96.9,4.8,1,Crítico
2023,10,2023-10-01,Centro-Oeste,MS,Campo Grande,29.0,33.5,24.6,130.8,58.0,33.2,9,Crítico
2023,10,2023-10-01,Sudeste,SP,São Paulo,25.8,29.0,22.0,152.5,70.7,18.2,4,Baixo
2023,10,2023-10-01,Sudeste,SP,Campinas,22.8,29.1,16.1,39.2,93.5,5.4,1,Médio
2023,10,2023-10-01,Sudeste,SP,Ribeirão Preto,25.5,30.7,20.3,93.5,78.3,34.7,1,Crítico
2023,10,2023-10-01,Sudeste,RJ,Rio de Janeiro,29.2,36.8,24.3,72.5,77.4,22.1,3,Baixo
2023,10,2023-10-01,Sudeste,RJ,Niterói,26.8,31.7,20.3,187.7,82.2,21.2,0,Médio
2023,10,2023-10-01,Sudeste,RJ,Nova Iguaçu,33.3,40.6,28.6,117.5,67.3,30.6,3,Médio
2023,10,2023-10-01,Sudeste,RJ,Petrópolis,22.8,26.3,15.8,80.7,59.2,14.7,1,Médio
2023,10,2023-10-01,Sudeste,MG,Belo Horizonte,24.6,30.6,18.4,53.2,97.9,22.2,5,Baixo
2023,10,2023-10-01,Sudeste,MG,Uberlândia,16.2,19.8,12.2,32.9,89.7,28.3,3,Crítico
2023,10,2023-10-01,Sudeste,MG,Juiz de Fora,29.1,32.9,23.3,114.3,95.9,7.5,2,Crítico
2023,10,2023-10-01,Sudeste,ES,Vitória,23.5,28.6,18.6,235.9,60.1,34.0,2,Médio
2023,10,2023-10-01,Sudeste,ES,Vila Velha,25.8,31.1,20.3,250.9,47.4,22.8,4,Baixo
2023,10,2023-10-01,Sudeste,ES,Serra,22.2,27.4,17.2,72.9,49.2,33.3,2,Baixo
2023,10,2023-10-01,Sul,PR,Curitiba,22.1,28.1,16.3,90.1,72.2,6.4,1,Crítico
2023,10,2023-10-01,Sul,PR,Londrina,32.1,36.5,26.1,4.2,52.7,21.1,1,Baixo
2023,10,2023-10-01,Sul,SC,Florianópolis,29.5,33.3,25.7,48.3,65.9,24.7,3,Baixo
2023,10,2023-10-01,Sul,SC,Joinville,16.5,23.7,12.3,95.2,97.2,19.0,0,Médio
2023,10,2023-10-01,Sul,RS,Porto Alegre,25.2,30.2,18.6,75.5,96.7,19.3,3,Crítico
2023,10,2023-10-01,Sul,RS,Caxias do Sul,24.1,31.8,17.4,72.5,43.8,4.0,2,Baixo
2023,11,2023-11-01,Norte,AM,Manaus,31.2,37.2,26.6,160.6,91.8,19.4,2,Médio
2023,11,2023-11-01,Norte,PA,Belém,33.2,40.1,28.8,160.9,41.1,25.3,1,Baixo
2023,11,2023-11-01,Norte,PA,Santarém,26.0,33.1,21.4,130.0,56.9,8.4,1,Baixo
2023,11,2023-11-01,Norte,RO,Porto Velho,25.7,31.6,20.6,172.6,93.4,16.8,3,Médio
2023,11,2023-11-01,Norte,TO,Palmas,27.7,31.8,23.3,105.8,45.6,18.2,0,Alto
2023,11,2023-11-01,Nordeste,BA,Salvador,16.6,22.1,11.0,146.2,81.2,18.7,4,Baixo
2023,11,2023-11-01,Nordeste,BA,Feira de Santana,27.8,33.0,24.3,27.0,80.6,4.3,1,Baixo
2023,11,2023-11-01,Nordeste,PE,Recife,30.6,36.9,25.6,29.2,40.7,11.4,2,Médio
2023,11,2023-11-01,Nordeste,PE,Jaboatão dos Guararapes,29.0,34.2,23.0,89.6,37.3,29.3,4,Crítico
2023,11,2023-11-01,Nordeste,CE,Fortaleza,25.6,29.8,21.5,67.2,86.2,22.6,6,Baixo
2023,11,2023-11-01,Nordeste,CE,Juazeiro do Norte,22.1,29.7,17.4,92.4,78.9,11.9,1,Médio
2023,11,2023-11-01,Nordeste,MA,São Luís,27.5,33.8,21.4,106.8,76.2,5.5,1,Médio
2023,11,2023-11-01,Nordeste,PB,João Pessoa,20.8,28.5,14.8,98.2,36.0,22.8,3,Crítico
2023,11,2023-11-01,Centro-Oeste,DF,Brasília,25.7,32.8,20.6,94.8,88.8,14.3,2,Médio
2023,11,2023-11-01,Centro-Oeste,GO,Goiânia,29.0,35.1,22.8,99.2,79.5,6.2,2,Médio
2023,11,2023-11-01,Centro-Oeste,GO,Aparecida de Goiânia,21.7,26.5,16.6,157.3,82.0,26.8,4,Alto
2023,11,2023-11-01,Centro-Oeste,MT,Cuiabá,28.5,35.5,22.3,86.9,77.1,21.1,2,Alto
2023,11,2023-11-01,Centro-Oeste,MS,Campo Grande,26.6,31.8,22.3,73.2,93.1,5.2,1,Alto
2023,11,2023-11-01,Sudeste,SP,São Paulo,25.5,33.3,22.4,163.0,38.5,14.5,4,Alto
2023,11,2023-11-01,Sudeste,SP,Campinas,27.1,34.3,22.4,265.5,62.6,7.0,1,Médio
2023,11,2023-11-01,Sudeste,SP,Ribeirão Preto,19.8,23.0,13.3,109.1,71.8,19.0,0,Alto
2023,11,2023-11-01,Sudeste,RJ,Rio de Janeiro,19.8,25.2,13.8,117.9,86.8,25.6,5,Crítico
2023,11,2023-11-01,Sudeste,RJ,Niterói,23.5,27.6,20.2,60.5,94.8,22.2,1,Crítico
2023,11,2023-11-01,Sudeste,RJ,Nova Iguaçu,25.7,30.2,22.3,80.9,88.8,24.2,1,Baixo
2023,11,2023-11-01,Sudeste,RJ,Petrópolis,33.7,39.2,28.8,99.3,57.5,15.2,1,Alto
2023,11,2023-11-01,Sudeste,MG,Belo Horizonte,24.5,30.4,21.0,107.2,88.5,23.6,0,Crítico
2023,11,2023-11-01,Sudeste,MG,Uberlândia,25.0,28.2,20.1,169.2,78.0,16.3,2,Crítico
2023,11,2023-11-01,Sudeste,MG,Juiz de Fora,28.8,32.8,25.1,16.3,69.8,23.5,2,Baixo
2023,11,2023-11-01,Sudeste,ES,Vitória,24.2,28.5,18.3,124.5,81.0,32.1,2,Crítico
2023,11,2023-11-01,Sudeste,ES,Vila Velha,17.6,23.2,11.0,59.8,62.8,21.4,1,Baixo
2023,11,2023-11-01,Sudeste,ES,Serra,26.5,33.8,23.1,138.2,66.4,25.8,2,Crítico
2023,11,2023-11-01,Sul,PR,Curitiba,19.7,27.1,14.3,128.1,76.0,21.3,0,Alto
2023,11,2023-11-01,Sul,PR,Londrina,31.0,35.0,24.9,83.1,78.0,27.6,1,Alto
2023,11,2023-11-01,Sul,SC,Florianópolis,24.3,30.9,20.1,60.8,59.7,27.4,2,Crítico
2023,11,2023-11-01,Sul,SC,Joinville,26.9,30.6,20.7,67.8,79.8,27.5,3,Baixo
2023,11,2023-11-01,Sul,RS,Porto Alegre,24.7,30.3,20.7,74.6,64.8,2.0,3,Baixo
2023,11,2023-11-01,Sul,RS,Caxias do Sul,24.3,31.3,18.6,118.6,61.9,17.3,2,Médio
2023,12,2023-12-01,Norte,AM,Manaus,23.8,30.1,19.7,57.9,81.0,3.6,0,Baixo
2023,12,2023-12-01,Norte,PA,Belém,25.4,31.7,19.1,119.2,94.3,7.4,1,Médio
2023,12,2023-12-01,Norte,PA,Santarém,28.6,36.0,24.5,184.3,61.2,29.3,3,Baixo
2023,12,2023-12-01,Norte,RO,Porto Velho,20.3,26.5,13.6,62.7,94.1,9.1,2,Alto
2023,12,2023-12-01,Norte,TO,Palmas,27.2,31.4,22.3,28.8,92.7,30.7,0,Alto
2023,12,2023-12-01,Nordeste,BA,Salvador,20.3,26.2,16.3,28.0,75.8,2.1,2,Médio
2023,12,2023-12-01,Nordeste,BA,Feira de Santana,24.0,30.6,17.9,161.4,47.9,31.6,0,Alto
2023,12,2023-12-01,Nordeste,PE,Recife,22.7,29.2,18.2,172.7,57.6,11.1,2,Alto
2023,12,2023-12-01,Nordeste,PE,Jaboatão dos Guararapes,24.2,31.5,18.3,144.5,41.5,17.6,2,Médio
2023,12,2023-12-01,Nordeste,CE,Fortaleza,31.2,36.5,25.1,203.6,61.3,21.3,0,Crítico
2023,12,2023-12-01,Nordeste,CE,Juazeiro do Norte,26.1,29.7,22.2,10.8,39.4,5.2,1,Alto
2023,12,2023-12-01,Nordeste,MA,São Luís,26.2,33.1,22.9,89.6,65.1,30.6,5,Médio
2023,12,2023-12-01,Nordeste,PB,João Pessoa,24.9,29.4,20.3,157.4,82.7,21.4,2,Crítico
2023,12,2023-12-01,Centro-Oeste,DF,Brasília,22.0,28.7,18.3,88.0,56.6,29.9,1,Baixo
2023,12,2023-12-01,Centro-Oeste,GO,Goiânia,29.4,37.3,26.1,93.2,47.0,9.8,2,Médio
2023,12,2023-12-01,Centro-Oeste,GO,Aparecida de Goiânia,17.3,23.3,14.3,127.2,96.0,2.5,2,Alto
2023,12,2023-12-01,Centro-Oeste,MT,Cuiabá,31.3,38.9,25.8,64.1,53.0,10.9,3,Crítico
2023,12,2023-12-01,Centro-Oeste,MS,Campo Grande,18.3,21.4,12.2,95.6,92.3,33.0,2,Alto
2023,12,2023-12-01,Sudeste,SP,São Paulo,32.3,38.3,25.9,103.3,92.8,5.5,3,Alto
2023,12,2023-12-01,Sudeste,SP,Campinas,18.9,23.0,13.2,53.2,89.0,6.6,5,Crítico
2023,12,2023-12-01,Sudeste,SP,Ribeirão Preto,24.1,31.2,17.5,137.8,83.3,2.6,0,Crítico
2023,12,2023-12-01,Sudeste,RJ,Rio de Janeiro,24.5,29.1,20.2,109.7,84.6,23.7,2,Alto
2023,12,2023-12-01,Sudeste,RJ,Niterói,25.5,31.9,20.4,67.1,37.9,16.1,3,Crítico
2023,12,2023-12-01,Sudeste,RJ,Nova Iguaçu,21.3,27.6,16.3,108.3,90.1,28.0,4,Médio
2023,12,2023-12-01,Sudeste,RJ,Petrópolis,27.8,32.4,24.4,132.6,86.7,14.8,2,Alto
2023,12,2023-12-01,Sudeste,MG,Belo Horizonte,29.0,34.2,24.9,57.7,63.6,2.1,4,Alto
2023,12,2023-12-01,Sudeste,MG,Uberlândia,28.6,32.3,24.1,163.1,43.2,12.1,2,Alto
2023,12,2023-12-01,Sudeste,MG,Juiz de Fora,24.9,31.1,18.9,68.6,72.4,33.2,5,Crítico
2023,12,2023-12-01,Sudeste,ES,Vitória,27.7,34.0,23.7,52.4,77.5,29.1,1,Baixo
2023,12,2023-12-01,Sudeste,ES,Vila Velha,21.5,28.5,18.2,155.1,97.4,17.4,1,Alto
2023,12,2023-12-01,Sudeste,ES,Serra,29.6,36.3,23.4,130.6,79.8,16.6,3,Baixo
2023,12,2023-12-01,Sul,PR,Curitiba,25.0,28.2,21.4,69.1,97.4,19.9,2,Crítico
2023,12,2023-12-01,Sul,PR,Londrina,24.6,31.3,20.5,166.0,86.3,4.1,3,Crítico
2023,12,2023-12-01,Sul,SC,Florianópolis,31.1,36.2,24.6,70.4,61.1,4.6,2,Crítico
2023,12,2023-12-01,Sul,SC,Joinville,27.4,33.6,24.2,66.1,59.0,29.7,1,Baixo
2023,12,2023-12-01,Sul,RS,Porto Alegre,29.0,36.6,24.9,108.2,96.0,27.6,2,Baixo
2023,12,2023-12-01,Sul,RS,Caxias do Sul,24.1,27.7,19.2,9.0,82.2,31.8,1,Alto
2024,1,2024-01-01,Norte,AM,Manaus,22.2,27.9,19.2,60.5,94.0,16.1,2,Médio
2024,1,2024-01-01,Norte,PA,Belém,21.9,28.6,16.4,54.6,64.7,9.5,1,Crítico
2024,1,2024-01-01,Norte,PA,Santarém,25.6,29.3,20.8,379.1,77.6,10.2,1,Alto
2024,1,2024-01-01,Norte,RO,Porto Velho,30.6,35.1,26.5,94.0,80.9,8.7,3,Baixo
2024,1,2024-01-01,Norte,TO,Palmas,24.1,28.3,19.7,98.6,89.5,7.5,1,Médio
2024,1,2024-01-01,Nordeste,BA,Salvador,31.6,37.2,28.0,61.6,60.5,6.7,3,Baixo
2024,1,2024-01-01,Nordeste,BA,Feira de Santana,22.1,26.6,17.5,136.0,76.2,32.0,2,Alto
2024,1,2024-01-01,Nordeste,PE,Recife,26.8,33.0,20.5,28.2,52.7,2.4,0,Médio
2024,1,2024-01-01,Nordeste,PE,Jaboatão dos Guararapes,26.0,31.5,21.6,192.1,41.7,9.9,0,Crítico
2024,1,2024-01-01,Nordeste,CE,Fortaleza,26.6,33.1,23.3,137.1,56.3,32.1,5,Médio
2024,1,2024-01-01,Nordeste,CE,Juazeiro do Norte,24.5,28.7,18.1,118.4,38.0,33.8,4,Médio
2024,1,2024-01-01,Nordeste,MA,São Luís,24.3,31.4,19.5,95.2,58.6,26.2,3,Médio
2024,1,2024-01-01,Nordeste,PB,João Pessoa,17.8,22.8,10.9,159.6,89.0,22.6,2,Crítico
2024,1,2024-01-01,Centro-Oeste,DF,Brasília,19.4,25.2,14.4,69.3,61.2,12.1,5,Crítico
2024,1,2024-01-01,Centro-Oeste,GO,Goiânia,23.4,26.8,18.5,144.5,37.2,17.8,4,Médio
2024,1,2024-01-01,Centro-Oeste,GO,Aparecida de Goiânia,24.8,28.1,19.4,156.7,67.3,12.4,1,Crítico
2024,1,2024-01-01,Centro-Oeste,MT,Cuiabá,22.8,28.9,18.6,93.2,55.4,34.0,2,Alto
2024,1,2024-01-01,Centro-Oeste,MS,Campo Grande,23.9,28.3,19.5,60.8,60.4,11.2,2,Médio
2024,1,2024-01-01,Sudeste,SP,São Paulo,23.6,27.1,18.0,104.7,44.5,31.4,1,Médio
2024,1,2024-01-01,Sudeste,SP,Campinas,25.8,30.9,19.1,178.0,82.9,18.5,2,Médio
2024,1,2024-01-01,Sudeste,SP,Ribeirão Preto,33.6,37.5,30.0,151.3,71.3,24.9,1,Crítico
2024,1,2024-01-01,Sudeste,RJ,Rio de Janeiro,21.1,28.6,15.4,87.1,55.8,15.4,4,Alto
2024,1,2024-01-01,Sudeste,RJ,Niterói,20.4,25.3,16.4,239.9,35.9,26.1,2,Crítico
2024,1,2024-01-01,Sudeste,RJ,Nova Iguaçu,19.1,24.9,13.2,157.9,78.1,22.2,5,Alto
2024,1,2024-01-01,Sudeste,RJ,Petrópolis,28.3,34.8,22.5,160.2,51.2,5.6,1,Crítico
2024,1,2024-01-01,Sudeste,MG,Belo Horizonte,28.9,35.9,24.9,97.3,90.7,6.2,2,Médio
2024,1,2024-01-01,Sudeste,MG,Uberlândia,23.4,30.9,19.6,54.5,68.7,9.1,2,Alto
2024,1,2024-01-01,Sudeste,MG,Juiz de Fora,34.9,38.0,30.7,202.2,75.9,16.9,1,Alto
2024,1,2024-01-01,Sudeste,ES,Vitória,23.1,31.1,19.5,176.3,61.3,18.2,2,Baixo
2024,1,2024-01-01,Sudeste,ES,Vila Velha,23.8,27.4,17.2,138.4,53.5,7.0,1,Baixo
2024,1,2024-01-01,Sudeste,ES,Serra,24.0,31.7,19.8,121.5,80.5,18.4,7,Crítico
2024,1,2024-01-01,Sul,PR,Curitiba,22.2,26.0,17.2,127.8,47.9,30.6,2,Médio
2024,1,2024-01-01,Sul,PR,Londrina,29.6,34.8,24.6,102.3,36.8,26.8,1,Alto
2024,1,2024-01-01,Sul,SC,Florianópolis,19.1,25.3,15.9,98.6,43.3,11.0,3,Crítico
2024,1,2024-01-01,Sul,SC,Joinville,26.8,33.6,21.9,123.6,71.9,8.1,2,Baixo
2024,1,2024-01-01,Sul,RS,Porto Alegre,30.0,37.3,23.1,78.2,73.6,22.5,3,Baixo
2024,1,2024-01-01,Sul,RS,Caxias do Sul,24.5,28.5,19.4,103.0,72.2,11.6,2,Baixo
2024,2,2024-02-01,Norte,AM,Manaus,24.8,28.9,18.1,45.6,77.7,3.8,2,Crítico
2024,2,2024-02-01,Norte,PA,Belém,23.4,29.0,17.7,98.5,96.4,34.9,3,Baixo
2024,2,2024-02-01,Norte,PA,Santarém,24.3,29.6,18.8,102.3,71.1,32.6,1,Crítico
2024,2,2024-02-01,Norte,RO,Porto Velho,24.4,27.9,17.5,173.6,54.0,8.8,2,Baixo
2024,2,2024-02-01,Norte,TO,Palmas,25.5,32.9,22.0,97.2,54.0,28.4,1,Baixo
2024,2,2024-02-01,Nordeste,BA,Salvador,21.1,28.9,16.5,36.8,46.1,8.8,3,Médio
2024,2,2024-02-01,Nordeste,BA,Feira de Santana,29.5,34.6,22.9,217.8,96.6,19.3,4,Crítico
2024,2,2024-02-01,Nordeste,PE,Recife,25.9,33.8,20.5,37.9,94.3,13.1,2,Baixo
2024,2,2024-02-01,Nordeste,PE,Jaboatão dos Guararapes,28.0,34.1,23.8,22.3,74.2,25.3,1,Médio
2024,2,2024-02-01,Nordeste,CE,Fortaleza,19.2,24.6,13.9,26.1,51.6,21.5,5,Médio
2024,2,2024-02-01,Nordeste,CE,Juazeiro do Norte,26.5,34.0,20.8,93.3,59.7,10.5,2,Crítico
2024,2,2024-02-01,Nordeste,MA,São Luís,22.6,29.4,18.7,190.2,56.4,10.5,1,Crítico
2024,2,2024-02-01,Nordeste,PB,João Pessoa,22.3,26.8,18.4,168.1,97.6,11.6,2,Baixo
2024,2,2024-02-01,Centro-Oeste,DF,Brasília,24.7,29.7,18.4,171.8,68.2,21.7,2,Médio
2024,2,2024-02-01,Centro-Oeste,GO,Goiânia,25.2,30.3,21.6,120.5,50.9,20.6,3,Baixo
2024,2,2024-02-01,Centro-Oeste,GO,Aparecida de Goiânia,28.6,33.5,24.5,144.6,50.7,6.0,1,Crítico
2024,2,2024-02-01,Centro-Oeste,MT,Cuiabá,31.2,35.4,24.3,149.9,77.0,34.5,3,Alto
2024,2,2024-02-01,Centro-Oeste,MS,Campo Grande,19.9,25.2,16.3,40.7,82.9,8.9,0,Alto
2024,2,2024-02-01,Sudeste,SP,São Paulo,23.1,26.3,20.0,77.2,47.5,28.5,1,Médio
2024,2,2024-02-01,Sudeste,SP,Campinas,22.5,29.3,15.9,81.6,38.0,31.2,2,Crítico
2024,2,2024-02-01,Sudeste,SP,Ribeirão Preto,26.1,34.0,19.5,85.8,86.6,10.9,4,Baixo
2024,2,2024-02-01,Sudeste,RJ,Rio de Janeiro,24.7,31.9,21.4,143.3,59.4,17.9,2,Médio
2024,2,2024-02-01,Sudeste,RJ,Niterói,28.0,35.0,23.9,80.4,66.8,19.8,3,Médio
2024,2,2024-02-01,Sudeste,RJ,Nova Iguaçu,29.9,36.5,23.5,161.0,92.9,29.6,1,Crítico
2024,2,2024-02-01,Sudeste,RJ,Petrópolis,28.9,36.6,23.9,72.3,91.2,13.6,3,Médio
2024,2,2024-02-01,Sudeste,MG,Belo Horizonte,22.4,27.0,17.2,146.5,46.5,9.7,2,Crítico
2024,2,2024-02-01,Sudeste,MG,Uberlândia,24.5,31.1,18.3,95.6,74.7,33.8,1,Baixo
2024,2,2024-02-01,Sudeste,MG,Juiz de Fora,33.5,38.5,28.9,47.0,39.7,10.0,3,Baixo
2024,2,2024-02-01,Sudeste,ES,Vitória,25.7,30.1,22.4,119.5,35.8,26.5,1,Baixo
2024,2,2024-02-01,Sudeste,ES,Vila Velha,25.6,32.9,21.5,21.3,35.8,6.3,2,Médio
2024,2,2024-02-01,Sudeste,ES,Serra,22.9,26.6,17.6,160.6,73.6,28.8,2,Crítico
2024,2,2024-02-01,Sul,PR,Curitiba,37.1,40.8,33.6,89.0,51.3,12.1,1,Alto
2024,2,2024-02-01,Sul,PR,Londrina,28.4,31.5,22.0,25.6,39.7,15.9,4,Baixo
2024,2,2024-02-01,Sul,SC,Florianópolis,34.9,42.0,30.6,174.3,58.1,32.9,2,Baixo
2024,2,2024-02-01,Sul,SC,Joinville,24.4,29.9,20.9,112.5,59.1,13.7,2,Baixo
2024,2,2024-02-01,Sul,RS,Porto Alegre,24.4,30.1,18.0,88.0,66.6,25.9,3,Baixo
2024,2,2024-02-01,Sul,RS,Caxias do Sul,27.8,33.3,22.8,88.8,91.9,2.5,0,Baixo
2024,3,2024-03-01,Norte,AM,Manaus,37.7,43.8,34.3,34.9,47.0,20.8,1,Baixo
2024,3,2024-03-01,Norte,PA,Belém,20.2,24.0,13.7,126.5,40.4,23.7,0,Alto
2024,3,2024-03-01,Norte,PA,Santarém,27.8,33.6,23.3,36.4,81.4,28.5,2,Baixo
2024,3,2024-03-01,Norte,RO,Porto Velho,28.1,33.4,21.7,95.4,57.2,31.2,1,Médio
2024,3,2024-03-01,Norte,TO,Palmas,22.0,30.0,15.1,82.2,73.1,5.1,3,Alto
2024,3,2024-03-01,Nordeste,BA,Salvador,24.1,28.6,19.0,53.9,64.2,25.2,1,Alto
2024,3,2024-03-01,Nordeste,BA,Feira de Santana,27.6,35.5,22.4,141.0,97.2,16.8,5,Baixo
2024,3,2024-03-01,Nordeste,PE,Recife,21.4,26.2,18.0,227.7,48.2,13.9,1,Crítico
2024,3,2024-03-01,Nordeste,PE,Jaboatão dos Guararapes,25.0,32.2,18.2,52.2,91.7,32.6,2,Baixo
2024,3,2024-03-01,Nordeste,CE,Fortaleza,28.9,32.6,22.5,146.4,89.6,18.6,1,Alto
2024,3,2024-03-01,Nordeste,CE,Juazeiro do Norte,26.3,33.6,22.6,36.4,87.9,25.4,3,Baixo
2024,3,2024-03-01,Nordeste,MA,São Luís,26.0,33.1,20.8,32.7,58.1,16.2,2,Alto
2024,3,2024-03-01,Nordeste,PB,João Pessoa,20.8,28.1,14.7,182.0,84.6,3.2,0,Alto
2024,3,2024-03-01,Centro-Oeste,DF,Brasília,24.2,30.1,19.0,132.1,37.4,31.2,2,Crítico
2024,3,2024-03-01,Centro-Oeste,GO,Goiânia,25.2,31.8,21.5,74.8,71.5,5.1,1,Baixo
2024,3,2024-03-01,Centro-Oeste,GO,Aparecida de Goiânia,27.2,34.1,23.6,94.3,64.9,15.2,4,Alto
2024,3,2024-03-01,Centro-Oeste,MT,Cuiabá,28.7,34.8,22.9,51.9,51.4,26.9,1,Alto
2024,3,2024-03-01,Centro-Oeste,MS,Campo Grande,24.4,28.4,19.1,141.7,70.1,29.5,2,Baixo
2024,3,2024-03-01,Sudeste,SP,São Paulo,23.7,28.3,19.3,63.1,38.9,28.4,2,Crítico
2024,3,2024-03-01,Sudeste,SP,Campinas,24.1,29.5,19.4,55.1,86.6,31.9,2,Médio
2024,3,2024-03-01,Sudeste,SP,Ribeirão Preto,24.6,29.9,17.7,132.9,89.6,27.7,1,Médio
2024,3,2024-03-01,Sudeste,RJ,Rio de Janeiro,24.1,30.8,17.5,78.8,50.3,33.8,2,Alto
2024,3,2024-03-01,Sudeste,RJ,Niterói,21.9,28.3,15.4,73.7,68.8,3.9,3,Alto
2024,3,2024-03-01,Sudeste,RJ,Nova Iguaçu,25.5,29.8,21.3,134.1,97.5,27.8,3,Baixo
2024,3,2024-03-01,Sudeste,RJ,Petrópolis,27.0,32.5,21.7,142.6,56.2,21.8,3,Baixo
2024,3,2024-03-01,Sudeste,MG,Belo Horizonte,26.4,32.2,23.0,112.5,48.8,15.0,5,Crítico
2024,3,2024-03-01,Sudeste,MG,Uberlândia,30.8,34.5,27.6,175.1,52.8,2.6,0,Crítico
2024,3,2024-03-01,Sudeste,MG,Juiz de Fora,26.6,34.3,21.1,129.8,42.8,32.2,3,Baixo
2024,3,2024-03-01,Sudeste,ES,Vitória,29.3,32.7,26.1,180.1,44.6,29.4,1,Alto
2024,3,2024-03-01,Sudeste,ES,Vila Velha,29.4,35.8,22.6,85.0,63.2,18.1,1,Médio
2024,3,2024-03-01,Sudeste,ES,Serra,24.4,29.4,20.6,260.2,68.2,15.8,2,Crítico
2024,3,2024-03-01,Sul,PR,Curitiba,30.8,37.6,27.4,63.1,90.7,22.1,2,Baixo
2024,3,2024-03-01,Sul,PR,Londrina,23.8,27.7,20.4,128.5,54.6,29.8,4,Crítico
2024,3,2024-03-01,Sul,SC,Florianópolis,26.1,29.4,20.4,207.5,62.7,12.8,3,Crítico
2024,3,2024-03-01,Sul,SC,Joinville,34.0,39.5,29.5,134.7,53.9,21.7,3,Alto
2024,3,2024-03-01,Sul,RS,Porto Alegre,27.5,33.3,23.3,51.9,59.0,20.3,2,Baixo
2024,3,2024-03-01,Sul,RS,Caxias do Sul,31.6,38.9,26.2,170.0,67.5,10.6,1,Médio
2024,4,2024-04-01,Norte,AM,Manaus,22.4,28.2,18.3,194.9,49.2,5.9,1,Alto
2024,4,2024-04-01,Norte,PA,Belém,22.1,28.1,15.8,86.9,95.5,11.4,0,Baixo
2024,4,2024-04-01,Norte,PA,Santarém,28.4,36.2,24.2,93.0,36.8,3.1,4,Crítico
2024,4,2024-04-01,Norte,RO,Porto Velho,24.8,31.6,18.6,86.0,67.8,34.6,2,Médio
2024,4,2024-04-01,Norte,TO,Palmas,26.9,32.0,20.1,50.4,40.6,7.3,0,Crítico
2024,4,2024-04-01,Nordeste,BA,Salvador,22.8,30.4,18.7,123.6,71.5,10.5,2,Crítico
2024,4,2024-04-01,Nordeste,BA,Feira de Santana,26.4,31.7,19.9,240.1,58.1,34.6,1,Alto
2024,4,2024-04-01,Nordeste,PE,Recife,26.2,31.1,20.0,133.2,93.0,27.6,1,Crítico
2024,4,2024-04-01,Nordeste,PE,Jaboatão dos Guararapes,21.8,27.6,18.3,186.1,68.3,8.2,2,Crítico
2024,4,2024-04-01,Nordeste,CE,Fortaleza,24.7,30.5,19.4,113.4,60.0,24.4,6,Alto
2024,4,2024-04-01,Nordeste,CE,Juazeiro do Norte,25.3,31.1,21.9,22.0,93.4,24.7,3,Alto
2024,4,2024-04-01,Nordeste,MA,São Luís,23.3,29.3,20.0,66.7,80.7,30.6,2,Alto
2024,4,2024-04-01,Nordeste,PB,João Pessoa,32.8,37.1,26.0,52.2,46.7,10.1,7,Baixo
2024,4,2024-04-01,Centro-Oeste,DF,Brasília,26.2,33.3,19.4,97.7,53.5,4.0,4,Médio
2024,4,2024-04-01,Centro-Oeste,GO,Goiânia,19.9,26.1,14.9,103.1,60.2,34.9,5,Médio
2024,4,2024-04-01,Centro-Oeste,GO,Aparecida de Goiânia,27.0,34.8,20.6,78.9,55.6,24.1,1,Crítico
2024,4,2024-04-01,Centro-Oeste,MT,Cuiabá,22.9,27.6,16.9,80.0,86.7,5.5,3,Médio
2024,4,2024-04-01,Centro-Oeste,MS,Campo Grande,25.1,29.2,20.0,75.0,59.7,3.2,3,Crítico
2024,4,2024-04-01,Sudeste,SP,São Paulo,21.7,28.3,17.9,48.3,54.5,10.0,1,Médio
2024,4,2024-04-01,Sudeste,SP,Campinas,29.0,33.4,22.2,44.2,64.0,8.9,2,Médio
2024,4,2024-04-01,Sudeste,SP,Ribeirão Preto,29.6,33.3,23.5,103.7,73.9,15.8,5,Médio
2024,4,2024-04-01,Sudeste,RJ,Rio de Janeiro,25.3,28.9,21.6,77.4,78.6,26.7,2,Médio
2024,4,2024-04-01,Sudeste,RJ,Niterói,23.9,29.5,19.0,49.3,54.2,9.6,1,Baixo
2024,4,2024-04-01,Sudeste,RJ,Nova Iguaçu,21.2,25.8,17.7,115.3,54.4,10.4,5,Crítico
2024,4,2024-04-01,Sudeste,RJ,Petrópolis,28.7,36.5,24.9,113.8,52.8,13.7,4,Alto
2024,4,2024-04-01,Sudeste,MG,Belo Horizonte,22.3,26.5,18.9,100.7,87.5,4.6,0,Baixo
2024,4,2024-04-01,Sudeste,MG,Uberlândia,22.6,28.9,18.1,178.6,44.6,14.9,2,Crítico
2024,4,2024-04-01,Sudeste,MG,Juiz de Fora,26.0,30.2,21.8,17.0,60.1,11.5,2,Alto
2024,4,2024-04-01,Sudeste,ES,Vitória,21.9,25.6,17.7,80.0,64.6,8.0,1,Crítico
2024,4,2024-04-01,Sudeste,ES,Vila Velha,26.4,30.4,22.3,73.9,97.7,13.4,4,Médio
2024,4,2024-04-01,Sudeste,ES,Serra,28.2,33.7,21.2,55.7,95.6,11.3,3,Crítico
2024,4,2024-04-01,Sul,PR,Curitiba,29.7,32.9,26.6,363.9,93.9,33.0,2,Crítico
2024,4,2024-04-01,Sul,PR,Londrina,27.2,30.2,20.6,62.5,61.6,19.1,4,Alto
2024,4,2024-04-01,Sul,SC,Florianópolis,26.6,30.0,20.2,59.4,39.4,33.7,1,Crítico
2024,4,2024-04-01,Sul,SC,Joinville,27.1,33.4,23.9,175.3,75.8,23.7,2,Alto
2024,4,2024-04-01,Sul,RS,Porto Alegre,24.1,31.3,17.2,48.0,69.1,10.4,1,Crítico
2024,4,2024-04-01,Sul,RS,Caxias do Sul,23.5,29.3,18.6,116.0,60.3,16.2,2,Baixo
2024,5,2024-05-01,Norte,AM,Manaus,28.3,33.2,22.7,126.3,49.0,10.7,1,Crítico
2024,5,2024-05-01,Norte,PA,Belém,29.3,32.5,24.4,83.8,78.8,15.9,0,Crítico
2024,5,2024-05-01,Norte,PA,Santarém,25.8,31.9,22.5,110.2,97.7,28.3,0,Crítico
2024,5,2024-05-01,Norte,RO,Porto Velho,33.7,37.3,27.3,93.2,38.3,13.1,1,Baixo
2024,5,2024-05-01,Norte,TO,Palmas,26.3,30.7,21.2,167.2,72.1,3.6,3,Crítico
2024,5,2024-05-01,Nordeste,BA,Salvador,29.5,35.7,25.6,123.7,47.5,27.3,4,Médio
2024,5,2024-05-01,Nordeste,BA,Feira de Santana,19.3,24.6,15.5,164.8,93.7,4.1,4,Alto
2024,5,2024-05-01,Nordeste,PE,Recife,31.1,36.8,26.1,48.4,45.2,29.8,2,Alto
2024,5,2024-05-01,Nordeste,PE,Jaboatão dos Guararapes,25.7,30.2,18.8,85.6,49.6,18.4,2,Alto
2024,5,2024-05-01,Nordeste,CE,Fortaleza,25.6,30.0,19.1,28.3,83.5,19.1,2,Crítico
2024,5,2024-05-01,Nordeste,CE,Juazeiro do Norte,23.5,28.7,18.9,37.3,86.0,23.8,0,Alto
2024,5,2024-05-01,Nordeste,MA,São Luís,24.7,30.1,19.2,111.6,62.1,20.5,2,Crítico
2024,5,2024-05-01,Nordeste,PB,João Pessoa,32.1,37.0,28.4,72.1,88.8,23.1,0,Médio
2024,5,2024-05-01,Centro-Oeste,DF,Brasília,24.1,28.7,20.5,161.7,66.8,3.7,4,Crítico
2024,5,2024-05-01,Centro-Oeste,GO,Goiânia,20.4,26.6,15.8,55.9,57.5,21.8,1,Crítico
2024,5,2024-05-01,Centro-Oeste,GO,Aparecida de Goiânia,26.8,31.9,20.8,92.1,35.0,17.7,1,Crítico
2024,5,2024-05-01,Centro-Oeste,MT,Cuiabá,28.8,34.0,23.7,76.5,80.5,24.6,6,Baixo
2024,5,2024-05-01,Centro-Oeste,MS,Campo Grande,31.5,38.2,27.3,33.5,82.5,2.8,0,Médio
2024,5,2024-05-01,Sudeste,SP,São Paulo,26.4,33.7,21.3,189.6,72.8,14.1,3,Alto
2024,5,2024-05-01,Sudeste,SP,Campinas,32.3,35.6,28.2,146.7,62.1,11.0,3,Crítico
2024,5,2024-05-01,Sudeste,SP,Ribeirão Preto,18.1,22.6,13.1,60.7,95.2,20.7,2,Crítico
2024,5,2024-05-01,Sudeste,RJ,Rio de Janeiro,27.0,33.2,23.9,267.4,64.9,7.6,3,Crítico
2024,5,2024-05-01,Sudeste,RJ,Niterói,28.6,34.4,24.2,75.3,83.7,24.4,0,Médio
2024,5,2024-05-01,Sudeste,RJ,Nova Iguaçu,19.7,26.0,14.9,151.8,62.0,9.7,4,Baixo
2024,5,2024-05-01,Sudeste,RJ,Petrópolis,16.7,21.6,10.4,230.8,72.6,17.6,4,Alto
2024,5,2024-05-01,Sudeste,MG,Belo Horizonte,27.7,31.2,23.0,30.8,81.3,5.4,4,Crítico
2024,5,2024-05-01,Sudeste,MG,Uberlândia,24.3,27.4,20.4,117.6,59.3,8.7,0,Crítico
2024,5,2024-05-01,Sudeste,MG,Juiz de Fora,27.7,31.5,24.2,43.9,62.5,24.4,1,Alto
2024,5,2024-05-01,Sudeste,ES,Vitória,30.3,37.0,24.1,41.1,60.1,28.5,3,Médio
2024,5,2024-05-01,Sudeste,ES,Vila Velha,25.2,31.8,21.7,108.5,39.4,33.0,2,Médio
2024,5,2024-05-01,Sudeste,ES,Serra,23.7,28.3,17.3,91.0,66.5,21.9,2,Baixo
2024,5,2024-05-01,Sul,PR,Curitiba,26.4,31.8,23.2,107.9,91.1,16.6,0,Crítico
2024,5,2024-05-01,Sul,PR,Londrina,22.9,27.8,16.7,56.2,91.5,24.4,5,Baixo
2024,5,2024-05-01,Sul,SC,Florianópolis,18.3,25.5,11.9,237.4,72.0,18.6,1,Médio
2024,5,2024-05-01,Sul,SC,Joinville,24.3,28.7,18.7,94.1,63.9,14.8,1,Baixo
2024,5,2024-05-01,Sul,RS,Porto Alegre,27.5,34.4,23.4,78.4,56.4,2.2,1,Baixo
2024,5,2024-05-01,Sul,RS,Caxias do Sul,24.0,31.5,19.7,49.3,97.0,15.2,3,Crítico
2024,6,2024-06-01,Norte,AM,Manaus,27.6,31.1,22.3,200.5,59.5,19.1,4,Baixo
2024,6,2024-06-01,Norte,PA,Belém,25.7,32.3,19.9,70.5,72.1,9.0,1,Médio
2024,6,2024-06-01,Norte,PA,Santarém,31.2,37.9,27.1,52.6,66.5,33.9,1,Alto
2024,6,2024-06-01,Norte,RO,Porto Velho,23.2,28.5,18.9,155.1,52.2,11.2,0,Alto
2024,6,2024-06-01,Norte,TO,Palmas,30.4,33.6,27.4,157.2,55.8,6.9,3,Baixo
2024,6,2024-06-01,Nordeste,BA,Salvador,25.9,29.4,22.2,76.5,78.7,19.0,1,Alto
2024,6,2024-06-01,Nordeste,BA,Feira de Santana,23.7,29.0,18.3,173.4,67.8,11.6,3,Baixo
2024,6,2024-06-01,Nordeste,PE,Recife,26.7,34.6,20.4,47.0,66.4,7.3,2,Baixo
2024,6,2024-06-01,Nordeste,PE,Jaboatão dos Guararapes,20.2,24.2,16.1,143.4,37.7,20.0,1,Médio
2024,6,2024-06-01,Nordeste,CE,Fortaleza,24.7,28.6,20.5,97.8,95.9,6.4,2,Baixo
2024,6,2024-06-01,Nordeste,CE,Juazeiro do Norte,19.1,22.4,12.6,75.0,88.1,17.8,1,Crítico
2024,6,2024-06-01,Nordeste,MA,São Luís,25.6,29.2,21.0,51.3,41.3,22.5,0,Médio
2024,6,2024-06-01,Nordeste,PB,João Pessoa,26.5,33.4,20.1,153.5,37.1,24.0,1,Alto
2024,6,2024-06-01,Centro-Oeste,DF,Brasília,27.5,32.4,23.6,212.5,36.8,4.9,3,Alto
2024,6,2024-06-01,Centro-Oeste,GO,Goiânia,27.4,34.0,22.8,35.2,96.1,18.8,1,Alto
2024,6,2024-06-01,Centro-Oeste,GO,Aparecida de Goiânia,25.8,33.1,19.6,20.3,67.6,12.3,3,Alto
2024,6,2024-06-01,Centro-Oeste,MT,Cuiabá,16.7,20.2,12.9,256.9,63.2,30.1,2,Alto
2024,6,2024-06-01,Centro-Oeste,MS,Campo Grande,24.3,28.4,17.8,238.4,58.9,29.5,3,Alto
2024,6,2024-06-01,Sudeste,SP,São Paulo,21.0,24.5,16.1,112.5,82.4,22.9,3,Baixo
2024,6,2024-06-01,Sudeste,SP,Campinas,25.2,31.6,19.4,114.1,67.5,3.1,6,Alto
2024,6,2024-06-01,Sudeste,SP,Ribeirão Preto,32.5,35.8,27.1,21.8,69.3,28.4,4,Médio
2024,6,2024-06-01,Sudeste,RJ,Rio de Janeiro,32.9,39.6,29.1,96.4,53.2,10.0,0,Baixo
2024,6,2024-06-01,Sudeste,RJ,Niterói,28.0,33.4,24.0,21.7,61.3,3.7,4,Baixo
2024,6,2024-06-01,Sudeste,RJ,Nova Iguaçu,27.2,34.7,20.6,47.4,43.3,17.3,2,Crítico
2024,6,2024-06-01,Sudeste,RJ,Petrópolis,30.2,34.0,26.8,98.2,84.9,4.0,2,Alto
2024,6,2024-06-01,Sudeste,MG,Belo Horizonte,18.2,26.1,14.3,98.1,73.3,30.9,1,Alto
2024,6,2024-06-01,Sudeste,MG,Uberlândia,14.5,18.1,10.7,34.7,88.4,26.2,5,Baixo
2024,6,2024-06-01,Sudeste,MG,Juiz de Fora,24.7,29.0,19.8,65.4,80.4,6.2,1,Médio
2024,6,2024-06-01,Sudeste,ES,Vitória,24.6,30.1,18.1,55.7,62.5,24.6,2,Médio
2024,6,2024-06-01,Sudeste,ES,Vila Velha,24.0,28.9,19.8,135.8,88.6,6.8,3,Médio
2024,6,2024-06-01,Sudeste,ES,Serra,23.1,28.6,18.8,152.9,87.7,27.8,2,Crítico
2024,6,2024-06-01,Sul,PR,Curitiba,26.1,31.7,20.4,126.8,38.1,13.1,2,Baixo
2024,6,2024-06-01,Sul,PR,Londrina,28.8,36.0,22.4,67.1,48.5,27.3,1,Alto
2024,6,2024-06-01,Sul,SC,Florianópolis,38.3,43.0,31.3,126.5,81.9,28.0,3,Alto
2024,6,2024-06-01,Sul,SC,Joinville,29.8,34.9,23.9,86.1,37.0,26.3,1,Alto
2024,6,2024-06-01,Sul,RS,Porto Alegre,25.6,33.4,19.8,168.0,47.7,11.7,1,Alto
2024,6,2024-06-01,Sul,RS,Caxias do Sul,32.1,35.9,27.4,85.9,39.9,31.1,3,Crítico
2024,7,2024-07-01,Norte,AM,Manaus,21.2,26.2,15.6,158.5,76.5,6.8,0,Alto
2024,7,2024-07-01,Norte,PA,Belém,33.5,41.0,27.6,158.6,87.1,2.4,4,Médio
2024,7,2024-07-01,Norte,PA,Santarém,26.0,32.0,21.7,54.0,95.9,34.6,0,Baixo
2024,7,2024-07-01,Norte,RO,Porto Velho,26.9,31.1,23.6,109.5,49.6,11.5,2,Alto
2024,7,2024-07-01,Norte,TO,Palmas,25.7,32.0,21.6,83.0,55.8,7.0,0,Crítico
2024,7,2024-07-01,Nordeste,BA,Salvador,28.3,33.6,21.9,29.5,71.3,29.6,4,Crítico
2024,7,2024-07-01,Nordeste,BA,Feira de Santana,33.2,38.9,29.7,167.8,93.2,11.7,4,Médio
2024,7,2024-07-01,Nordeste,PE,Recife,29.9,37.7,23.9,129.4,67.0,28.2,4,Alto
2024,7,2024-07-01,Nordeste,PE,Jaboatão dos Guararapes,20.4,25.9,15.0,80.7,36.4,9.6,5,Crítico
2024,7,2024-07-01,Nordeste,CE,Fortaleza,20.0,26.5,13.3,41.3,42.3,7.6,0,Crítico
2024,7,2024-07-01,Nordeste,CE,Juazeiro do Norte,27.2,30.4,23.8,118.5,93.9,32.8,2,Médio
2024,7,2024-07-01,Nordeste,MA,São Luís,23.6,29.3,17.0,339.6,57.1,30.8,1,Médio
2024,7,2024-07-01,Nordeste,PB,João Pessoa,26.4,29.5,20.8,141.7,79.3,29.5,1,Médio
2024,7,2024-07-01,Centro-Oeste,DF,Brasília,30.5,34.8,27.0,117.3,63.5,27.6,5,Médio
2024,7,2024-07-01,Centro-Oeste,GO,Goiânia,22.0,29.3,18.4,164.6,45.4,23.9,1,Médio
2024,7,2024-07-01,Centro-Oeste,GO,Aparecida de Goiânia,28.4,34.7,22.7,146.0,78.9,4.5,0,Crítico
2024,7,2024-07-01,Centro-Oeste,MT,Cuiabá,26.0,33.8,19.2,95.4,58.3,4.9,1,Baixo
2024,7,2024-07-01,Centro-Oeste,MS,Campo Grande,18.9,23.4,14.9,95.0,96.8,14.9,0,Médio
2024,7,2024-07-01,Sudeste,SP,São Paulo,18.2,21.5,13.3,324.0,85.7,20.7,2,Alto
2024,7,2024-07-01,Sudeste,SP,Campinas,22.4,27.4,16.1,35.5,54.3,4.7,2,Alto
2024,7,2024-07-01,Sudeste,SP,Ribeirão Preto,23.8,27.2,19.6,72.7,45.7,30.7,1,Médio
2024,7,2024-07-01,Sudeste,RJ,Rio de Janeiro,27.3,33.3,21.0,171.5,95.3,27.7,2,Médio
2024,7,2024-07-01,Sudeste,RJ,Niterói,23.3,28.3,17.9,143.7,53.6,28.4,1,Crítico
2024,7,2024-07-01,Sudeste,RJ,Nova Iguaçu,22.7,26.9,17.8,37.7,46.7,3.2,4,Baixo
2024,7,2024-07-01,Sudeste,RJ,Petrópolis,22.0,29.9,16.3,87.0,82.0,28.0,1,Crítico
2024,7,2024-07-01,Sudeste,MG,Belo Horizonte,22.6,27.7,16.1,37.2,42.5,3.9,4,Baixo
2024,7,2024-07-01,Sudeste,MG,Uberlândia,26.2,31.1,22.3,141.6,38.1,21.8,0,Baixo
2024,7,2024-07-01,Sudeste,MG,Juiz de Fora,31.3,35.3,26.6,93.3,93.1,3.2,4,Baixo
2024,7,2024-07-01,Sudeste,ES,Vitória,19.9,23.0,16.1,58.2,46.2,19.6,2,Alto
2024,7,2024-07-01,Sudeste,ES,Vila Velha,21.6,29.6,15.7,87.1,84.2,10.3,2,Alto
2024,7,2024-07-01,Sudeste,ES,Serra,32.8,39.2,27.0,75.4,84.6,32.2,1,Crítico
2024,7,2024-07-01,Sul,PR,Curitiba,19.1,22.4,15.5,227.8,66.9,24.5,1,Alto
2024,7,2024-07-01,Sul,PR,Londrina,22.2,26.1,16.9,131.4,66.6,20.6,4,Crítico
2024,7,2024-07-01,Sul,SC,Florianópolis,31.1,37.0,26.5,48.1,74.1,8.2,0,Médio
2024,7,2024-07-01,Sul,SC,Joinville,21.3,24.3,17.4,136.7,80.0,25.1,1,Alto
2024,7,2024-07-01,Sul,RS,Porto Alegre,23.1,30.2,17.0,60.7,51.9,11.6,1,Crítico
2024,7,2024-07-01,Sul,RS,Caxias do Sul,17.7,25.3,13.3,69.7,81.9,33.8,2,Médio
2024,8,2024-08-01,Norte,AM,Manaus,25.5,30.2,18.7,41.8,42.7,5.5,1,Alto
2024,8,2024-08-01,Norte,PA,Belém,27.5,35.3,21.3,160.9,43.5,22.6,1,Médio
2024,8,2024-08-01,Norte,PA,Santarém,24.0,29.6,21.0,116.6,77.6,24.4,0,Baixo
2024,8,2024-08-01,Norte,RO,Porto Velho,27.7,31.1,22.5,144.5,80.2,5.6,1,Crítico
2024,8,2024-08-01,Norte,TO,Palmas,27.0,32.5,22.6,70.7,68.6,32.4,2,Crítico
2024,8,2024-08-01,Nordeste,BA,Salvador,27.7,34.8,23.0,199.1,79.1,25.7,2,Alto
2024,8,2024-08-01,Nordeste,BA,Feira de Santana,25.8,29.3,21.2,28.4,97.4,17.6,1,Baixo
2024,8,2024-08-01,Nordeste,PE,Recife,27.1,32.6,21.6,77.1,60.8,23.5,2,Médio
2024,8,2024-08-01,Nordeste,PE,Jaboatão dos Guararapes,26.8,29.9,20.9,47.1,78.9,18.2,2,Baixo
2024,8,2024-08-01,Nordeste,CE,Fortaleza,20.9,24.1,14.3,76.9,57.0,34.0,4,Médio
2024,8,2024-08-01,Nordeste,CE,Juazeiro do Norte,28.4,36.0,25.3,54.3,63.0,28.1,1,Baixo
2024,8,2024-08-01,Nordeste,MA,São Luís,25.1,29.0,21.4,144.6,71.3,34.7,4,Baixo
2024,8,2024-08-01,Nordeste,PB,João Pessoa,27.6,34.5,20.7,144.6,86.9,27.2,3,Alto
2024,8,2024-08-01,Centro-Oeste,DF,Brasília,19.2,25.0,12.7,41.6,48.6,3.7,0,Alto
2024,8,2024-08-01,Centro-Oeste,GO,Goiânia,25.4,28.9,20.0,134.0,54.6,16.2,1,Alto
2024,8,2024-08-01,Centro-Oeste,GO,Aparecida de Goiânia,26.6,34.2,20.9,166.4,66.1,4.5,3,Médio
2024,8,2024-08-01,Centro-Oeste,MT,Cuiabá,20.5,26.5,16.7,98.7,37.5,4.5,6,Médio
2024,8,2024-08-01,Centro-Oeste,MS,Campo Grande,26.1,29.6,20.0,31.2,48.7,27.6,2,Alto
2024,8,2024-08-01,Sudeste,SP,São Paulo,20.1,26.8,15.8,71.8,67.1,7.1,2,Baixo
2024,8,2024-08-01,Sudeste,SP,Campinas,33.0,40.2,27.3,164.9,52.3,17.1,1,Baixo
2024,8,2024-08-01,Sudeste,SP,Ribeirão Preto,25.0,30.6,19.9,65.6,80.7,6.8,0,Alto
2024,8,2024-08-01,Sudeste,RJ,Rio de Janeiro,23.6,30.6,18.3,58.5,74.3,30.3,1,Alto
2024,8,2024-08-01,Sudeste,RJ,Niterói,24.9,32.7,18.0,93.2,50.2,8.1,4,Médio
2024,8,2024-08-01,Sudeste,RJ,Nova Iguaçu,27.5,30.7,21.0,63.1,36.7,7.4,1,Alto
2024,8,2024-08-01,Sudeste,RJ,Petrópolis,28.3,33.9,22.9,95.8,96.0,7.9,0,Crítico
2024,8,2024-08-01,Sudeste,MG,Belo Horizonte,24.7,30.8,21.0,129.4,66.0,5.1,2,Baixo
2024,8,2024-08-01,Sudeste,MG,Uberlândia,24.8,30.8,19.2,65.0,74.6,21.2,1,Médio
2024,8,2024-08-01,Sudeste,MG,Juiz de Fora,24.2,30.7,18.6,126.5,66.3,19.3,0,Médio
2024,8,2024-08-01,Sudeste,ES,Vitória,25.6,30.7,22.3,83.4,81.4,29.1,2,Alto
2024,8,2024-08-01,Sudeste,ES,Vila Velha,25.5,32.0,20.0,72.9,39.5,15.9,1,Crítico
2024,8,2024-08-01,Sudeste,ES,Serra,22.8,28.6,16.3,63.8,68.5,10.1,2,Baixo
2024,8,2024-08-01,Sul,PR,Curitiba,30.7,33.9,26.1,15.6,84.7,26.8,1,Alto
2024,8,2024-08-01,Sul,PR,Londrina,32.9,36.7,29.2,80.1,38.8,14.7,3,Alto
2024,8,2024-08-01,Sul,SC,Florianópolis,24.3,29.2,19.4,51.3,52.5,21.0,4,Baixo
2024,8,2024-08-01,Sul,SC,Joinville,17.6,22.6,11.4,72.5,63.5,16.0,4,Crítico
2024,8,2024-08-01,Sul,RS,Porto Alegre,26.1,31.5,20.8,39.7,77.4,15.8,3,Alto
2024,8,2024-08-01,Sul,RS,Caxias do Sul,29.2,36.4,22.3,153.0,46.1,17.2,5,Alto
2024,9,2024-09-01,Norte,AM,Manaus,22.3,27.4,18.2,65.1,67.1,25.4,1,Baixo
2024,9,2024-09-01,Norte,PA,Belém,21.4,28.1,14.7,79.9,56.5,23.8,1,Baixo
2024,9,2024-09-01,Norte,PA,Santarém,21.7,28.4,17.1,31.9,40.6,5.4,2,Alto
2024,9,2024-09-01,Norte,RO,Porto Velho,23.1,26.5,18.7,157.6,42.4,34.3,0,Alto
2024,9,2024-09-01,Norte,TO,Palmas,22.1,28.8,16.2,62.6,72.7,22.8,0,Crítico
2024,9,2024-09-01,Nordeste,BA,Salvador,24.9,30.2,19.3,155.6,50.7,14.4,2,Alto
2024,9,2024-09-01,Nordeste,BA,Feira de Santana,32.0,37.8,26.9,105.9,47.8,35.0,4,Alto
2024,9,2024-09-01,Nordeste,PE,Recife,19.3,26.7,12.4,33.1,39.3,23.4,4,Baixo
2024,9,2024-09-01,Nordeste,PE,Jaboatão dos Guararapes,27.8,31.2,23.9,93.5,39.1,11.2,0,Alto
2024,9,2024-09-01,Nordeste,CE,Fortaleza,23.3,29.4,17.1,84.0,47.5,19.7,1,Médio
2024,9,2024-09-01,Nordeste,CE,Juazeiro do Norte,26.0,32.7,21.9,62.6,66.2,21.6,1,Alto
2024,9,2024-09-01,Nordeste,MA,São Luís,21.8,25.5,15.4,78.7,53.9,31.7,1,Alto
2024,9,2024-09-01,Nordeste,PB,João Pessoa,20.7,25.0,16.9,115.2,90.7,18.6,0,Baixo
2024,9,2024-09-01,Centro-Oeste,DF,Brasília,28.6,36.5,21.9,73.2,78.9,25.2,1,Crítico
2024,9,2024-09-01,Centro-Oeste,GO,Goiânia,22.3,26.4,18.1,112.4,68.3,16.0,4,Alto
2024,9,2024-09-01,Centro-Oeste,GO,Aparecida de Goiânia,24.4,31.4,21.1,143.2,96.2,27.4,1,Alto
2024,9,2024-09-01,Centro-Oeste,MT,Cuiabá,23.3,26.3,16.3,158.9,68.8,14.3,1,Médio
2024,9,2024-09-01,Centro-Oeste,MS,Campo Grande,29.5,35.6,25.5,135.1,87.8,21.9,3,Alto
2024,9,2024-09-01,Sudeste,SP,São Paulo,20.6,26.3,17.3,88.9,93.3,6.0,1,Crítico
2024,9,2024-09-01,Sudeste,SP,Campinas,21.1,27.9,17.9,124.6,44.8,25.5,1,Crítico
2024,9,2024-09-01,Sudeste,SP,Ribeirão Preto,26.3,32.4,20.4,115.6,57.9,11.7,3,Baixo
2024,9,2024-09-01,Sudeste,RJ,Rio de Janeiro,21.5,25.5,15.7,81.3,52.4,32.4,2,Alto
2024,9,2024-09-01,Sudeste,RJ,Niterói,21.5,28.8,14.9,111.1,52.3,3.7,3,Médio
2024,9,2024-09-01,Sudeste,RJ,Nova Iguaçu,24.8,32.4,21.1,105.5,69.6,17.0,1,Crítico
2024,9,2024-09-01,Sudeste,RJ,Petrópolis,26.9,30.3,22.6,135.6,89.5,20.6,1,Crítico
2024,9,2024-09-01,Sudeste,MG,Belo Horizonte,25.2,32.7,20.3,28.8,57.9,4.3,6,Médio
2024,9,2024-09-01,Sudeste,MG,Uberlândia,36.7,41.2,29.9,26.6,47.5,28.3,5,Alto
2024,9,2024-09-01,Sudeste,MG,Juiz de Fora,24.8,32.5,20.0,75.4,51.0,28.1,1,Médio
2024,9,2024-09-01,Sudeste,ES,Vitória,19.7,25.0,13.1,51.0,74.8,13.8,1,Crítico
2024,9,2024-09-01,Sudeste,ES,Vila Velha,19.0,22.0,12.1,166.6,48.6,30.5,4,Crítico
2024,9,2024-09-01,Sudeste,ES,Serra,27.6,34.2,22.1,60.2,83.2,34.3,0,Médio
2024,9,2024-09-01,Sul,PR,Curitiba,19.6,25.8,14.1,260.9,53.5,10.3,4,Crítico
2024,9,2024-09-01,Sul,PR,Londrina,33.0,37.6,29.0,123.3,45.0,28.9,5,Baixo
2024,9,2024-09-01,Sul,SC,Florianópolis,27.0,34.9,20.3,56.9,90.1,20.6,0,Baixo
2024,9,2024-09-01,Sul,SC,Joinville,27.2,30.5,20.4,141.6,82.6,7.8,1,Crítico
2024,9,2024-09-01,Sul,RS,Porto Alegre,16.1,23.2,10.8,95.7,56.9,23.2,1,Crítico
2024,9,2024-09-01,Sul,RS,Caxias do Sul,29.7,36.9,23.4,127.1,80.8,3.5,0,Alto
2024,10,2024-10-01,Norte,AM,Manaus,26.1,33.7,21.1,150.5,83.1,15.5,3,Crítico
2024,10,2024-10-01,Norte,PA,Belém,21.8,26.3,17.4,39.2,36.2,10.3,0,Crítico
2024,10,2024-10-01,Norte,PA,Santarém,32.0,37.4,25.6,86.8,75.0,26.1,1,Crítico
2024,10,2024-10-01,Norte,RO,Porto Velho,27.9,33.3,22.5,69.1,92.4,10.1,0,Crítico
2024,10,2024-10-01,Norte,TO,Palmas,27.9,35.4,23.4,188.6,74.2,23.1,1,Alto
2024,10,2024-10-01,Nordeste,BA,Salvador,21.8,29.2,14.9,62.4,75.3,30.8,4,Crítico
2024,10,2024-10-01,Nordeste,BA,Feira de Santana,29.1,35.0,25.2,69.8,90.7,21.0,4,Crítico
2024,10,2024-10-01,Nordeste,PE,Recife,27.4,31.5,20.6,120.8,64.2,11.7,1,Médio
2024,10,2024-10-01,Nordeste,PE,Jaboatão dos Guararapes,24.8,29.0,21.3,62.2,59.3,26.2,1,Crítico
2024,10,2024-10-01,Nordeste,CE,Fortaleza,25.6,28.6,18.9,309.9,93.6,27.5,1,Crítico
2024,10,2024-10-01,Nordeste,CE,Juazeiro do Norte,31.4,35.2,27.2,87.2,45.2,6.2,1,Médio
2024,10,2024-10-01,Nordeste,MA,São Luís,22.6,28.8,18.2,110.8,73.7,23.1,1,Alto
2024,10,2024-10-01,Nordeste,PB,João Pessoa,35.6,42.3,30.0,160.7,47.3,17.9,0,Crítico
2024,10,2024-10-01,Centro-Oeste,DF,Brasília,23.3,26.5,18.2,59.6,78.9,12.5,1,Alto
2024,10,2024-10-01,Centro-Oeste,GO,Goiânia,22.1,29.9,17.1,31.0,89.1,21.4,3,Baixo
2024,10,2024-10-01,Centro-Oeste,GO,Aparecida de Goiânia,28.0,31.8,21.8,26.7,55.9,6.4,1,Crítico
2024,10,2024-10-01,Centro-Oeste,MT,Cuiabá,22.7,30.4,16.8,148.5,80.9,33.7,0,Crítico
2024,10,2024-10-01,Centro-Oeste,MS,Campo Grande,30.2,34.9,24.5,108.7,87.9,15.9,2,Baixo
2024,10,2024-10-01,Sudeste,SP,São Paulo,26.2,32.2,21.6,115.8,88.8,2.7,1,Alto
2024,10,2024-10-01,Sudeste,SP,Campinas,17.8,20.9,12.4,49.1,44.2,25.7,3,Baixo
2024,10,2024-10-01,Sudeste,SP,Ribeirão Preto,26.2,31.5,20.3,141.2,48.8,20.7,1,Médio
2024,10,2024-10-01,Sudeste,RJ,Rio de Janeiro,29.4,33.9,25.5,73.5,51.0,12.3,1,Crítico
2024,10,2024-10-01,Sudeste,RJ,Niterói,27.9,34.3,23.0,84.3,66.4,19.6,1,Médio
2024,10,2024-10-01,Sudeste,RJ,Nova Iguaçu,25.1,31.4,20.4,135.0,48.4,6.6,4,Crítico
2024,10,2024-10-01,Sudeste,RJ,Petrópolis,28.7,31.8,25.0,47.9,52.2,10.5,7,Crítico
2024,10,2024-10-01,Sudeste,MG,Belo Horizonte,25.9,33.8,19.2,72.6,69.0,30.4,5,Médio
2024,10,2024-10-01,Sudeste,MG,Uberlândia,19.4,24.9,15.1,119.1,75.5,14.4,3,Crítico
2024,10,2024-10-01,Sudeste,MG,Juiz de Fora,22.0,28.5,15.2,265.8,38.9,22.9,1,Médio
2024,10,2024-10-01,Sudeste,ES,Vitória,22.8,30.5,18.8,29.3,47.1,33.0,0,Médio
2024,10,2024-10-01,Sudeste,ES,Vila Velha,22.2,28.7,17.4,59.5,91.8,29.9,5,Baixo
2024,10,2024-10-01,Sudeste,ES,Serra,30.3,37.1,23.4,125.6,51.2,17.5,2,Médio
2024,10,2024-10-01,Sul,PR,Curitiba,24.0,31.5,19.4,81.4,50.1,20.1,1,Crítico
2024,10,2024-10-01,Sul,PR,Londrina,23.0,27.2,19.8,147.1,67.3,23.4,4,Crítico
2024,10,2024-10-01,Sul,SC,Florianópolis,27.0,31.2,22.9,72.7,42.0,3.2,2,Baixo
2024,10,2024-10-01,Sul,SC,Joinville,20.0,27.2,13.7,42.3,96.1,29.3,0,Crítico
2024,10,2024-10-01,Sul,RS,Porto Alegre,26.4,31.9,21.6,178.6,51.5,13.5,2,Crítico
2024,10,2024-10-01,Sul,RS,Caxias do Sul,31.3,35.2,28.3,117.0,42.7,6.9,4,Alto
2024,11,2024-11-01,Norte,AM,Manaus,21.8,29.6,18.2,35.5,66.4,4.7,1,Médio
2024,11,2024-11-01,Norte,PA,Belém,24.4,30.0,18.0,75.0,83.5,7.7,0,Baixo
2024,11,2024-11-01,Norte,PA,Santarém,25.4,32.5,20.1,216.0,57.7,33.8,3,Médio
2024,11,2024-11-01,Norte,RO,Porto Velho,22.0,30.0,18.7,63.9,45.4,6.6,1,Crítico
2024,11,2024-11-01,Norte,TO,Palmas,24.1,29.8,18.1,64.6,44.3,14.7,2,Alto
2024,11,2024-11-01,Nordeste,BA,Salvador,25.3,28.5,21.3,75.3,61.0,31.4,1,Alto
2024,11,2024-11-01,Nordeste,BA,Feira de Santana,26.0,29.1,19.7,124.2,90.4,34.6,2,Médio
2024,11,2024-11-01,Nordeste,PE,Recife,26.9,29.9,22.3,255.4,70.4,30.2,1,Baixo
2024,11,2024-11-01,Nordeste,PE,Jaboatão dos Guararapes,20.0,25.4,13.6,81.1,73.5,30.2,2,Médio
2024,11,2024-11-01,Nordeste,CE,Fortaleza,20.2,26.9,14.9,129.9,72.5,3.2,3,Baixo
2024,11,2024-11-01,Nordeste,CE,Juazeiro do Norte,28.3,33.4,22.3,70.9,37.6,29.3,2,Alto
2024,11,2024-11-01,Nordeste,MA,São Luís,25.1,28.4,18.9,55.2,76.1,32.6,3,Alto
2024,11,2024-11-01,Nordeste,PB,João Pessoa,25.1,30.2,18.9,64.5,65.5,30.0,2,Baixo
2024,11,2024-11-01,Centro-Oeste,DF,Brasília,25.5,30.1,21.5,130.3,73.9,13.6,1,Crítico
2024,11,2024-11-01,Centro-Oeste,GO,Goiânia,22.5,30.4,17.8,57.3,91.7,20.5,3,Médio
2024,11,2024-11-01,Centro-Oeste,GO,Aparecida de Goiânia,21.2,28.7,14.7,59.3,75.2,32.9,2,Alto
2024,11,2024-11-01,Centro-Oeste,MT,Cuiabá,22.4,29.4,16.4,44.5,40.1,34.0,0,Crítico
2024,11,2024-11-01,Centro-Oeste,MS,Campo Grande,20.4,28.4,14.7,25.5,68.0,8.6,5,Baixo
2024,11,2024-11-01,Sudeste,SP,São Paulo,20.5,24.4,15.4,110.7,66.4,16.7,1,Baixo
2024,11,2024-11-01,Sudeste,SP,Campinas,23.6,28.1,19.4,28.5,54.4,6.2,0,Médio
2024,11,2024-11-01,Sudeste,SP,Ribeirão Preto,29.3,34.9,24.7,35.4,55.1,18.7,1,Baixo
2024,11,2024-11-01,Sudeste,RJ,Rio de Janeiro,24.0,28.7,18.8,128.2,86.5,29.4,1,Baixo
2024,11,2024-11-01,Sudeste,RJ,Niterói,27.0,32.4,21.0,66.0,97.2,33.7,3,Baixo
2024,11,2024-11-01,Sudeste,RJ,Nova Iguaçu,35.5,42.1,30.0,111.2,60.5,34.2,1,Baixo
2024,11,2024-11-01,Sudeste,RJ,Petrópolis,23.5,27.9,16.8,56.0,72.6,25.3,0,Crítico
2024,11,2024-11-01,Sudeste,MG,Belo Horizonte,21.1,28.8,15.4,48.9,79.1,21.9,4,Crítico
2024,11,2024-11-01,Sudeste,MG,Uberlândia,25.2,31.6,21.3,79.6,45.3,23.4,2,Alto
2024,11,2024-11-01,Sudeste,MG,Juiz de Fora,22.1,25.4,19.0,68.0,64.2,4.9,2,Baixo
2024,11,2024-11-01,Sudeste,ES,Vitória,26.1,32.4,21.3,65.8,83.6,12.0,1,Médio
2024,11,2024-11-01,Sudeste,ES,Vila Velha,23.2,31.0,17.0,37.8,59.4,26.9,1,Crítico
2024,11,2024-11-01,Sudeste,ES,Serra,27.6,33.6,23.6,189.7,97.5,24.9,0,Crítico
2024,11,2024-11-01,Sul,PR,Curitiba,22.8,27.9,16.0,48.1,46.8,27.9,2,Crítico
2024,11,2024-11-01,Sul,PR,Londrina,27.2,34.5,21.8,94.0,77.7,16.2,3,Médio
2024,11,2024-11-01,Sul,SC,Florianópolis,32.8,37.8,25.8,76.8,87.0,28.0,1,Médio
2024,11,2024-11-01,Sul,SC,Joinville,27.6,33.8,22.4,134.2,51.4,9.4,2,Baixo
2024,11,2024-11-01,Sul,RS,Porto Alegre,25.8,29.4,21.5,112.2,93.9,27.6,1,Médio
2024,11,2024-11-01,Sul,RS,Caxias do Sul,26.7,33.3,22.4,64.4,42.4,13.6,2,Alto
2024,12,2024-12-01,Norte,AM,Manaus,26.8,33.4,20.5,169.3,89.6,22.9,0,Alto
2024,12,2024-12-01,Norte,PA,Belém,23.5,27.6,18.1,31.6,79.8,12.7,4,Alto
2024,12,2024-12-01,Norte,PA,Santarém,23.4,26.9,19.1,32.3,82.0,4.2,1,Crítico
2024,12,2024-12-01,Norte,RO,Porto Velho,27.3,30.7,21.1,197.3,79.2,20.8,1,Crítico
2024,12,2024-12-01,Norte,TO,Palmas,21.4,25.4,17.0,42.5,86.3,34.3,2,Crítico
2024,12,2024-12-01,Nordeste,BA,Salvador,26.1,33.0,22.8,75.4,37.6,21.2,5,Baixo
2024,12,2024-12-01,Nordeste,BA,Feira de Santana,23.5,28.6,18.6,201.2,49.5,4.9,1,Alto
2024,12,2024-12-01,Nordeste,PE,Recife,21.1,27.5,15.5,126.4,53.2,27.4,1,Médio
2024,12,2024-12-01,Nordeste,PE,Jaboatão dos Guararapes,20.8,26.5,16.5,68.3,53.6,20.2,0,Médio
2024,12,2024-12-01,Nordeste,CE,Fortaleza,18.5,24.8,11.8,113.1,45.2,30.9,3,Crítico
2024,12,2024-12-01,Nordeste,CE,Juazeiro do Norte,21.3,26.4,16.1,101.1,62.5,3.7,2,Crítico
2024,12,2024-12-01,Nordeste,MA,São Luís,28.3,32.6,24.6,104.7,64.8,30.1,2,Alto
2024,12,2024-12-01,Nordeste,PB,João Pessoa,16.9,22.1,12.7,70.0,83.8,30.8,3,Médio
2024,12,2024-12-01,Centro-Oeste,DF,Brasília,17.3,24.8,14.2,151.9,61.0,15.0,3,Crítico
2024,12,2024-12-01,Centro-Oeste,GO,Goiânia,24.7,28.6,20.2,95.1,77.2,6.5,3,Médio
2024,12,2024-12-01,Centro-Oeste,GO,Aparecida de Goiânia,20.3,25.4,13.9,75.5,66.0,20.2,0,Crítico
2024,12,2024-12-01,Centro-Oeste,MT,Cuiabá,25.8,31.1,22.7,174.8,64.0,13.4,6,Médio
2024,12,2024-12-01,Centro-Oeste,MS,Campo Grande,20.6,24.0,17.1,86.4,42.6,7.4,3,Médio
2024,12,2024-12-01,Sudeste,SP,São Paulo,20.7,26.1,14.4,115.0,36.7,5.6,1,Crítico
2024,12,2024-12-01,Sudeste,SP,Campinas,28.6,34.8,24.8,27.2,53.0,5.7,0,Crítico
2024,12,2024-12-01,Sudeste,SP,Ribeirão Preto,27.3,30.9,20.8,44.7,64.3,33.8,2,Crítico
2024,12,2024-12-01,Sudeste,RJ,Rio de Janeiro,26.9,34.8,21.6,98.9,93.9,12.5,0,Médio
2024,12,2024-12-01,Sudeste,RJ,Niterói,29.9,35.9,23.3,105.5,42.2,4.4,3,Médio
2024,12,2024-12-01,Sudeste,RJ,Nova Iguaçu,23.4,29.5,17.2,263.2,57.2,31.0,1,Baixo
2024,12,2024-12-01,Sudeste,RJ,Petrópolis,23.1,26.2,18.9,104.9,70.0,21.6,2,Baixo
2024,12,2024-12-01,Sudeste,MG,Belo Horizonte,20.9,24.4,15.2,20.9,93.4,16.2,1,Crítico
2024,12,2024-12-01,Sudeste,MG,Uberlândia,23.6,29.8,19.3,68.4,58.5,30.4,2,Crítico
2024,12,2024-12-01,Sudeste,MG,Juiz de Fora,27.1,34.1,21.3,100.2,82.4,25.3,3,Baixo
2024,12,2024-12-01,Sudeste,ES,Vitória,27.1,31.9,21.4,96.2,60.7,32.2,1,Médio
2024,12,2024-12-01,Sudeste,ES,Vila Velha,30.7,38.5,26.9,19.2,53.7,30.8,1,Baixo
2024,12,2024-12-01,Sudeste,ES,Serra,21.2,25.0,17.6,112.4,74.1,9.2,1,Alto
2024,12,2024-12-01,Sul,PR,Curitiba,24.8,30.1,18.0,48.2,83.9,21.2,3,Baixo
2024,12,2024-12-01,Sul,PR,Londrina,21.7,24.8,17.1,171.2,87.6,28.0,1,Baixo
2024,12,2024-12-01,Sul,SC,Florianópolis,23.2,26.3,19.4,90.6,35.8,8.9,0,Alto
2024,12,2024-12-01,Sul,SC,Joinville,23.9,29.8,19.1,35.9,96.1,26.8,5,Crítico
2024,12,2024-12-01,Sul,RS,Porto Alegre,19.8,26.9,13.1,37.4,39.9,29.1,3,Médio
2024,12,2024-12-01,Sul,RS,Caxias do Sul,25.0,31.4,19.8,142.6,86.7,8.5,2,Crítico
